Case_ID,Sample_ID,Tumor_Type,DiseaseAcronym2,Status,Symbol,Breed_info,Sample_status,Bioproject
004,SRR9911376,MT,MT,Tumor,MT SNU,Schnauzer,Frozen,PRJNA552905
004,SRR9911377,MT,MT,Normal,MT SNU,Schnauzer,Frozen,PRJNA552905
007,SRR9911361,MT,MT,Normal,MT SNU,Maltese,Frozen,PRJNA552905
007,SRR9911362,MT,MT,Tumor,MT SNU,Maltese,Frozen,PRJNA552905
008,SRR9911360,MT,MT,Normal,MT SNU,Schnauzer,Frozen,PRJNA552905
008,SRR9911371,MT,MT,Tumor,MT SNU,Schnauzer,Frozen,PRJNA552905
009,SRR9911352,MT,MT,Normal,MT SNU,Maltese,Frozen,PRJNA552905
009,SRR9911353,MT,MT,Tumor,MT SNU,Maltese,Frozen,PRJNA552905
013,SRR9911363,MT,MT,Normal,MT SNU,Maltese,Frozen,PRJNA552905
013,SRR9911364,MT,MT,Tumor,MT SNU,Maltese,Frozen,PRJNA552905
022,SRR9911365,MT,MT,Normal,MT SNU,Maltese,Frozen,PRJNA552905
022,SRR9911366,MT,MT,Tumor,MT SNU,Maltese,Frozen,PRJNA552905
024,SRR9911368,MT,MT,Tumor,MT SNU,Maltese,Frozen,PRJNA552905
024,SRR9911381,MT,MT,Normal,MT SNU,Maltese,Frozen,PRJNA552905
026,SRR9911378,MT,MT,Tumor,MT SNU,Schnauzer,Frozen,PRJNA552905
026,SRR9911379,MT,MT,Normal,MT SNU,Schnauzer,Frozen,PRJNA552905
047,SRR9911367,MT,MT,Tumor,MT SNU,Schnauzer,Frozen,PRJNA552905
047,SRR9911380,MT,MT,Normal,MT SNU,Schnauzer,Frozen,PRJNA552905
062,SRR9911369,MT,MT,Tumor,MT SNU,Schnauzer,Frozen,PRJNA552905
062,SRR9911370,MT,MT,Normal,MT SNU,Schnauzer,Frozen,PRJNA552905
063,SRR9911354,MT,MT,Normal,MT SNU,Schnauzer,Frozen,PRJNA552905
063,SRR9911355,MT,MT,Tumor,MT SNU,Schnauzer,Frozen,PRJNA552905
070,SRR9911346,MT,MT,Normal,MT SNU,Maltese,Frozen,PRJNA552905
070,SRR9911347,MT,MT,Tumor,MT SNU,Maltese,Frozen,PRJNA552905
072,SRR9911357,MT,MT,Normal,MT SNU,Maltese,Frozen,PRJNA552905
072,SRR9911358,MT,MT,Tumor,MT SNU,Maltese,Frozen,PRJNA552905
073,SRR9911350,MT,MT,Normal,MT SNU,Maltese,Frozen,PRJNA552905
073,SRR9911351,MT,MT,Tumor,MT SNU,Maltese,Frozen,PRJNA552905
088,SRR9911356,MT,MT,Normal,MT SNU,Schnauzer,Frozen,PRJNA552905
088,SRR9911359,MT,MT,Tumor,MT SNU,Schnauzer,Frozen,PRJNA552905
095,SRR9911348,MT,MT,Normal,MT SNU,Maltese,Frozen,PRJNA552905
095,SRR9911349,MT,MT,Tumor,MT SNU,Maltese,Frozen,PRJNA552905
119,SRR9911344,MT,MT,Normal,MT SNU,Maltese,Frozen,PRJNA552905
119,SRR9911345,MT,MT,Tumor,MT SNU,Maltese,Frozen,PRJNA552905
125,SRR9911342,MT,MT,Normal,MT SNU,Schnauzer,Frozen,PRJNA552905
125,SRR9911343,MT,MT,Tumor,MT SNU,Schnauzer,Frozen,PRJNA552905
132,SRR9911372,MT,MT,Tumor,MT SNU,Maltese,Frozen,PRJNA552905
132,SRR9911373,MT,MT,Normal,MT SNU,Maltese,Frozen,PRJNA552905
153,SRR9911374,MT,MT,Tumor,MT SNU,Maltese,Frozen,PRJNA552905
153,SRR9911375,MT,MT,Normal,MT SNU,Maltese,Frozen,PRJNA552905
AleKee,SAMN03732738,OSA,OSA,Normal,OSA BI,Greyhound,Frozen,PRJNA247493
AleKee,SAMN03436835,OSA,OSA,Tumor,OSA BI,Greyhound,Frozen,PRJNA247493
AllSmi,SAMN03436686,OSA,OSA,Normal,OSA BI,Greyhound,Frozen,PRJNA247493
AllSmi,SAMN03732754,OSA,OSA,Tumor,OSA BI,Greyhound,Frozen,PRJNA247493
AlvWen,SAMN03732751,OSA,OSA,Normal,OSA BI,Greyhound,Frozen,PRJNA247493
AlvWen,SAMN03436468,OSA,OSA,Tumor,OSA BI,Greyhound,Frozen,PRJNA247493
BelBer,SAMN04002390,LYM,BCL,Normal,BCL BI,Golden Retriever,Frozen,PRJNA247493
BelBer,SAMN04002385,LYM,BCL,Tumor,BCL BI,Golden Retriever,Frozen,PRJNA247493
BenGal,SAMN04002435,LYM,BCL,Normal,BCL BI,Golden Retriever,Frozen,PRJNA247493
BenGal,SAMN04002423,LYM,BCL,Tumor,BCL BI,Golden Retriever,Frozen,PRJNA247493
BENTUC,SAMN04009644,LYM,BCL,Normal,BCL BI,Golden Retriever,Frozen,PRJNA247493
BENTUC,SAMN04009636,LYM,BCL,Tumor,BCL BI,Golden Retriever,Frozen,PRJNA247493
BITRIC,SAMN04009639,LYM,BCL,Normal,BCL BI,Golden Retriever,Frozen,PRJNA247493
BITRIC,SAMN04009635,LYM,BCL,Tumor,BCL BI,Golden Retriever,Frozen,PRJNA247493
BluKim,SAMN03732776,UCL,UCL,Tumor,UCL BI,No breed provided,Frozen,PRJNA247493
BluKim,SAMN03436477,UCL,UCL,Normal,UCL BI,No breed provided,Frozen,PRJNA247493
CASLAB,SAMN04002429,LYM,BCL,Normal,BCL BI,Golden Retriever,Frozen,PRJNA247493
CASLAB,SAMN04002421,LYM,BCL,Tumor,BCL BI,Golden Retriever,Frozen,PRJNA247493
CasLea,SAMN03436847,LYM,TCL,Normal,TCL BI,Boxer,Frozen,PRJNA247493
CasLea,SAMN03436268,LYM,TCL,Tumor,TCL BI,Boxer,Frozen,PRJNA247493
CCB010005,SAMN03436630,OSA,OSA,Normal,OSA BI,Golden Retriever,Frozen,PRJNA247493
CCB010005,SAMN03436891,OSA,OSA,Tumor,OSA BI,Golden Retriever,Frozen,PRJNA247493
CCB010009,SAMN03436628,LYM,BCL,Normal,BCL BI,Golden Retriever,Frozen,PRJNA247493
CCB010009,SAMN03436465,LYM,BCL,Tumor,BCL BI,Golden Retriever,Frozen,PRJNA247493
CCB010010,SAMN03436614,LYM,BCL,Normal,BCL BI,Golden Retriever,Frozen,PRJNA247493
CCB010010,SAMN03436570,LYM,BCL,Tumor,BCL BI,Golden Retriever,Frozen,PRJNA247493
CCB010023,SAMN03436671,OSA,OSA,Normal,OSA BI,Golden Retriever,Frozen,PRJNA247493
CCB010023,SAMN03436937,OSA,OSA,Tumor,OSA BI,Golden Retriever,Frozen,PRJNA247493
CCB010024,SAMN03436817,OSA,OSA,Normal,OSA BI,Rottweiler,Frozen,PRJNA247493
CCB010024,SAMN03436716,OSA,OSA,Tumor,OSA BI,Rottweiler,Frozen,PRJNA247493
CCB010026,SAMN03436827,OSA,OSA,Normal,OSA BI,Rottweiler,Frozen,PRJNA247493
CCB010026,SAMN03436691,OSA,OSA,Tumor,OSA BI,Rottweiler,Frozen,PRJNA247493
CCB010028,SAMN03436471,LYM,TCL,Normal,TCL BI,Boxer,Frozen,PRJNA247493
CCB010028,SAMN03436679,LYM,TCL,Tumor,TCL BI,Boxer,Frozen,PRJNA247493
CCB010035,SAMN03436633,OSA,OSA,Normal,OSA BI,Golden Retriever,Frozen,PRJNA247493
CCB010035,SAMN03436631,OSA,OSA,Tumor,OSA BI,Golden Retriever,Frozen,PRJNA247493
CCB010036,SAMN03436809,LYM,BCL,Normal,BCL BI,Golden Retriever,Frozen,PRJNA247493
CCB010036,SAMN03436266,LYM,BCL,Tumor,BCL BI,Golden Retriever,Frozen,PRJNA247493
CCB010040,SAMN03436864,LYM,BCL,Normal,BCL BI,Golden Retriever,Frozen,PRJNA247493
CCB010040,SAMN03436274,LYM,BCL,Tumor,BCL BI,Golden Retriever,Frozen,PRJNA247493
CCB010054,SAMN03436773,LYM,BCL,Normal,BCL BI,Cocker Spaniel,Frozen,PRJNA247493
CCB010054,SAMN03436785,LYM,BCL,Tumor,BCL BI,Cocker Spaniel,Frozen,PRJNA247493
CCB010059,SAMN03436666,OSA,OSA,Normal,OSA BI,Golden Retriever,Frozen,PRJNA247493
CCB010059,SAMN03436611,OSA,OSA,Tumor,OSA BI,Golden Retriever,Frozen,PRJNA247493
CCB010060,SAMN03436281,OSA,OSA,Normal,OSA BI,Golden Retriever,Frozen,PRJNA247493
CCB010060,SAMN03436265,OSA,OSA,Tumor,OSA BI,Golden Retriever,Frozen,PRJNA247493
CCB010069,SAMN03436286,OSA,OSA,Normal,OSA BI,Golden Retriever,Frozen,PRJNA247493
CCB010069,SAMN03436687,OSA,OSA,Tumor,OSA BI,Golden Retriever,Frozen,PRJNA247493
CCB010089,SAMN03436271,OSA,OSA,Normal,OSA BI,Rottweiler,Frozen,PRJNA247493
CCB010089,SAMN03436646,OSA,OSA,Tumor,OSA BI,Rottweiler,Frozen,PRJNA247493
CCB010099,SAMN03436732,LYM,BCL,Normal,BCL BI,Cocker Spaniel,Frozen,PRJNA247493
CCB010099,SAMN03436534,LYM,BCL,Tumor,BCL BI,Cocker Spaniel,Frozen,PRJNA247493
CCB010102,SAMN03436820,OSA,OSA,Normal,OSA BI,Golden Retriever,Frozen,PRJNA247493
CCB010102,SAMN03436658,OSA,OSA,Tumor,OSA BI,Golden Retriever,Frozen,PRJNA247493
CCB010153,SAMN03436574,LYM,BCL,Normal,BCL BI,Golden Retriever,Frozen,PRJNA247493
CCB010153,SAMN03436668,LYM,BCL,Tumor,BCL BI,Golden Retriever,Frozen,PRJNA247493
CCB010174,SAMN03436604,UCL,UCL,Tumor,UCL BI,No breed provided,Frozen,PRJNA247493
CCB010174,SAMN03436719,UCL,UCL,Normal,UCL BI,No breed provided,Frozen,PRJNA247493
CCB010182,SAMN03436811,LYM,BCL,Normal,BCL BI,Golden Retriever,Frozen,PRJNA247493
CCB010182,SAMN03436643,LYM,BCL,Tumor,BCL BI,Golden Retriever,Frozen,PRJNA247493
CCB010214,SAMN03436554,LYM,BCL,Normal,BCL BI,Golden Retriever,Frozen,PRJNA247493
CCB010214,SAMN03436279,LYM,BCL,Tumor,BCL BI,Golden Retriever,Frozen,PRJNA247493
CCB010217,SAMN03436267,OSA,OSA,Normal,OSA BI,Rottweiler,Frozen,PRJNA247493
CCB010217,SAMN03436641,OSA,OSA,Tumor,OSA BI,Rottweiler,Frozen,PRJNA247493
CCB010233,SAMN03436654,LYM,TCL,Normal,TCL BI,Golden Retriever,Frozen,PRJNA247493
CCB010233,SAMN03436629,LYM,TCL,Tumor,TCL BI,Golden Retriever,Frozen,PRJNA247493
CCB010243,SAMN03436730,LYM,TCL,Normal,TCL BI,Golden Retriever,Frozen,PRJNA247493
CCB010243,SAMN03436695,LYM,TCL,Tumor,TCL BI,Golden Retriever,Frozen,PRJNA247493
CCB010253,SAMN03436552,LYM,TCL,Normal,TCL BI,Golden Retriever,Frozen,PRJNA247493
CCB010253,SAMN03436556,LYM,TCL,Tumor,TCL BI,Golden Retriever,Frozen,PRJNA247493
CCB010289,SAMN03436562,LYM,TCL,Normal,TCL BI,Golden Retriever,Frozen,PRJNA247493
CCB010289,SAMN03436660,LYM,TCL,Tumor,TCL BI,Golden Retriever,Frozen,PRJNA247493
CCB010299,SAMN03436593,UCL,UCL,Tumor,UCL BI,No breed provided,Frozen,PRJNA247493
CCB010299,SAMN03436892,UCL,UCL,Normal,UCL BI,No breed provided,Frozen,PRJNA247493
CCB010307,SAMN03436888,LYM,BCL,Normal,BCL BI,Golden Retriever,Frozen,PRJNA247493
CCB010307,SAMN03436723,LYM,BCL,Tumor,BCL BI,Golden Retriever,Frozen,PRJNA247493
CCB010327,SAMN03436226,OSA,OSA,Normal,OSA BI,Rottweiler,Frozen,PRJNA247493
CCB010327,SAMN03436585,OSA,OSA,Tumor,OSA BI,Rottweiler,Frozen,PRJNA247493
CCB010330,SAMN03436670,OSA,OSA,Normal,OSA BI,Rottweiler,Frozen,PRJNA247493
CCB010330,SAMN03436715,OSA,OSA,Tumor,OSA BI,Rottweiler,Frozen,PRJNA247493
CCB010332,SAMN03436705,OSA,OSA,Normal,OSA BI,Rottweiler,Frozen,PRJNA247493
CCB010332,SAMN03436549,OSA,OSA,Tumor,OSA BI,Rottweiler,Frozen,PRJNA247493
CCB010346,SAMN03436711,LYM,BCL,Normal,BCL BI,Golden Retriever,Frozen,PRJNA247493
CCB010346,SAMN03436454,LYM,BCL,Tumor,BCL BI,Golden Retriever,Frozen,PRJNA247493
CCB020009,SAMN03436708,LYM,BCL,Normal,BCL BI,Golden Retriever,Frozen,PRJNA247493
CCB020009,SAMN03436836,LYM,BCL,Tumor,BCL BI,Golden Retriever,Frozen,PRJNA247493
CCB020012,SAMN03436717,UCL,UCL,Tumor,UCL BI,No breed provided,Frozen,PRJNA247493
CCB020012,SAMN03436550,UCL,UCL,Normal,UCL BI,No breed provided,Frozen,PRJNA247493
CCB020022,SAMN03436514,OSA,OSA,Normal,OSA BI,Rottweiler,Frozen,PRJNA247493
CCB020022,SAMN03436466,OSA,OSA,Tumor,OSA BI,Rottweiler,Frozen,PRJNA247493
CCB020030,SAMN03436531,LYM,TCL,Normal,TCL BI,Boxer,Frozen,PRJNA247493
CCB020030,SAMN03436936,LYM,TCL,Tumor,TCL BI,Boxer,Frozen,PRJNA247493
CCB020062,SAMN03436491,UCL,UCL,Tumor,UCL BI,No breed provided,Frozen,PRJNA247493
CCB020062,SAMN03436812,UCL,UCL,Normal,UCL BI,No breed provided,Frozen,PRJNA247493
CCB020071,SAMN03436283,OSA,OSA,Normal,OSA BI,Golden Retriever,Frozen,PRJNA247493
CCB020071,SAMN03436700,OSA,OSA,Tumor,OSA BI,Golden Retriever,Frozen,PRJNA247493
CCB020081,SAMN03436275,UCL,UCL,Tumor,UCL BI,No breed provided,Frozen,PRJNA247493
CCB020081,SAMN03436490,UCL,UCL,Normal,UCL BI,No breed provided,Frozen,PRJNA247493
CCB020104,SAMN03436623,LYM,BCL,Normal,BCL BI,Golden Retriever,Frozen,PRJNA247493
CCB020104,SAMN03436596,LYM,BCL,Tumor,BCL BI,Golden Retriever,Frozen,PRJNA247493
CCB020156,SAMN03436595,OSA,OSA,Normal,OSA BI,Golden Retriever,Frozen,PRJNA247493
CCB020156,SAMN03436509,OSA,OSA,Tumor,OSA BI,Golden Retriever,Frozen,PRJNA247493
CCB020249,SAMN03436839,LYM,BCL,Normal,BCL BI,Golden Retriever,Frozen,PRJNA247493
CCB020249,SAMN03436688,LYM,BCL,Tumor,BCL BI,Golden Retriever,Frozen,PRJNA247493
CCB030003,SAMN03436934,LYM,TCL,Normal,TCL BI,Golden Retriever,Frozen,PRJNA247493
CCB030003,SAMN03436618,LYM,TCL,Tumor,TCL BI,Golden Retriever,Frozen,PRJNA247493
CCB030016,SAMN03436677,LYM,TCL,Normal,TCL BI,Golden Retriever,Frozen,PRJNA247493
CCB030016,SAMN03436487,LYM,TCL,Tumor,TCL BI,Golden Retriever,Frozen,PRJNA247493
CCB030021,SAMN03436935,LYM,BCL,Normal,BCL BI,Cocker Spaniel,Frozen,PRJNA247493
CCB030021,SAMN03436675,LYM,BCL,Tumor,BCL BI,Cocker Spaniel,Frozen,PRJNA247493
CCB030026,SAMN03436854,LYM,TCL,Normal,TCL BI,Golden Retriever,Frozen,PRJNA247493
CCB030026,SAMN03436676,LYM,TCL,Tumor,TCL BI,Golden Retriever,Frozen,PRJNA247493
CCB030038,SAMN03436262,UCL,UCL,Tumor,UCL BI,No breed provided,Frozen,PRJNA247493
CCB030038,SAMN03436624,UCL,UCL,Normal,UCL BI,No breed provided,Frozen,PRJNA247493
CCB030039,SAMN03436662,UCL,UCL,Tumor,UCL BI,No breed provided,Frozen,PRJNA247493
CCB030039,SAMN03436526,UCL,UCL,Normal,UCL BI,No breed provided,Frozen,PRJNA247493
CCB030059,SAMN03436926,LYM,TCL,Normal,TCL BI,Golden Retriever,Frozen,PRJNA247493
CCB030059,SAMN03436893,LYM,TCL,Tumor,TCL BI,Golden Retriever,Frozen,PRJNA247493
CCB030061,SAMN03436527,OSA,OSA,Normal,OSA BI,Golden Retriever,Frozen,PRJNA247493
CCB030061,SAMN03436674,OSA,OSA,Tumor,OSA BI,Golden Retriever,Frozen,PRJNA247493
CCB030075,SAMN03766273,UCL,UCL,Tumor,UCL BI,No breed provided,Frozen,PRJNA247493
CCB030075,SAMN03766279,UCL,UCL,Normal,UCL BI,No breed provided,Frozen,PRJNA247493
CCB030078,SAMN03436855,OSA,OSA,Normal,OSA BI,Golden Retriever,Frozen,PRJNA247493
CCB030078,SAMN03436503,OSA,OSA,Tumor,OSA BI,Golden Retriever,Frozen,PRJNA247493
CCB030097,SAMN03436482,UCL,UCL,Tumor,UCL BI,No breed provided,Frozen,PRJNA247493
CCB030097,SAMN03436650,UCL,UCL,Normal,UCL BI,No breed provided,Frozen,PRJNA247493
CCB030108,SAMN03436857,OSA,OSA,Normal,OSA BI,Rottweiler,Frozen,PRJNA247493
CCB030108,SAMN03436567,OSA,OSA,Tumor,OSA BI,Rottweiler,Frozen,PRJNA247493
CCB030117,SAMN03436690,LYM,BCL,Normal,BCL BI,Golden Retriever,Frozen,PRJNA247493
CCB030117,SAMN03436744,LYM,BCL,Tumor,BCL BI,Golden Retriever,Frozen,PRJNA247493
CCB030120,SAMN03766274,UCL,UCL,Tumor,UCL BI,No breed provided,Frozen,PRJNA247493
CCB030120,SAMN03766283,UCL,UCL,Normal,UCL BI,No breed provided,Frozen,PRJNA247493
CCB030130,SAMN03436456,LYM,BCL,Normal,BCL BI,Golden Retriever,Frozen,PRJNA247493
CCB030130,SAMN03436515,LYM,BCL,Tumor,BCL BI,Golden Retriever,Frozen,PRJNA247493
CCB030145,SAMN03436772,LYM,BCL,Normal,BCL BI,Golden Retriever,Frozen,PRJNA247493
CCB030145,SAMN03436786,LYM,BCL,Tumor,BCL BI,Golden Retriever,Frozen,PRJNA247493
CCB030156,SAMN03436838,LYM,TCL,Normal,TCL BI,Golden Retriever,Frozen,PRJNA247493
CCB030156,SAMN03436516,LYM,TCL,Tumor,TCL BI,Golden Retriever,Frozen,PRJNA247493
CCB030166,SAMN03436525,LYM,TCL,Normal,TCL BI,Boxer,Frozen,PRJNA247493
CCB030166,SAMN03436502,LYM,TCL,Tumor,TCL BI,Boxer,Frozen,PRJNA247493
CCB030183,SAMN03436282,UCL,UCL,Tumor,UCL BI,No breed provided,Frozen,PRJNA247493
CCB030183,SAMN03436481,UCL,UCL,Normal,UCL BI,No breed provided,Frozen,PRJNA247493
CCB030193,SAMN03436273,LYM,BCL,Normal,BCL BI,Cocker Spaniel,Frozen,PRJNA247493
CCB030193,SAMN03436696,LYM,BCL,Tumor,BCL BI,Cocker Spaniel,Frozen,PRJNA247493
CCB030201,SAMN03766282,UCL,UCL,Tumor,UCL BI,No breed provided,Frozen,PRJNA247493
CCB030201,SAMN03766270,UCL,UCL,Normal,UCL BI,No breed provided,Frozen,PRJNA247493
CCB030212,SAMN03436852,LYM,TCL,Normal,TCL BI,Boxer,Frozen,PRJNA247493
CCB030212,SAMN03436216,LYM,TCL,Tumor,TCL BI,Boxer,Frozen,PRJNA247493
CCB030224,SAMN03436507,OSA,OSA,Normal,OSA BI,Rottweiler,Frozen,PRJNA247493
CCB030224,SAMN03436620,OSA,OSA,Tumor,OSA BI,Rottweiler,Frozen,PRJNA247493
CCB030227,SAMN03766276,UCL,UCL,Tumor,UCL BI,No breed provided,Frozen,PRJNA247493
CCB030227,SAMN03766275,UCL,UCL,Normal,UCL BI,No breed provided,Frozen,PRJNA247493
CCB030251,SAMN03436495,LYM,BCL,Normal,BCL BI,Golden Retriever,Frozen,PRJNA247493
CCB030251,SAMN03436601,LYM,BCL,Tumor,BCL BI,Golden Retriever,Frozen,PRJNA247493
CCB030258,SAMN03436532,LYM,TCL,Normal,TCL BI,Golden Retriever,Frozen,PRJNA247493
CCB030258,SAMN03436285,LYM,TCL,Tumor,TCL BI,Golden Retriever,Frozen,PRJNA247493
CCB030259,SAMN03436831,LYM,TCL,Normal,TCL BI,Golden Retriever,Frozen,PRJNA247493
CCB030259,SAMN03436296,LYM,TCL,Tumor,TCL BI,Golden Retriever,Frozen,PRJNA247493
CCB030265,SAMN03436683,LYM,TCL,Normal,TCL BI,Golden Retriever,Frozen,PRJNA247493
CCB030265,SAMN03436520,LYM,TCL,Tumor,TCL BI,Golden Retriever,Frozen,PRJNA247493
CCB030268,SAMN03436722,LYM,BCL,Normal,BCL BI,Golden Retriever,Frozen,PRJNA247493
CCB030268,SAMN03436814,LYM,BCL,Tumor,BCL BI,Golden Retriever,Frozen,PRJNA247493
CCB030269,SAMN03436647,UCL,UCL,Tumor,UCL BI,No breed provided,Frozen,PRJNA247493
CCB030269,SAMN03436519,UCL,UCL,Normal,UCL BI,No breed provided,Frozen,PRJNA247493
CCB030271,SAMN03436612,LYM,TCL,Normal,TCL BI,Golden Retriever,Frozen,PRJNA247493
CCB030271,SAMN03436635,LYM,TCL,Tumor,TCL BI,Golden Retriever,Frozen,PRJNA247493
CCB030292,SAMN03436607,LYM,TCL,Normal,TCL BI,Boxer,Frozen,PRJNA247493
CCB030292,SAMN03436780,LYM,TCL,Tumor,TCL BI,Boxer,Frozen,PRJNA247493
CCB030293,SAMN03436657,UCL,UCL,Tumor,UCL BI,No breed provided,Frozen,PRJNA247493
CCB030293,SAMN03436784,UCL,UCL,Normal,UCL BI,No breed provided,Frozen,PRJNA247493
CCB030300,SAMN03436856,LYM,TCL,Normal,TCL BI,Golden Retriever,Frozen,PRJNA247493
CCB030300,SAMN03436572,LYM,TCL,Tumor,TCL BI,Golden Retriever,Frozen,PRJNA247493
CCB030317,SAMN03436824,LYM,TCL,Normal,TCL BI,Golden Retriever,Frozen,PRJNA247493
CCB030317,SAMN03436498,LYM,TCL,Tumor,TCL BI,Golden Retriever,Frozen,PRJNA247493
CCB030342,SAMN03766277,UCL,UCL,Tumor,UCL BI,No breed provided,Frozen,PRJNA247493
CCB030342,SAMN03766284,UCL,UCL,Normal,UCL BI,No breed provided,Frozen,PRJNA247493
CCB030346,SAMN03436776,LYM,BCL,Normal,BCL BI,Golden Retriever,Frozen,PRJNA247493
CCB030346,SAMN03436591,LYM,BCL,Tumor,BCL BI,Golden Retriever,Frozen,PRJNA247493
CCB030357,SAMN03436524,UCL,UCL,Tumor,UCL BI,No breed provided,Frozen,PRJNA247493
CCB030357,SAMN03436619,UCL,UCL,Normal,UCL BI,No breed provided,Frozen,PRJNA247493
CCB030362,SAMN03436924,LYM,BCL,Normal,BCL BI,Golden Retriever,Frozen,PRJNA247493
CCB030362,SAMN03436287,LYM,BCL,Tumor,BCL BI,Golden Retriever,Frozen,PRJNA247493
CCB040007,SAMN03436270,UCL,UCL,Tumor,UCL BI,No breed provided,Frozen,PRJNA247493
CCB040007,SAMN03436565,UCL,UCL,Normal,UCL BI,No breed provided,Frozen,PRJNA247493
CCB040033,SAMN03436512,OSA,OSA,Normal,OSA BI,Golden Retriever,Frozen,PRJNA247493
CCB040033,SAMN03436621,OSA,OSA,Tumor,OSA BI,Golden Retriever,Frozen,PRJNA247493
CCB040038,SAMN03436579,LYM,BCL,Normal,BCL BI,Golden Retriever,Frozen,PRJNA247493
CCB040038,SAMN03436819,LYM,BCL,Tumor,BCL BI,Golden Retriever,Frozen,PRJNA247493
CCB040105,SAMN03436813,UCL,UCL,Tumor,UCL BI,No breed provided,Frozen,PRJNA247493
CCB040105,SAMN03436606,UCL,UCL,Normal,UCL BI,No breed provided,Frozen,PRJNA247493
CCB040143,SAMN03436816,LYM,BCL,Normal,BCL BI,Golden Retriever,Frozen,PRJNA247493
CCB040143,SAMN03436712,LYM,BCL,Tumor,BCL BI,Golden Retriever,Frozen,PRJNA247493
CCB040180,SAMN03436455,LYM,BCL,Normal,BCL BI,Cocker Spaniel,Frozen,PRJNA247493
CCB040180,SAMN03436508,LYM,BCL,Tumor,BCL BI,Cocker Spaniel,Frozen,PRJNA247493
CCB040184,SAMN03436289,UCL,UCL,Tumor,UCL BI,No breed provided,Frozen,PRJNA247493
CCB040184,SAMN03436665,UCL,UCL,Normal,UCL BI,No breed provided,Frozen,PRJNA247493
CCB040207,SAMN03436930,OSA,OSA,Normal,OSA BI,Rottweiler,Frozen,PRJNA247493
CCB040207,SAMN03436467,OSA,OSA,Tumor,OSA BI,Rottweiler,Frozen,PRJNA247493
CCB040222,SAMN03436829,LYM,BCL,Normal,BCL BI,Golden Retriever,Frozen,PRJNA247493
CCB040222,SAMN03436462,LYM,BCL,Tumor,BCL BI,Golden Retriever,Frozen,PRJNA247493
CCB040232,SAMN03436777,UCL,UCL,Tumor,UCL BI,No breed provided,Frozen,PRJNA247493
CCB040232,SAMN03436833,UCL,UCL,Normal,UCL BI,No breed provided,Frozen,PRJNA247493
CCB040265,SAMN03436542,LYM,TCL,Normal,TCL BI,Boxer,Frozen,PRJNA247493
CCB040265,SAMN03436295,LYM,TCL,Tumor,TCL BI,Boxer,Frozen,PRJNA247493
CCB040287,SAMN03436528,OSA,OSA,Normal,OSA BI,Rottweiler,Frozen,PRJNA247493
CCB040287,SAMN03436808,OSA,OSA,Tumor,OSA BI,Rottweiler,Frozen,PRJNA247493
CCB040292,SAMN03436889,LYM,TCL,Normal,TCL BI,Golden Retriever,Frozen,PRJNA247493
CCB040292,SAMN03436634,LYM,TCL,Tumor,TCL BI,Golden Retriever,Frozen,PRJNA247493
CCB040313,SAMN03436775,UCL,UCL,Tumor,UCL BI,No breed provided,Frozen,PRJNA247493
CCB040313,SAMN03436846,UCL,UCL,Normal,UCL BI,No breed provided,Frozen,PRJNA247493
CCB040334,SAMN03436223,UCL,UCL,Tumor,UCL BI,No breed provided,Frozen,PRJNA247493
CCB040334,SAMN03436473,UCL,UCL,Normal,UCL BI,No breed provided,Frozen,PRJNA247493
CCB040425,SAMN03436653,LYM,TCL,Normal,TCL BI,Golden Retriever,Frozen,PRJNA247493
CCB040425,SAMN03436500,LYM,TCL,Tumor,TCL BI,Golden Retriever,Frozen,PRJNA247493
CCB040464,SAMN03436720,OSA,OSA,Normal,OSA BI,Rottweiler,Frozen,PRJNA247493
CCB040464,SAMN03436587,OSA,OSA,Tumor,OSA BI,Rottweiler,Frozen,PRJNA247493
CCB040497,SAMN03436551,LYM,BCL,Normal,BCL BI,Golden Retriever,Frozen,PRJNA247493
CCB040497,SAMN03436513,LYM,BCL,Tumor,BCL BI,Golden Retriever,Frozen,PRJNA247493
CCB050015,SAMN03436940,OSA,OSA,Normal,OSA BI,Golden Retriever,Frozen,PRJNA247493
CCB050015,SAMN03436457,OSA,OSA,Tumor,OSA BI,Golden Retriever,Frozen,PRJNA247493
CCB050023,SAMN03436825,UCL,UCL,Tumor,UCL BI,No breed provided,Frozen,PRJNA247493
CCB050023,SAMN03436698,UCL,UCL,Normal,UCL BI,No breed provided,Frozen,PRJNA247493
CCB050025,SAMN03436928,OSA,OSA,Normal,OSA BI,Rottweiler,Frozen,PRJNA247493
CCB050025,SAMN03436521,OSA,OSA,Tumor,OSA BI,Rottweiler,Frozen,PRJNA247493
CCB050031,SAMN03436458,UCL,UCL,Tumor,UCL BI,No breed provided,Frozen,PRJNA247493
CCB050031,SAMN03436728,UCL,UCL,Normal,UCL BI,No breed provided,Frozen,PRJNA247493
CCB050042,SAMN03436463,UCL,UCL,Tumor,UCL BI,No breed provided,Frozen,PRJNA247493
CCB050042,SAMN03436484,UCL,UCL,Normal,UCL BI,No breed provided,Frozen,PRJNA247493
CCB050063,SAMN03436774,UCL,UCL,Tumor,UCL BI,No breed provided,Frozen,PRJNA247493
CCB050063,SAMN03436713,UCL,UCL,Normal,UCL BI,No breed provided,Frozen,PRJNA247493
CCB050096,SAMN03436655,UCL,UCL,Tumor,UCL BI,No breed provided,Frozen,PRJNA247493
CCB050096,SAMN03436704,UCL,UCL,Normal,UCL BI,No breed provided,Frozen,PRJNA247493
CCB050102,SAMN03436644,OSA,OSA,Normal,OSA BI,Golden Retriever,Frozen,PRJNA247493
CCB050102,SAMN03436493,OSA,OSA,Tumor,OSA BI,Golden Retriever,Frozen,PRJNA247493
CCB050193,SAMN03436539,LYM,BCL,Normal,BCL BI,Golden Retriever,Frozen,PRJNA247493
CCB050193,SAMN03436592,LYM,BCL,Tumor,BCL BI,Golden Retriever,Frozen,PRJNA247493
CCB050194,SAMN03436684,UCL,UCL,Tumor,UCL BI,No breed provided,Frozen,PRJNA247493
CCB050194,SAMN03436865,UCL,UCL,Normal,UCL BI,No breed provided,Frozen,PRJNA247493
CCB050195,SAMN03436586,UCL,UCL,Tumor,UCL BI,No breed provided,Frozen,PRJNA247493
CCB050195,SAMN03436480,UCL,UCL,Normal,UCL BI,No breed provided,Frozen,PRJNA247493
CCB050204,SAMN03436927,UCL,UCL,Tumor,UCL BI,No breed provided,Frozen,PRJNA247493
CCB050204,SAMN03436602,UCL,UCL,Normal,UCL BI,No breed provided,Frozen,PRJNA247493
CCB050206,SAMN03436830,LYM,BCL,Normal,BCL BI,Golden Retriever,Frozen,PRJNA247493
CCB050206,SAMN03436269,LYM,BCL,Tumor,BCL BI,Golden Retriever,Frozen,PRJNA247493
CCB050228,SAMN03436599,UCL,UCL,Tumor,UCL BI,No breed provided,Frozen,PRJNA247493
CCB050228,SAMN03436615,UCL,UCL,Normal,UCL BI,No breed provided,Frozen,PRJNA247493
CCB050315,SAMN03436779,OSA,OSA,Normal,OSA BI,Rottweiler,Frozen,PRJNA247493
CCB050315,SAMN03436923,OSA,OSA,Tumor,OSA BI,Rottweiler,Frozen,PRJNA247493
CCB050320,SAMN03436933,OSA,OSA,Normal,OSA BI,Rottweiler,Frozen,PRJNA247493
CCB050320,SAMN03436590,OSA,OSA,Tumor,OSA BI,Rottweiler,Frozen,PRJNA247493
CCB060008,SAMN03436714,LYM,TCL,Normal,TCL BI,Golden Retriever,Frozen,PRJNA247493
CCB060008,SAMN03436561,LYM,TCL,Tumor,TCL BI,Golden Retriever,Frozen,PRJNA247493
CCB060021,SAMN03436689,OSA,OSA,Normal,OSA BI,Rottweiler,Frozen,PRJNA247493
CCB060021,SAMN03436609,OSA,OSA,Tumor,OSA BI,Rottweiler,Frozen,PRJNA247493
CCB060027,SAMN03436518,LYM,TCL,Normal,TCL BI,Boxer,Frozen,PRJNA247493
CCB060027,SAMN03436523,LYM,TCL,Tumor,TCL BI,Boxer,Frozen,PRJNA247493
CCB060032,SAMN03436543,LYM,TCL,Normal,TCL BI,Boxer,Frozen,PRJNA247493
CCB060032,SAMN03436559,LYM,TCL,Tumor,TCL BI,Boxer,Frozen,PRJNA247493
CCB060033,SAMN03436475,OSA,OSA,Normal,OSA BI,Rottweiler,Frozen,PRJNA247493
CCB060033,SAMN03436474,OSA,OSA,Tumor,OSA BI,Rottweiler,Frozen,PRJNA247493
CCB060034,SAMN03436890,LYM,TCL,Normal,TCL BI,Boxer,Frozen,PRJNA247493
CCB060034,SAMN03436603,LYM,TCL,Tumor,TCL BI,Boxer,Frozen,PRJNA247493
CCB060047,SAMN03436537,LYM,BCL,Normal,BCL BI,Golden Retriever,Frozen,PRJNA247493
CCB060047,SAMN03436530,LYM,BCL,Tumor,BCL BI,Golden Retriever,Frozen,PRJNA247493
CCB060052,SAMN03436649,LYM,BCL,Normal,BCL BI,Golden Retriever,Frozen,PRJNA247493
CCB060052,SAMN03436504,LYM,BCL,Tumor,BCL BI,Golden Retriever,Frozen,PRJNA247493
CCB060066,SAMN03436781,OSA,OSA,Normal,OSA BI,Golden Retriever,Frozen,PRJNA247493
CCB060066,SAMN03436541,OSA,OSA,Tumor,OSA BI,Golden Retriever,Frozen,PRJNA247493
CCB060086,SAMN03436290,UCL,UCL,Tumor,UCL BI,No breed provided,Frozen,PRJNA247493
CCB060086,SAMN03436517,UCL,UCL,Normal,UCL BI,No breed provided,Frozen,PRJNA247493
CCB060087,SAMN03436555,UCL,UCL,Tumor,UCL BI,No breed provided,Frozen,PRJNA247493
CCB060087,SAMN03436942,UCL,UCL,Normal,UCL BI,No breed provided,Frozen,PRJNA247493
CCB060088,SAMN03436292,UCL,UCL,Tumor,UCL BI,No breed provided,Frozen,PRJNA247493
CCB060088,SAMN03436230,UCL,UCL,Normal,UCL BI,No breed provided,Frozen,PRJNA247493
CCB060099,SAMN03732684,OSA,OSA,Normal,OSA BI,Golden Retriever,Frozen,PRJNA247493
CCB060099,SAMN03436685,OSA,OSA,Tumor,OSA BI,Golden Retriever,Frozen,PRJNA247493
CCB060100,SAMN03436469,OSA,OSA,Normal,OSA BI,Rottweiler,Frozen,PRJNA247493
CCB060100,SAMN03436598,OSA,OSA,Tumor,OSA BI,Rottweiler,Frozen,PRJNA247493
CCB060128,SAMN03436464,UCL,UCL,Tumor,UCL BI,No breed provided,Frozen,PRJNA247493
CCB060128,SAMN03732747,UCL,UCL,Normal,UCL BI,No breed provided,Frozen,PRJNA247493
CCB060135,SAMN03436476,LYM,BCL,Normal,BCL BI,Cocker Spaniel,Frozen,PRJNA247493
CCB060135,SAMN03436284,LYM,BCL,Tumor,BCL BI,Cocker Spaniel,Frozen,PRJNA247493
CCB060138,SAMN03732676,OSA,OSA,Normal,OSA BI,Golden Retriever,Frozen,PRJNA247493
CCB060138,SAMN03436581,OSA,OSA,Tumor,OSA BI,Golden Retriever,Frozen,PRJNA247493
CCB060148,SAMN03732680,OSA,OSA,Normal,OSA BI,Golden Retriever,Frozen,PRJNA247493
CCB060148,SAMN03436642,OSA,OSA,Tumor,OSA BI,Golden Retriever,Frozen,PRJNA247493
CCB060151,SAMN03436734,LYM,TCL,Normal,TCL BI,Golden Retriever,Frozen,PRJNA247493
CCB060151,SAMN03436540,LYM,TCL,Tumor,TCL BI,Golden Retriever,Frozen,PRJNA247493
CCB060153,SAMN03436787,LYM,BCL,Normal,BCL BI,Golden Retriever,Frozen,PRJNA247493
CCB060153,SAMN03436483,LYM,BCL,Tumor,BCL BI,Golden Retriever,Frozen,PRJNA247493
CCB070011,SAMN03436566,UCL,UCL,Tumor,UCL BI,No breed provided,Frozen,PRJNA247493
CCB070011,SAMN03436697,UCL,UCL,Normal,UCL BI,No breed provided,Frozen,PRJNA247493
CCB070012,SAMN03436850,LYM,BCL,Normal,BCL BI,Golden Retriever,Frozen,PRJNA247493
CCB070012,SAMN03436547,LYM,BCL,Tumor,BCL BI,Golden Retriever,Frozen,PRJNA247493
CCB070044,SAMN03732743,OSA,OSA,Normal,OSA BI,Golden Retriever,Frozen,PRJNA247493
CCB070044,SAMN03436806,OSA,OSA,Tumor,OSA BI,Golden Retriever,Frozen,PRJNA247493
CCB070049,SAMN03732735,OSA,OSA,Normal,OSA BI,Golden Retriever,Frozen,PRJNA247493
CCB070049,SAMN03436580,OSA,OSA,Tumor,OSA BI,Golden Retriever,Frozen,PRJNA247493
CCB070051,SAMN03732741,OSA,OSA,Normal,OSA BI,Golden Retriever,Frozen,PRJNA247493
CCB070051,SAMN03436652,OSA,OSA,Tumor,OSA BI,Golden Retriever,Frozen,PRJNA247493
CCB070053,SAMN03732756,OSA,OSA,Normal,OSA BI,Golden Retriever,Frozen,PRJNA247493
CCB070053,SAMN03436558,OSA,OSA,Tumor,OSA BI,Golden Retriever,Frozen,PRJNA247493
CCB070060,SAMN03436848,UCL,UCL,Tumor,UCL BI,No breed provided,Frozen,PRJNA247493
CCB070060,SAMN03436548,UCL,UCL,Normal,UCL BI,No breed provided,Frozen,PRJNA247493
CCB070080,SAMN03436605,LYM,TCL,Normal,TCL BI,Golden Retriever,Frozen,PRJNA247493
CCB070080,SAMN03436293,LYM,TCL,Tumor,TCL BI,Golden Retriever,Frozen,PRJNA247493
CCB070081,SAMN03436782,LYM,BCL,Normal,BCL BI,Golden Retriever,Frozen,PRJNA247493
CCB070081,SAMN03436588,LYM,BCL,Tumor,BCL BI,Golden Retriever,Frozen,PRJNA247493
CCB070086,SAMN03436536,LYM,BCL,Normal,BCL BI,Cocker Spaniel,Frozen,PRJNA247493
CCB070086,SAMN03436545,LYM,BCL,Tumor,BCL BI,Cocker Spaniel,Frozen,PRJNA247493
CCB070115,SAMN03436731,LYM,BCL,Normal,BCL BI,Golden Retriever,Frozen,PRJNA247493
CCB070115,SAMN03436727,LYM,BCL,Tumor,BCL BI,Golden Retriever,Frozen,PRJNA247493
CCB070124,SAMN03436538,LYM,BCL,Normal,BCL BI,Cocker Spaniel,Frozen,PRJNA247493
CCB070124,SAMN03436560,LYM,BCL,Tumor,BCL BI,Cocker Spaniel,Frozen,PRJNA247493
CCB070131,SAMN03436280,LYM,BCL,Normal,BCL BI,Cocker Spaniel,Frozen,PRJNA247493
CCB070131,SAMN03436721,LYM,BCL,Tumor,BCL BI,Cocker Spaniel,Frozen,PRJNA247493
CCB070139,SAMN03436557,LYM,TCL,Normal,TCL BI,Golden Retriever,Frozen,PRJNA247493
CCB070139,SAMN03436828,LYM,TCL,Tumor,TCL BI,Golden Retriever,Frozen,PRJNA247493
CCB070162,SAMN03436733,LYM,TCL,Normal,TCL BI,Golden Retriever,Frozen,PRJNA247493
CCB070162,SAMN03436221,LYM,TCL,Tumor,TCL BI,Golden Retriever,Frozen,PRJNA247493
CCB070177,SAMN03436885,OSA,OSA,Normal,OSA BI,Rottweiler,Frozen,PRJNA247493
CCB070177,SAMN03436492,OSA,OSA,Tumor,OSA BI,Rottweiler,Frozen,PRJNA247493
CCB070230,SAMN03436699,LYM,BCL,Normal,BCL BI,Golden Retriever,Frozen,PRJNA247493
CCB070230,SAMN03436702,LYM,BCL,Tumor,BCL BI,Golden Retriever,Frozen,PRJNA247493
CCB070243,SAMN03436638,LYM,BCL,Normal,BCL BI,Golden Retriever,Frozen,PRJNA247493
CCB070243,SAMN03436453,LYM,BCL,Tumor,BCL BI,Golden Retriever,Frozen,PRJNA247493
CCB070252,SAMN03436479,LYM,BCL,Normal,BCL BI,Golden Retriever,Frozen,PRJNA247493
CCB070252,SAMN03436522,LYM,BCL,Tumor,BCL BI,Golden Retriever,Frozen,PRJNA247493
CCB070253,SAMN03436497,OSA,OSA,Normal,OSA BI,Rottweiler,Frozen,PRJNA247493
CCB070253,SAMN03436553,OSA,OSA,Tumor,OSA BI,Rottweiler,Frozen,PRJNA247493
CCB070280,SAMN03436805,LYM,BCL,Normal,BCL BI,Golden Retriever,Frozen,PRJNA247493
CCB070280,SAMN03436648,LYM,BCL,Tumor,BCL BI,Golden Retriever,Frozen,PRJNA247493
CCB070289,SAMN03436931,LYM,BCL,Normal,BCL BI,Cocker Spaniel,Frozen,PRJNA247493
CCB070289,SAMN03436664,LYM,BCL,Tumor,BCL BI,Cocker Spaniel,Frozen,PRJNA247493
CCB070292,SAMN03436576,LYM,TCL,Normal,TCL BI,Golden Retriever,Frozen,PRJNA247493
CCB070292,SAMN03436616,LYM,TCL,Tumor,TCL BI,Golden Retriever,Frozen,PRJNA247493
CCB080009,SAMN03436701,UCL,UCL,Tumor,UCL BI,No breed provided,Frozen,PRJNA247493
CCB080009,SAMN03436568,UCL,UCL,Normal,UCL BI,No breed provided,Frozen,PRJNA247493
CCB080016,SAMN03436622,UCL,UCL,Tumor,UCL BI,No breed provided,Frozen,PRJNA247493
CCB080016,SAMN03436272,UCL,UCL,Normal,UCL BI,No breed provided,Frozen,PRJNA247493
CCB080023,SAMN03436461,UCL,UCL,Tumor,UCL BI,No breed provided,Frozen,PRJNA247493
CCB080023,SAMN03436939,UCL,UCL,Normal,UCL BI,No breed provided,Frozen,PRJNA247493
CHIMUN,SAMN04009641,LYM,BCL,Normal,BCL BI,Golden Retriever,Frozen,PRJNA247493
CHIMUN,SAMN04009637,LYM,BCL,Tumor,BCL BI,Golden Retriever,Frozen,PRJNA247493
CMT-100,SRR7780976,MT,MT,Normal,MT CUK,Cocker Spaniel,Frozen,PRJNA489159
CMT-100,SRR7780979,MT,MT,Tumor,MT CUK,Cocker Spaniel,Frozen,PRJNA489159
CMT-102,SRR7780978,MT,MT,Normal,MT CUK,Maltese,Frozen,PRJNA489159
CMT-102,SRR7780981,MT,MT,Tumor,MT CUK,Maltese,Frozen,PRJNA489159
CMT-103,SRR7780980,MT,MT,Normal,MT CUK,Maltese,Frozen,PRJNA489159
CMT-103,SRR7781073,MT,MT,Tumor,MT CUK,Maltese,Frozen,PRJNA489159
CMT-105,SRR7781074,MT,MT,Normal,MT CUK,Mixed,Frozen,PRJNA489159
CMT-105,SRR7781071,MT,MT,Tumor,MT CUK,Mixed,Frozen,PRJNA489159
CMT-106,SRR7781072,MT,MT,Normal,MT CUK,Yorkshire Terrier,Frozen,PRJNA489159
CMT-106,SRR7781077,MT,MT,Tumor,MT CUK,Yorkshire Terrier,Frozen,PRJNA489159
CMT-107,SRR7781078,MT,MT,Normal,MT CUK,Maltese,Frozen,PRJNA489159
CMT-107,SRR7781075,MT,MT,Tumor,MT CUK,Maltese,Frozen,PRJNA489159
CMT-109,SRR7781079,MT,MT,Normal,MT CUK,Yorkshire Terrier,Frozen,PRJNA489159
CMT-109,SRR7781080,MT,MT,Tumor,MT CUK,Yorkshire Terrier,Frozen,PRJNA489159
CMT-111,SRR7780991,MT,MT,Normal,MT CUK,Shih Tzu,Frozen,PRJNA489159
CMT-111,SRR7780990,MT,MT,Tumor,MT CUK,Shih Tzu,Frozen,PRJNA489159
CMT-112,SRR7780989,MT,MT,Normal,MT CUK,Maltese,Frozen,PRJNA489159
CMT-112,SRR7780988,MT,MT,Tumor,MT CUK,Maltese,Frozen,PRJNA489159
CMT-114,SRR7780987,MT,MT,Normal,MT CUK,Maltese,Frozen,PRJNA489159
CMT-114,SRR7780986,MT,MT,Tumor,MT CUK,Maltese,Frozen,PRJNA489159
CMT-116,SRR7780985,MT,MT,Normal,MT CUK,Yorkshire Terrier,Frozen,PRJNA489159
CMT-116,SRR7780984,MT,MT,Tumor,MT CUK,Yorkshire Terrier,Frozen,PRJNA489159
CMT-118,SRR7780983,MT,MT,Normal,MT CUK,Schnauzer,Frozen,PRJNA489159
CMT-118,SRR7780982,MT,MT,Tumor,MT CUK,Schnauzer,Frozen,PRJNA489159
CMT-119,SRR7781083,MT,MT,Normal,MT CUK,No breed provided,Frozen,PRJNA489159
CMT-119,SRR7781084,MT,MT,Tumor,MT CUK,No breed provided,Frozen,PRJNA489159
CMT-121,SRR7781085,MT,MT,Normal,MT CUK,Mixed,Frozen,PRJNA489159
CMT-121,SRR7781086,MT,MT,Tumor,MT CUK,Mixed,Frozen,PRJNA489159
CMT-124,SRR7781087,MT,MT,Normal,MT CUK,Yorkshire Terrier,Frozen,PRJNA489159
CMT-124,SRR7781088,MT,MT,Tumor,MT CUK,Yorkshire Terrier,Frozen,PRJNA489159
CMT-128,SRR7781089,MT,MT,Normal,MT CUK,Yorkshire Terrier,Frozen,PRJNA489159
CMT-128,SRR7781090,MT,MT,Tumor,MT CUK,Yorkshire Terrier,Frozen,PRJNA489159
CMT-129,SRR7781081,MT,MT,Normal,MT CUK,Shih Tzu,Frozen,PRJNA489159
CMT-129,SRR7781082,MT,MT,Tumor,MT CUK,Shih Tzu,Frozen,PRJNA489159
CMT-13,SRR7780926,MT,MT,Normal,MT CUK,Mixed,Frozen,PRJNA489159
CMT-13,SRR7780927,MT,MT,Tumor,MT CUK,Mixed,Frozen,PRJNA489159
CMT-136,SRR7780945,MT,MT,Normal,MT CUK,Yorkshire Terrier,Frozen,PRJNA489159
CMT-136,SRR7780944,MT,MT,Tumor,MT CUK,Yorkshire Terrier,Frozen,PRJNA489159
CMT-142,SRR7780943,MT,MT,Normal,MT CUK,Mixed,Frozen,PRJNA489159
CMT-142,SRR7780942,MT,MT,Tumor,MT CUK,Mixed,Frozen,PRJNA489159
CMT-147,SRR7780941,MT,MT,Normal,MT CUK,Mixed,Frozen,PRJNA489159
CMT-147,SRR7780940,MT,MT,Tumor,MT CUK,Mixed,Frozen,PRJNA489159
CMT-148,SRR7780939,MT,MT,Normal,MT CUK,Mixed,Frozen,PRJNA489159
CMT-148,SRR7780938,MT,MT,Tumor,MT CUK,Mixed,Frozen,PRJNA489159
CMT-149,SRR7780948,MT,MT,Normal,MT CUK,Maltese,Frozen,PRJNA489159
CMT-149,SRR7780947,MT,MT,Tumor,MT CUK,Maltese,Frozen,PRJNA489159
CMT-150,SRR7780834,MT,MT,Normal,MT CUK,No breed provided,Frozen,PRJNA489159
CMT-150,SRR7780835,MT,MT,Tumor,MT CUK,No breed provided,Frozen,PRJNA489159
CMT-153,SRR7780836,MT,MT,Normal,MT CUK,Yorkshire Terrier,Frozen,PRJNA489159
CMT-153,SRR7780837,MT,MT,Tumor,MT CUK,Yorkshire Terrier,Frozen,PRJNA489159
CMT-156,SRR7780838,MT,MT,Normal,MT CUK,Shih Tzu,Frozen,PRJNA489159
CMT-156,SRR7780839,MT,MT,Tumor,MT CUK,Shih Tzu,Frozen,PRJNA489159
CMT-157,SRR7780840,MT,MT,Normal,MT CUK,Mixed,Frozen,PRJNA489159
CMT-157,SRR7780841,MT,MT,Tumor,MT CUK,Mixed,Frozen,PRJNA489159
CMT-158,SRR7780832,MT,MT,Normal,MT CUK,Dachshund,Frozen,PRJNA489159
CMT-158,SRR7780833,MT,MT,Tumor,MT CUK,Dachshund,Frozen,PRJNA489159
CMT-159,SRR7780767,MT,MT,Normal,MT CUK,Mixed,Frozen,PRJNA489159
CMT-159,SRR7780766,MT,MT,Tumor,MT CUK,Mixed,Frozen,PRJNA489159
CMT-162,SRR7780769,MT,MT,Normal,MT CUK,Maltese,Frozen,PRJNA489159
CMT-162,SRR7780768,MT,MT,Tumor,MT CUK,Maltese,Frozen,PRJNA489159
CMT-168,SRR7780771,MT,MT,Normal,MT CUK,Maltese,Frozen,PRJNA489159
CMT-168,SRR7780770,MT,MT,Tumor,MT CUK,Maltese,Frozen,PRJNA489159
CMT-169,SRR7780773,MT,MT,Normal,MT CUK,Mixed,Frozen,PRJNA489159
CMT-169,SRR7780772,MT,MT,Tumor,MT CUK,Mixed,Frozen,PRJNA489159
CMT-17,SRR7780822,MT,MT,Normal,MT CUK,Mixed,Frozen,PRJNA489159
CMT-17,SRR7780823,MT,MT,Tumor,MT CUK,Mixed,Frozen,PRJNA489159
CMT-173,SRR7780775,MT,MT,Normal,MT CUK,Maltese,Frozen,PRJNA489159
CMT-173,SRR7780774,MT,MT,Tumor,MT CUK,Maltese,Frozen,PRJNA489159
CMT-178,SRR7781040,MT,MT,Normal,MT CUK,Maltese,Frozen,PRJNA489159
CMT-178,SRR7781041,MT,MT,Tumor,MT CUK,Maltese,Frozen,PRJNA489159
CMT-182,SRR7781038,MT,MT,Normal,MT CUK,Maltese,Frozen,PRJNA489159
CMT-182,SRR7781039,MT,MT,Tumor,MT CUK,Maltese,Frozen,PRJNA489159
CMT-183,SRR7781044,MT,MT,Normal,MT CUK,No breed provided,Frozen,PRJNA489159
CMT-183,SRR7781045,MT,MT,Tumor,MT CUK,No breed provided,Frozen,PRJNA489159
CMT-184,SRR7781042,MT,MT,Normal,MT CUK,Shih Tzu,Frozen,PRJNA489159
CMT-184,SRR7781043,MT,MT,Tumor,MT CUK,Shih Tzu,Frozen,PRJNA489159
CMT-187,SRR7781046,MT,MT,Normal,MT CUK,Bichon Frise,Frozen,PRJNA489159
CMT-187,SRR7781047,MT,MT,Tumor,MT CUK,Bichon Frise,Frozen,PRJNA489159
CMT-188,SRR7780885,MT,MT,Normal,MT CUK,Maltese,Frozen,PRJNA489159
CMT-188,SRR7780884,MT,MT,Tumor,MT CUK,Maltese,Frozen,PRJNA489159
CMT-190,SRR7780883,MT,MT,Normal,MT CUK,Maltese,Frozen,PRJNA489159
CMT-190,SRR7780882,MT,MT,Tumor,MT CUK,Maltese,Frozen,PRJNA489159
CMT-193,SRR7780889,MT,MT,Normal,MT CUK,Schnauzer,Frozen,PRJNA489159
CMT-193,SRR7780888,MT,MT,Tumor,MT CUK,Schnauzer,Frozen,PRJNA489159
CMT-197,SRR7780887,MT,MT,Normal,MT CUK,Maltese,Frozen,PRJNA489159
CMT-197,SRR7780886,MT,MT,Tumor,MT CUK,Maltese,Frozen,PRJNA489159
CMT-2,SRR7780922,MT,MT,Normal,MT CUK,Shih Tzu,Frozen,PRJNA489159
CMT-2,SRR7780923,MT,MT,Tumor,MT CUK,Shih Tzu,Frozen,PRJNA489159
CMT-201,SRR7780891,MT,MT,Normal,MT CUK,Maltese,Frozen,PRJNA489159
CMT-201,SRR7780890,MT,MT,Tumor,MT CUK,Maltese,Frozen,PRJNA489159
CMT-203,SRR7780780,MT,MT,Normal,MT CUK,Pomeranian,Frozen,PRJNA489159
CMT-203,SRR7780781,MT,MT,Tumor,MT CUK,Pomeranian,Frozen,PRJNA489159
CMT-206,SRR7780782,MT,MT,Normal,MT CUK,Miniature Pinscher,Frozen,PRJNA489159
CMT-206,SRR7780783,MT,MT,Tumor,MT CUK,Miniature Pinscher,Frozen,PRJNA489159
CMT-207,SRR7780776,MT,MT,Normal,MT CUK,Maltese,Frozen,PRJNA489159
CMT-207,SRR7780777,MT,MT,Tumor,MT CUK,Maltese,Frozen,PRJNA489159
CMT-21,SRR7780824,MT,MT,Normal,MT CUK,Maltese,Frozen,PRJNA489159
CMT-21,SRR7780825,MT,MT,Tumor,MT CUK,Maltese,Frozen,PRJNA489159
CMT-210,SRR7780778,MT,MT,Normal,MT CUK,Poodle,Frozen,PRJNA489159
CMT-210,SRR7780779,MT,MT,Tumor,MT CUK,Poodle,Frozen,PRJNA489159
CMT-215,SRR7780784,MT,MT,Normal,MT CUK,Poodle,Frozen,PRJNA489159
CMT-215,SRR7780785,MT,MT,Tumor,MT CUK,Poodle,Frozen,PRJNA489159
CMT-217,SRR7781098,MT,MT,Normal,MT CUK,Maltese,Frozen,PRJNA489159
CMT-217,SRR7781097,MT,MT,Tumor,MT CUK,Maltese,Frozen,PRJNA489159
CMT-227,SRR7781100,MT,MT,Normal,MT CUK,Maltese,Frozen,PRJNA489159
CMT-227,SRR7781099,MT,MT,Tumor,MT CUK,Maltese,Frozen,PRJNA489159
CMT-231,SRR7781094,MT,MT,Normal,MT CUK,Pomeranian,Frozen,PRJNA489159
CMT-231,SRR7781093,MT,MT,Tumor,MT CUK,Pomeranian,Frozen,PRJNA489159
CMT-232,SRR7781096,MT,MT,Normal,MT CUK,Shih Tzu,Frozen,PRJNA489159
CMT-232,SRR7781095,MT,MT,Tumor,MT CUK,Shih Tzu,Frozen,PRJNA489159
CMT-233,SRR7781092,MT,MT,Normal,MT CUK,Shih Tzu,Frozen,PRJNA489159
CMT-233,SRR7781091,MT,MT,Tumor,MT CUK,Shih Tzu,Frozen,PRJNA489159
CMT-234,SRR7781000,MT,MT,Normal,MT CUK,No breed provided,Frozen,PRJNA489159
CMT-234,SRR7781001,MT,MT,Tumor,MT CUK,No breed provided,Frozen,PRJNA489159
CMT-236,SRR7780998,MT,MT,Normal,MT CUK,No breed provided,Frozen,PRJNA489159
CMT-236,SRR7780999,MT,MT,Tumor,MT CUK,No breed provided,Frozen,PRJNA489159
CMT-239,SRR7780996,MT,MT,Normal,MT CUK,Maltese,Frozen,PRJNA489159
CMT-239,SRR7780997,MT,MT,Tumor,MT CUK,Maltese,Frozen,PRJNA489159
CMT-24,SRR7780826,MT,MT,Normal,MT CUK,Yorkshire Terrier,Frozen,PRJNA489159
CMT-24,SRR7780827,MT,MT,Tumor,MT CUK,Yorkshire Terrier,Frozen,PRJNA489159
CMT-241,SRR7780994,MT,MT,Normal,MT CUK,Shih Tzu,Frozen,PRJNA489159
CMT-241,SRR7780995,MT,MT,Tumor,MT CUK,Shih Tzu,Frozen,PRJNA489159
CMT-242,SRR7780992,MT,MT,Normal,MT CUK,Mixed,Frozen,PRJNA489159
CMT-242,SRR7780993,MT,MT,Tumor,MT CUK,Mixed,Frozen,PRJNA489159
CMT-245,SRR7780855,MT,MT,Normal,MT CUK,Chihuahua,Frozen,PRJNA489159
CMT-245,SRR7780854,MT,MT,Tumor,MT CUK,Chihuahua,Frozen,PRJNA489159
CMT-246,SRR7780853,MT,MT,Normal,MT CUK,Poodle,Frozen,PRJNA489159
CMT-246,SRR7780852,MT,MT,Tumor,MT CUK,Poodle,Frozen,PRJNA489159
CMT-247,SRR7780851,MT,MT,Normal,MT CUK,Shih Tzu,Frozen,PRJNA489159
CMT-247,SRR7780850,MT,MT,Tumor,MT CUK,Shih Tzu,Frozen,PRJNA489159
CMT-250,SRR7780849,MT,MT,Normal,MT CUK,Poodle,Frozen,PRJNA489159
CMT-250,SRR7780848,MT,MT,Tumor,MT CUK,Poodle,Frozen,PRJNA489159
CMT-252,SRR7780847,MT,MT,Normal,MT CUK,Poodle,Frozen,PRJNA489159
CMT-252,SRR7780846,MT,MT,Tumor,MT CUK,Poodle,Frozen,PRJNA489159
CMT-257,SRR7781111,MT,MT,Normal,MT CUK,Poodle,Frozen,PRJNA489159
CMT-257,SRR7781112,MT,MT,Tumor,MT CUK,Poodle,Frozen,PRJNA489159
CMT-259,SRR7780731,MT,MT,Normal,MT CUK,No breed provided,Frozen,PRJNA489159
CMT-259,SRR7780732,MT,MT,Tumor,MT CUK,No breed provided,Frozen,PRJNA489159
CMT-26,SRR7780828,MT,MT,Normal,MT CUK,Schnauzer,Frozen,PRJNA489159
CMT-26,SRR7780829,MT,MT,Tumor,MT CUK,Schnauzer,Frozen,PRJNA489159
CMT-262,SRR7780733,MT,MT,Normal,MT CUK,Maltese,Frozen,PRJNA489159
CMT-262,SRR7780734,MT,MT,Tumor,MT CUK,Maltese,Frozen,PRJNA489159
CMT-271,SRR7780737,MT,MT,Normal,MT CUK,Poodle,Frozen,PRJNA489159
CMT-271,SRR7780738,MT,MT,Tumor,MT CUK,Poodle,Frozen,PRJNA489159
CMT-272,SRR7780816,MT,MT,Normal,MT CUK,Maltese,Frozen,PRJNA489159
CMT-272,SRR7780817,MT,MT,Tumor,MT CUK,Maltese,Frozen,PRJNA489159
CMT-276,SRR7780818,MT,MT,Normal,MT CUK,Maltese,Frozen,PRJNA489159
CMT-276,SRR7780819,MT,MT,Tumor,MT CUK,Maltese,Frozen,PRJNA489159
CMT-278,SRR7780812,MT,MT,Normal,MT CUK,Maltese,Frozen,PRJNA489159
CMT-278,SRR7780813,MT,MT,Tumor,MT CUK,Maltese,Frozen,PRJNA489159
CMT-283,SRR7780814,MT,MT,Normal,MT CUK,Cocker Spaniel,Frozen,PRJNA489159
CMT-283,SRR7780815,MT,MT,Tumor,MT CUK,Cocker Spaniel,Frozen,PRJNA489159
CMT-290,SRR7780810,MT,MT,Normal,MT CUK,Miniature Pinscher,Frozen,PRJNA489159
CMT-290,SRR7780811,MT,MT,Tumor,MT CUK,Miniature Pinscher,Frozen,PRJNA489159
CMT-292,SRR7780913,MT,MT,Normal,MT CUK,Shih Tzu,Frozen,PRJNA489159
CMT-292,SRR7780912,MT,MT,Tumor,MT CUK,Shih Tzu,Frozen,PRJNA489159
CMT-3,SRR7780924,MT,MT,Normal,MT CUK,Chihuahua,Frozen,PRJNA489159
CMT-3,SRR7780925,MT,MT,Tumor,MT CUK,Chihuahua,Frozen,PRJNA489159
CMT-30,SRR7780830,MT,MT,Normal,MT CUK,Maltese,Frozen,PRJNA489159
CMT-30,SRR7780831,MT,MT,Tumor,MT CUK,Maltese,Frozen,PRJNA489159
CMT-301,SRR7780911,MT,MT,Normal,MT CUK,Dachshund,Frozen,PRJNA489159
CMT-301,SRR7780910,MT,MT,Tumor,MT CUK,Dachshund,Frozen,PRJNA489159
CMT-306,SRR7780917,MT,MT,Normal,MT CUK,Mixed,Frozen,PRJNA489159
CMT-306,SRR7780916,MT,MT,Tumor,MT CUK,Mixed,Frozen,PRJNA489159
CMT-307,SRR7780915,MT,MT,Normal,MT CUK,Poodle,Frozen,PRJNA489159
CMT-307,SRR7780914,MT,MT,Tumor,MT CUK,Poodle,Frozen,PRJNA489159
CMT-308,SRR7780909,MT,MT,Normal,MT CUK,Pomeranian,Frozen,PRJNA489159
CMT-308,SRR7780908,MT,MT,Tumor,MT CUK,Pomeranian,Frozen,PRJNA489159
CMT-31,SRR7780935,MT,MT,Normal,MT CUK,Mixed,Frozen,PRJNA489159
CMT-31,SRR7780934,MT,MT,Tumor,MT CUK,Mixed,Frozen,PRJNA489159
CMT-311,SRR7781024,MT,MT,Normal,MT CUK,Maltese,Frozen,PRJNA489159
CMT-311,SRR7781025,MT,MT,Tumor,MT CUK,Maltese,Frozen,PRJNA489159
CMT-317,SRR7781022,MT,MT,Normal,MT CUK,Pekingese,Frozen,PRJNA489159
CMT-317,SRR7781023,MT,MT,Tumor,MT CUK,Pekingese,Frozen,PRJNA489159
CMT-318,SRR7781020,MT,MT,Normal,MT CUK,Shih Tzu,Frozen,PRJNA489159
CMT-318,SRR7781021,MT,MT,Tumor,MT CUK,Shih Tzu,Frozen,PRJNA489159
CMT-319,SRR7781018,MT,MT,Normal,MT CUK,No breed provided,Frozen,PRJNA489159
CMT-319,SRR7781019,MT,MT,Tumor,MT CUK,No breed provided,Frozen,PRJNA489159
CMT-321,SRR7781026,MT,MT,Normal,MT CUK,Miniature Pinscher,Frozen,PRJNA489159
CMT-321,SRR7781027,MT,MT,Tumor,MT CUK,Miniature Pinscher,Frozen,PRJNA489159
CMT-33,SRR7780937,MT,MT,Normal,MT CUK,Yorkshire Terrier,Frozen,PRJNA489159
CMT-33,SRR7780936,MT,MT,Tumor,MT CUK,Yorkshire Terrier,Frozen,PRJNA489159
CMT-332,SRR7780744,MT,MT,Normal,MT CUK,Maltese,Frozen,PRJNA489159
CMT-332,SRR7780743,MT,MT,Tumor,MT CUK,Maltese,Frozen,PRJNA489159
CMT-336,SRR7780746,MT,MT,Normal,MT CUK,Miniature Schnauzer,Frozen,PRJNA489159
CMT-336,SRR7780745,MT,MT,Tumor,MT CUK,Miniature Schnauzer,Frozen,PRJNA489159
CMT-340,SRR7780740,MT,MT,Normal,MT CUK,Yorkshire Terrier,Frozen,PRJNA489159
CMT-340,SRR7780739,MT,MT,Tumor,MT CUK,Yorkshire Terrier,Frozen,PRJNA489159
CMT-344,SRR7780742,MT,MT,Normal,MT CUK,Yorkshire Terrier,Frozen,PRJNA489159
CMT-344,SRR7780741,MT,MT,Tumor,MT CUK,Yorkshire Terrier,Frozen,PRJNA489159
CMT-346,SRR7780752,MT,MT,Normal,MT CUK,Sapsaree,Frozen,PRJNA489159
CMT-346,SRR7780820,MT,MT,Tumor,MT CUK,Sapsaree,Frozen,PRJNA489159
CMT-348,SRR7780856,MT,MT,Normal,MT CUK,Shih Tzu,Frozen,PRJNA489159
CMT-348,SRR7780857,MT,MT,Tumor,MT CUK,Shih Tzu,Frozen,PRJNA489159
CMT-353,SRR7781049,MT,MT,Normal,MT CUK,Yorkshire Terrier,Frozen,PRJNA489159
CMT-353,SRR7780860,MT,MT,Tumor,MT CUK,Yorkshire Terrier,Frozen,PRJNA489159
CMT-354,SRR7780861,MT,MT,Normal,MT CUK,Yorkshire Terrier,Frozen,PRJNA489159
CMT-354,SRR7780862,MT,MT,Tumor,MT CUK,Yorkshire Terrier,Frozen,PRJNA489159
CMT-355,SRR7780863,MT,MT,Normal,MT CUK,Maltese,Frozen,PRJNA489159
CMT-355,SRR7780949,MT,MT,Tumor,MT CUK,Maltese,Frozen,PRJNA489159
CMT-360,SRR7781068,MT,MT,Normal,MT CUK,Poodle,Frozen,PRJNA489159
CMT-360,SRR7780961,MT,MT,Tumor,MT CUK,Poodle,Frozen,PRJNA489159
CMT-365,SRR7780960,MT,MT,Normal,MT CUK,Shih Tzu,Frozen,PRJNA489159
CMT-365,SRR7780959,MT,MT,Tumor,MT CUK,Shih Tzu,Frozen,PRJNA489159
CMT-369,SRR7780946,MT,MT,Normal,MT CUK,Mixed,Frozen,PRJNA489159
CMT-369,SRR7780957,MT,MT,Tumor,MT CUK,Mixed,Frozen,PRJNA489159
CMT-374,SRR7780956,MT,MT,Normal,MT CUK,Maltese,Frozen,PRJNA489159
CMT-374,SRR7780955,MT,MT,Tumor,MT CUK,Maltese,Frozen,PRJNA489159
CMT-377,SRR7780954,MT,MT,Normal,MT CUK,Maltese,Frozen,PRJNA489159
CMT-377,SRR7780953,MT,MT,Tumor,MT CUK,Maltese,Frozen,PRJNA489159
CMT-381,SRR7780952,MT,MT,Normal,MT CUK,Maltese,Frozen,PRJNA489159
CMT-381,SRR7781054,MT,MT,Tumor,MT CUK,Maltese,Frozen,PRJNA489159
CMT-392,SRR7781055,MT,MT,Normal,MT CUK,Maltese,Frozen,PRJNA489159
CMT-392,SRR7781052,MT,MT,Tumor,MT CUK,Maltese,Frozen,PRJNA489159
CMT-400,SRR7781053,MT,MT,Normal,MT CUK,Shih Tzu,Frozen,PRJNA489159
CMT-400,SRR7781058,MT,MT,Tumor,MT CUK,Shih Tzu,Frozen,PRJNA489159
CMT-402,SRR7781059,MT,MT,Normal,MT CUK,Dachshund,Frozen,PRJNA489159
CMT-402,SRR7781056,MT,MT,Tumor,MT CUK,Dachshund,Frozen,PRJNA489159
CMT-405,SRR7781057,MT,MT,Normal,MT CUK,Maltese,Frozen,PRJNA489159
CMT-405,SRR7781050,MT,MT,Tumor,MT CUK,Maltese,Frozen,PRJNA489159
CMT-407,SRR7781051,MT,MT,Normal,MT CUK,Mixed,Frozen,PRJNA489159
CMT-407,SRR7780789,MT,MT,Tumor,MT CUK,Mixed,Frozen,PRJNA489159
CMT-414,SRR7780788,MT,MT,Normal,MT CUK,Maltese,Frozen,PRJNA489159
CMT-414,SRR7780791,MT,MT,Tumor,MT CUK,Maltese,Frozen,PRJNA489159
CMT-417,SRR7780790,MT,MT,Normal,MT CUK,Shih Tzu,Frozen,PRJNA489159
CMT-417,SRR7780793,MT,MT,Tumor,MT CUK,Shih Tzu,Frozen,PRJNA489159
CMT-43,SRR7780931,MT,MT,Normal,MT CUK,No breed provided,Frozen,PRJNA489159
CMT-43,SRR7780930,MT,MT,Tumor,MT CUK,No breed provided,Frozen,PRJNA489159
CMT-435,SRR7780792,MT,MT,Normal,MT CUK,Mixed,Frozen,PRJNA489159
CMT-435,SRR7780795,MT,MT,Tumor,MT CUK,Mixed,Frozen,PRJNA489159
CMT-436,SRR7780794,MT,MT,Normal,MT CUK,Cocker Spaniel,Frozen,PRJNA489159
CMT-436,SRR7780787,MT,MT,Tumor,MT CUK,Cocker Spaniel,Frozen,PRJNA489159
CMT-439,SRR7780786,MT,MT,Normal,MT CUK,Miniature Pinscher,Frozen,PRJNA489159
CMT-439,SRR7780896,MT,MT,Tumor,MT CUK,Miniature Pinscher,Frozen,PRJNA489159
CMT-442,SRR7780950,MT,MT,Normal,MT CUK,Mixed,Frozen,PRJNA489159
CMT-442,SRR7780951,MT,MT,Tumor,MT CUK,Mixed,Frozen,PRJNA489159
CMT-449,SRR7780892,MT,MT,Normal,MT CUK,Dachshund,Frozen,PRJNA489159
CMT-449,SRR7780893,MT,MT,Tumor,MT CUK,Dachshund,Frozen,PRJNA489159
CMT-452,SRR7780894,MT,MT,Normal,MT CUK,Maltese,Frozen,PRJNA489159
CMT-452,SRR7780895,MT,MT,Tumor,MT CUK,Maltese,Frozen,PRJNA489159
CMT-456,SRR7780904,MT,MT,Normal,MT CUK,Poodle,Frozen,PRJNA489159
CMT-456,SRR7780809,MT,MT,Tumor,MT CUK,Poodle,Frozen,PRJNA489159
CMT-458,SRR7780843,MT,MT,Normal,MT CUK,Pomeranian,Frozen,PRJNA489159
CMT-458,SRR7781004,MT,MT,Tumor,MT CUK,Pomeranian,Frozen,PRJNA489159
CMT-459,SRR7781003,MT,MT,Normal,MT CUK,Cocker Spaniel,Frozen,PRJNA489159
CMT-459,SRR7781002,MT,MT,Tumor,MT CUK,Cocker Spaniel,Frozen,PRJNA489159
CMT-471,SRR7781009,MT,MT,Normal,MT CUK,Cocker Spaniel,Frozen,PRJNA489159
CMT-471,SRR7781008,MT,MT,Tumor,MT CUK,Cocker Spaniel,Frozen,PRJNA489159
CMT-48,SRR7780933,MT,MT,Normal,MT CUK,Maltese,Frozen,PRJNA489159
CMT-48,SRR7780932,MT,MT,Tumor,MT CUK,Maltese,Frozen,PRJNA489159
CMT-480,SRR7781006,MT,MT,Normal,MT CUK,Maltese,Frozen,PRJNA489159
CMT-480,SRR7780845,MT,MT,Tumor,MT CUK,Maltese,Frozen,PRJNA489159
CMT-495,SRR7781065,MT,MT,Normal,MT CUK,Shih Tzu,Frozen,PRJNA489159
CMT-495,SRR7781064,MT,MT,Tumor,MT CUK,Shih Tzu,Frozen,PRJNA489159
CMT-496,SRR7781067,MT,MT,Normal,MT CUK,Yorkshire Terrier,Frozen,PRJNA489159
CMT-496,SRR7781066,MT,MT,Tumor,MT CUK,Yorkshire Terrier,Frozen,PRJNA489159
CMT-505,SRR7781061,MT,MT,Normal,MT CUK,Maltese,Frozen,PRJNA489159
CMT-505,SRR7781060,MT,MT,Tumor,MT CUK,Maltese,Frozen,PRJNA489159
CMT-51,SRR7780929,MT,MT,Normal,MT CUK,Mixed,Frozen,PRJNA489159
CMT-51,SRR7780928,MT,MT,Tumor,MT CUK,Mixed,Frozen,PRJNA489159
CMT-523,SRR7781062,MT,MT,Normal,MT CUK,Shih Tzu,Frozen,PRJNA489159
CMT-523,SRR7781070,MT,MT,Tumor,MT CUK,Shih Tzu,Frozen,PRJNA489159
CMT-53,SRR7781036,MT,MT,Normal,MT CUK,Maltese,Frozen,PRJNA489159
CMT-53,SRR7781037,MT,MT,Tumor,MT CUK,Maltese,Frozen,PRJNA489159
CMT-538,SRR7781069,MT,MT,Normal,MT CUK,Yorkshire Terrier,Frozen,PRJNA489159
CMT-538,SRR7780968,MT,MT,Tumor,MT CUK,Yorkshire Terrier,Frozen,PRJNA489159
CMT-54,SRR7781034,MT,MT,Normal,MT CUK,Poodle,Frozen,PRJNA489159
CMT-54,SRR7781035,MT,MT,Tumor,MT CUK,Poodle,Frozen,PRJNA489159
CMT-57,SRR7781032,MT,MT,Normal,MT CUK,Maltese,Frozen,PRJNA489159
CMT-57,SRR7781033,MT,MT,Tumor,MT CUK,Maltese,Frozen,PRJNA489159
CMT-577,SRR7780969,MT,MT,Normal,MT CUK,Schnauzer,Frozen,PRJNA489159
CMT-577,SRR7780966,MT,MT,Tumor,MT CUK,Schnauzer,Frozen,PRJNA489159
CMT-581,SRR7780967,MT,MT,Normal,MT CUK,Chihuahua,Frozen,PRJNA489159
CMT-581,SRR7780964,MT,MT,Tumor,MT CUK,Chihuahua,Frozen,PRJNA489159
CMT-586,SRR7780965,MT,MT,Normal,MT CUK,Cocker Spaniel,Frozen,PRJNA489159
CMT-586,SRR7780962,MT,MT,Tumor,MT CUK,Cocker Spaniel,Frozen,PRJNA489159
CMT-59,SRR7781030,MT,MT,Normal,MT CUK,Maltese,Frozen,PRJNA489159
CMT-59,SRR7781031,MT,MT,Tumor,MT CUK,Maltese,Frozen,PRJNA489159
CMT-60,SRR7781028,MT,MT,Normal,MT CUK,Shih Tzu,Frozen,PRJNA489159
CMT-60,SRR7781029,MT,MT,Tumor,MT CUK,Shih Tzu,Frozen,PRJNA489159
CMT-603,SRR7780970,MT,MT,Normal,MT CUK,No breed provided,Frozen,PRJNA489159
CMT-603,SRR7780971,MT,MT,Tumor,MT CUK,No breed provided,Frozen,PRJNA489159
CMT-606,SRR7780867,MT,MT,Normal,MT CUK,Poodle,Frozen,PRJNA489159
CMT-606,SRR7780866,MT,MT,Tumor,MT CUK,Poodle,Frozen,PRJNA489159
CMT-613,SRR7780865,MT,MT,Normal,MT CUK,Shih Tzu,Frozen,PRJNA489159
CMT-613,SRR7780864,MT,MT,Tumor,MT CUK,Shih Tzu,Frozen,PRJNA489159
CMT-615,SRR7780871,MT,MT,Normal,MT CUK,Pomeranian,Frozen,PRJNA489159
CMT-615,SRR7780870,MT,MT,Tumor,MT CUK,Pomeranian,Frozen,PRJNA489159
CMT-63,SRR7780761,MT,MT,Normal,MT CUK,Shih Tzu,Frozen,PRJNA489159
CMT-63,SRR7780760,MT,MT,Tumor,MT CUK,Shih Tzu,Frozen,PRJNA489159
CMT-630,SRR7780869,MT,MT,Normal,MT CUK,Cocker Spaniel,Frozen,PRJNA489159
CMT-630,SRR7780868,MT,MT,Tumor,MT CUK,Cocker Spaniel,Frozen,PRJNA489159
CMT-632,SRR7780859,MT,MT,Normal,MT CUK,King Charles Spaniel,Frozen,PRJNA489159
CMT-632,SRR7780858,MT,MT,Tumor,MT CUK,King Charles Spaniel,Frozen,PRJNA489159
CMT-634,SRR7780751,MT,MT,Normal,MT CUK,Yorkshire Terrier,Frozen,PRJNA489159
CMT-634,SRR7780821,MT,MT,Tumor,MT CUK,Yorkshire Terrier,Frozen,PRJNA489159
CMT-638,SRR7780753,MT,MT,Normal,MT CUK,Yorkshire Terrier,Frozen,PRJNA489159
CMT-638,SRR7780754,MT,MT,Tumor,MT CUK,Yorkshire Terrier,Frozen,PRJNA489159
CMT-642,SRR7780747,MT,MT,Normal,MT CUK,Maltese,Frozen,PRJNA489159
CMT-642,SRR7780748,MT,MT,Tumor,MT CUK,Maltese,Frozen,PRJNA489159
CMT-644,SRR7780749,MT,MT,Normal,MT CUK,Schnauzer,Frozen,PRJNA489159
CMT-644,SRR7780750,MT,MT,Tumor,MT CUK,Schnauzer,Frozen,PRJNA489159
CMT-651,SRR7780806,MT,MT,Normal,MT CUK,Maltese,Frozen,PRJNA489159
CMT-651,SRR7780808,MT,MT,Tumor,MT CUK,Maltese,Frozen,PRJNA489159
CMT-652,SRR7781104,MT,MT,Normal,MT CUK,Poodle,Frozen,PRJNA489159
CMT-652,SRR7781103,MT,MT,Tumor,MT CUK,Poodle,Frozen,PRJNA489159
CMT-659,SRR7781106,MT,MT,Normal,MT CUK,Shih Tzu,Frozen,PRJNA489159
CMT-659,SRR7781105,MT,MT,Tumor,MT CUK,Shih Tzu,Frozen,PRJNA489159
CMT-660,SRR7781108,MT,MT,Normal,MT CUK,Poodle,Frozen,PRJNA489159
CMT-660,SRR7781107,MT,MT,Tumor,MT CUK,Poodle,Frozen,PRJNA489159
CMT-667,SRR7781110,MT,MT,Normal,MT CUK,Maltese,Frozen,PRJNA489159
CMT-667,SRR7781109,MT,MT,Tumor,MT CUK,Maltese,Frozen,PRJNA489159
CMT-678,SRR7781102,MT,MT,Normal,MT CUK,Mixed,Frozen,PRJNA489159
CMT-678,SRR7781101,MT,MT,Tumor,MT CUK,Mixed,Frozen,PRJNA489159
CMT-685,SRR7781012,MT,MT,Normal,MT CUK,Maltese,Frozen,PRJNA489159
CMT-685,SRR7781013,MT,MT,Tumor,MT CUK,Maltese,Frozen,PRJNA489159
CMT-686,SRR7781010,MT,MT,Normal,MT CUK,Shih Tzu,Frozen,PRJNA489159
CMT-686,SRR7781011,MT,MT,Tumor,MT CUK,Shih Tzu,Frozen,PRJNA489159
CMT-690,SRR7781017,MT,MT,Normal,MT CUK,Bichon Frise,Frozen,PRJNA489159
CMT-690,SRR7781014,MT,MT,Tumor,MT CUK,Bichon Frise,Frozen,PRJNA489159
CMT-695,SRR7781015,MT,MT,Normal,MT CUK,Poodle,Frozen,PRJNA489159
CMT-695,SRR7780842,MT,MT,Tumor,MT CUK,Poodle,Frozen,PRJNA489159
CMT-70,SRR7780759,MT,MT,Normal,MT CUK,Pomeranian,Frozen,PRJNA489159
CMT-70,SRR7780758,MT,MT,Tumor,MT CUK,Pomeranian,Frozen,PRJNA489159
CMT-711,SRR7781005,MT,MT,Normal,MT CUK,Yorkshire Terrier,Frozen,PRJNA489159
CMT-711,SRR7780907,MT,MT,Tumor,MT CUK,Yorkshire Terrier,Frozen,PRJNA489159
CMT-719,SRR7780906,MT,MT,Normal,MT CUK,Maltese,Frozen,PRJNA489159
CMT-719,SRR7780905,MT,MT,Tumor,MT CUK,Maltese,Frozen,PRJNA489159
CMT-72,SRR7780765,MT,MT,Normal,MT CUK,Mixed,Frozen,PRJNA489159
CMT-72,SRR7780764,MT,MT,Tumor,MT CUK,Mixed,Frozen,PRJNA489159
CMT-724,SRR7780958,MT,MT,Normal,MT CUK,Maltese,Frozen,PRJNA489159
CMT-724,SRR7780903,MT,MT,Tumor,MT CUK,Maltese,Frozen,PRJNA489159
CMT-725,SRR7780902,MT,MT,Normal,MT CUK,Maltese,Frozen,PRJNA489159
CMT-725,SRR7780901,MT,MT,Tumor,MT CUK,Maltese,Frozen,PRJNA489159
CMT-730,SRR7780900,MT,MT,Normal,MT CUK,Maltese,Frozen,PRJNA489159
CMT-730,SRR7780899,MT,MT,Tumor,MT CUK,Maltese,Frozen,PRJNA489159
CMT-737,SRR7780898,MT,MT,Normal,MT CUK,Cocker Spaniel,Frozen,PRJNA489159
CMT-737,SRR7780796,MT,MT,Tumor,MT CUK,Cocker Spaniel,Frozen,PRJNA489159
CMT-74,SRR7780763,MT,MT,Normal,MT CUK,Shih Tzu,Frozen,PRJNA489159
CMT-74,SRR7780762,MT,MT,Tumor,MT CUK,Shih Tzu,Frozen,PRJNA489159
CMT-756,SRR7780799,MT,MT,Normal,MT CUK,Maltese,Frozen,PRJNA489159
CMT-756,SRR7780800,MT,MT,Tumor,MT CUK,Maltese,Frozen,PRJNA489159
CMT-77,SRR7780757,MT,MT,Normal,MT CUK,Beagle,Frozen,PRJNA489159
CMT-77,SRR7780756,MT,MT,Tumor,MT CUK,Beagle,Frozen,PRJNA489159
CMT-774,SRR7780802,MT,MT,Normal,MT CUK,Maltese,Frozen,PRJNA489159
CMT-774,SRR7780803,MT,MT,Tumor,MT CUK,Maltese,Frozen,PRJNA489159
CMT-776,SRR7780804,MT,MT,Normal,MT CUK,Maltese,Frozen,PRJNA489159
CMT-776,SRR7780805,MT,MT,Tumor,MT CUK,Maltese,Frozen,PRJNA489159
CMT-78,SRR7780876,MT,MT,Normal,MT CUK,Cocker Spaniel,Frozen,PRJNA489159
CMT-78,SRR7780877,MT,MT,Tumor,MT CUK,Cocker Spaniel,Frozen,PRJNA489159
CMT-785,SRR7780807,MT,MT,Normal,MT CUK,Old English Sheepdog,Frozen,PRJNA489159
CMT-785,SRR7780755,MT,MT,Tumor,MT CUK,Old English Sheepdog,Frozen,PRJNA489159
CMT-8,SRR7780918,MT,MT,Normal,MT CUK,Chihuahua,Frozen,PRJNA489159
CMT-8,SRR7780919,MT,MT,Tumor,MT CUK,Chihuahua,Frozen,PRJNA489159
CMT-84,SRR7780878,MT,MT,Normal,MT CUK,No breed provided,Frozen,PRJNA489159
CMT-84,SRR7780879,MT,MT,Tumor,MT CUK,No breed provided,Frozen,PRJNA489159
CMT-9,SRR7780920,MT,MT,Normal,MT CUK,Maltese,Frozen,PRJNA489159
CMT-9,SRR7780921,MT,MT,Tumor,MT CUK,Maltese,Frozen,PRJNA489159
CMT-91,SRR7780872,MT,MT,Normal,MT CUK,Maltese,Frozen,PRJNA489159
CMT-91,SRR7780873,MT,MT,Tumor,MT CUK,Maltese,Frozen,PRJNA489159
CMT-92,SRR7780874,MT,MT,Normal,MT CUK,Schnauzer,Frozen,PRJNA489159
CMT-92,SRR7780875,MT,MT,Tumor,MT CUK,Schnauzer,Frozen,PRJNA489159
CMT-93,SRR7780880,MT,MT,Normal,MT CUK,Maltese,Frozen,PRJNA489159
CMT-93,SRR7780881,MT,MT,Tumor,MT CUK,Maltese,Frozen,PRJNA489159
CMT-97,SRR7780972,MT,MT,Normal,MT CUK,Maltese,Frozen,PRJNA489159
CMT-97,SRR7780975,MT,MT,Tumor,MT CUK,Maltese,Frozen,PRJNA489159
CMT-99,SRR7780974,MT,MT,Normal,MT CUK,Maltese,Frozen,PRJNA489159
CMT-99,SRR7780977,MT,MT,Tumor,MT CUK,Maltese,Frozen,PRJNA489159
ColWym,SAMN03436669,OSA,OSA,Normal,OSA BI,Greyhound,Frozen,PRJNA247493
ColWym,SAMN03732753,OSA,OSA,Tumor,OSA BI,Greyhound,Frozen,PRJNA247493
DD0001,ERR1681499-ERR1681454,OM,OM,Normal,OM SC,No breed provided,FFPE,PRJEB12081
DD0001,ERR1681500-ERR1681455,OM,OM,Tumor,OM SC,No breed provided,FFPE,PRJEB12081
DD0002,ERR1681456-ERR1681501,OM,OM,Normal,OM SC,No breed provided,FFPE,PRJEB12081
DD0002,ERR1681457-ERR1681502,OM,OM,Tumor,OM SC,No breed provided,FFPE,PRJEB12081
DD0002-1,ERR1681458-ERR1681503,OM,OM,Tumor,OM SC,No breed provided,FFPE,PRJEB12081
DD0005,ERR1681462-ERR1681507,OM,OM,Normal,OM SC,No breed provided,FFPE,PRJEB12081
DD0005,ERR1681463-ERR1681508,OM,OM,Tumor,OM SC,No breed provided,FFPE,PRJEB12081
DD0005-1,ERR1681464-ERR1681509,OM,OM,Tumor,OM SC,No breed provided,FFPE,PRJEB12081
DD0006,ERR1681465-ERR1681510,OM,OM,Normal,OM SC,No breed provided,FFPE,PRJEB12081
DD0006,ERR1681466-ERR1681511,OM,OM,Tumor,OM SC,No breed provided,FFPE,PRJEB12081
DD0006-1,ERR1681467-ERR1681512,OM,OM,Tumor,OM SC,No breed provided,FFPE,PRJEB12081
DD0007,ERR2396468-ERR2496954,OM,OM,Normal,OM SC,No breed provided,FFPE,PRJEB12081
DD0007,ERR2396469-ERR2496955,OM,OM,Tumor,OM SC,No breed provided,FFPE,PRJEB12081
DD0008,ERR2396466-ERR2496952,OM,OM,Normal,OM SC,No breed provided,FFPE,PRJEB12081
DD0008,ERR2396467-ERR2496953,OM,OM,Tumor,OM SC,No breed provided,FFPE,PRJEB12081
DD0010,ERR2436319-ERR2496966,OM,OM,Normal,OM SC,No breed provided,FFPE,PRJEB12081
DD0010,ERR2436320-ERR2496967,OM,OM,Tumor,OM SC,No breed provided,FFPE,PRJEB12081
DD0012,ERR2436317-ERR2496964,OM,OM,Normal,OM SC,No breed provided,FFPE,PRJEB12081
DD0012,ERR2436318-ERR2496965,OM,OM,Tumor,OM SC,No breed provided,FFPE,PRJEB12081
DD0013,ERR1681437-ERR1681482,OM,OM,Tumor,OM SC,No breed provided,FFPE,PRJEB12081
DD0013,ERR1681438-ERR1681483,OM,OM,Normal,OM SC,No breed provided,FFPE,PRJEB12081
DD0014,ERR1681471-ERR1681516,OM,OM,Normal,OM SC,No breed provided,FFPE,PRJEB12081
DD0014,ERR1681472-ERR1681517,OM,OM,Tumor,OM SC,No breed provided,FFPE,PRJEB12081
DD0014-1,ERR1681473-ERR1681518,OM,OM,Tumor,OM SC,No breed provided,FFPE,PRJEB12081
DD0015,ERR2436315-ERR2496962,OM,OM,Normal,OM SC,No breed provided,FFPE,PRJEB12081
DD0015,ERR2436316-ERR2496963,OM,OM,Tumor,OM SC,No breed provided,FFPE,PRJEB12081
DD0016,ERR1681439-ERR1681484,OM,OM,Normal,OM SC,No breed provided,FFPE,PRJEB12081
DD0016,ERR1681440-ERR1681485,OM,OM,Tumor,OM SC,No breed provided,FFPE,PRJEB12081
DD0041,ERR1681435-ERR1681480,OM,OM,Normal,OM SC,No breed provided,FFPE,PRJEB12081
DD0041,ERR1681436-ERR1681481,OM,OM,Tumor,OM SC,No breed provided,FFPE,PRJEB12081
DD0042,ERR1681474-ERR1681519,OM,OM,Normal,OM SC,No breed provided,FFPE,PRJEB12081
DD0042,ERR1681475-ERR1681520,OM,OM,Tumor,OM SC,No breed provided,FFPE,PRJEB12081
DD0042-1,ERR1681476-ERR1681521,OM,OM,Tumor,OM SC,No breed provided,FFPE,PRJEB12081
DD0042-2,ERR1681477-ERR1681522,OM,OM,Tumor,OM SC,No breed provided,FFPE,PRJEB12081
DD0044,ERR1672129-ERR1672216,OM,OM,Normal,OM SC,No breed provided,FFPE,PRJEB12081
DD0044,ERR1672130-ERR1672217,OM,OM,Tumor,OM SC,No breed provided,FFPE,PRJEB12081
DD0045,ERR1681442-ERR1681487,OM,OM,Normal,OM SC,No breed provided,FFPE,PRJEB12081
DD0045,ERR1681443-ERR1681488,OM,OM,Tumor,OM SC,No breed provided,FFPE,PRJEB12081
DD0046,ERR1672131-ERR1672218,OM,OM,Normal,OM SC,No breed provided,FFPE,PRJEB12081
DD0046,ERR1672132-ERR1672219,OM,OM,Tumor,OM SC,No breed provided,FFPE,PRJEB12081
DD0047,ERR1672133-ERR1672220,OM,OM,Normal,OM SC,No breed provided,FFPE,PRJEB12081
DD0047,ERR1672134-ERR1672221,OM,OM,Tumor,OM SC,No breed provided,FFPE,PRJEB12081
DD0048,ERR1681444-ERR1681489,OM,OM,Normal,OM SC,No breed provided,FFPE,PRJEB12081
DD0048,ERR1681445-ERR1681490,OM,OM,Tumor,OM SC,No breed provided,FFPE,PRJEB12081
DD0049,ERR1672135-ERR1672222,OM,OM,Normal,OM SC,No breed provided,FFPE,PRJEB12081
DD0049,ERR1672136-ERR1672223,OM,OM,Tumor,OM SC,No breed provided,FFPE,PRJEB12081
DD0050,ERR1672137-ERR1672224,OM,OM,Normal,OM SC,No breed provided,FFPE,PRJEB12081
DD0050,ERR1672138-ERR1672225,OM,OM,Tumor,OM SC,No breed provided,FFPE,PRJEB12081
DD0051,ERR1672139-ERR1672226,OM,OM,Normal,OM SC,No breed provided,FFPE,PRJEB12081
DD0051,ERR1672140-ERR1672227,OM,OM,Tumor,OM SC,No breed provided,FFPE,PRJEB12081
DD0052,ERR1672141-ERR1672228,OM,OM,Normal,OM SC,No breed provided,FFPE,PRJEB12081
DD0052,ERR1672142-ERR1672229,OM,OM,Tumor,OM SC,No breed provided,FFPE,PRJEB12081
DD0053,ERR1672143-ERR1672230,OM,OM,Normal,OM SC,No breed provided,FFPE,PRJEB12081
DD0053,ERR1672144-ERR1672231,OM,OM,Tumor,OM SC,No breed provided,FFPE,PRJEB12081
DD0054,ERR1681446-ERR1681491,OM,OM,Normal,OM SC,No breed provided,FFPE,PRJEB12081
DD0054,ERR1681447-ERR1681492,OM,OM,Tumor,OM SC,No breed provided,FFPE,PRJEB12081
DD0055,ERR1672145-ERR1672232,OM,OM,Normal,OM SC,No breed provided,FFPE,PRJEB12081
DD0055,ERR1672146-ERR1672233,OM,OM,Tumor,OM SC,No breed provided,FFPE,PRJEB12081
DD0056,ERR1672147-ERR1672234,OM,OM,Normal,OM SC,No breed provided,FFPE,PRJEB12081
DD0056,ERR1672148-ERR1672235,OM,OM,Tumor,OM SC,No breed provided,FFPE,PRJEB12081
DD0057,ERR1672149-ERR1672236,OM,OM,Normal,OM SC,No breed provided,FFPE,PRJEB12081
DD0057,ERR1672150-ERR1672237,OM,OM,Tumor,OM SC,No breed provided,FFPE,PRJEB12081
DD0058,ERR1672151-ERR1672238,OM,OM,Normal,OM SC,No breed provided,FFPE,PRJEB12081
DD0058,ERR1672152-ERR1672239,OM,OM,Tumor,OM SC,No breed provided,FFPE,PRJEB12081
DD0059,ERR1672153-ERR1672240,OM,OM,Normal,OM SC,No breed provided,FFPE,PRJEB12081
DD0059,ERR1672154-ERR1672241,OM,OM,Tumor,OM SC,No breed provided,FFPE,PRJEB12081
DD0060,ERR1672155-ERR1672242,OM,OM,Normal,OM SC,No breed provided,FFPE,PRJEB12081
DD0060,ERR1672156-ERR1672243,OM,OM,Tumor,OM SC,No breed provided,FFPE,PRJEB12081
DD0061,ERR1672157-ERR1672244,OM,OM,Normal,OM SC,No breed provided,FFPE,PRJEB12081
DD0061,ERR1672158-ERR1672245,OM,OM,Tumor,OM SC,No breed provided,FFPE,PRJEB12081
DD0062,ERR1672159-ERR1672246,OM,OM,Normal,OM SC,No breed provided,FFPE,PRJEB12081
DD0062,ERR1672160-ERR1672247,OM,OM,Tumor,OM SC,No breed provided,FFPE,PRJEB12081
DD0063,ERR1672161-ERR1672248,OM,OM,Normal,OM SC,No breed provided,FFPE,PRJEB12081
DD0063,ERR1672162-ERR1672249,OM,OM,Tumor,OM SC,No breed provided,FFPE,PRJEB12081
DD0064,ERR1672163-ERR1672250,OM,OM,Normal,OM SC,No breed provided,FFPE,PRJEB12081
DD0064,ERR1672164-ERR1672251,OM,OM,Tumor,OM SC,No breed provided,FFPE,PRJEB12081
DD0065,ERR1672165-ERR1672252,OM,OM,Normal,OM SC,No breed provided,FFPE,PRJEB12081
DD0065,ERR1672166-ERR1672253,OM,OM,Tumor,OM SC,No breed provided,FFPE,PRJEB12081
DD0066,ERR1672167-ERR1672254,OM,OM,Tumor,OM SC,No breed provided,FFPE,PRJEB12081
DD0066,ERR1672168-ERR1672255,OM,OM,Normal,OM SC,No breed provided,FFPE,PRJEB12081
DD0067,ERR1672169-ERR1672256,OM,OM,Normal,OM SC,No breed provided,FFPE,PRJEB12081
DD0067,ERR1672170-ERR1672257,OM,OM,Tumor,OM SC,No breed provided,FFPE,PRJEB12081
DD0068,ERR1672171-ERR1672258,OM,OM,Normal,OM SC,No breed provided,FFPE,PRJEB12081
DD0068,ERR1672172-ERR1672259,OM,OM,Tumor,OM SC,No breed provided,FFPE,PRJEB12081
DD0069,ERR1672173-ERR1672260,OM,OM,Normal,OM SC,No breed provided,FFPE,PRJEB12081
DD0069,ERR1672174-ERR1672261,OM,OM,Tumor,OM SC,No breed provided,FFPE,PRJEB12081
DD0070,ERR1672175-ERR1672262,OM,OM,Normal,OM SC,No breed provided,FFPE,PRJEB12081
DD0070,ERR1672176-ERR1672263,OM,OM,Tumor,OM SC,No breed provided,FFPE,PRJEB12081
DD0071,ERR1672177-ERR1672264,OM,OM,Normal,OM SC,No breed provided,FFPE,PRJEB12081
DD0071,ERR1672178-ERR1672265,OM,OM,Tumor,OM SC,No breed provided,FFPE,PRJEB12081
DD0072,ERR1681448-ERR1681493,OM,OM,Normal,OM SC,No breed provided,FFPE,PRJEB12081
DD0072,ERR1681449-ERR1681494,OM,OM,Tumor,OM SC,No breed provided,FFPE,PRJEB12081
DD0073,ERR1672179-ERR1672266,OM,OM,Normal,OM SC,No breed provided,FFPE,PRJEB12081
DD0073,ERR1672180-ERR1672267,OM,OM,Tumor,OM SC,No breed provided,FFPE,PRJEB12081
DD0074,ERR1672181-ERR1672268,OM,OM,Normal,OM SC,No breed provided,FFPE,PRJEB12081
DD0074,ERR1672182-ERR1672269,OM,OM,Tumor,OM SC,No breed provided,FFPE,PRJEB12081
DD0075,ERR1672183-ERR1672270,OM,OM,Normal,OM SC,No breed provided,FFPE,PRJEB12081
DD0075,ERR1672184-ERR1672271,OM,OM,Tumor,OM SC,No breed provided,FFPE,PRJEB12081
DD0078,ERR1672186-ERR1672273,OM,OM,Normal,OM SC,No breed provided,FFPE,PRJEB12081
DD0078,ERR1672187-ERR1672274,OM,OM,Tumor,OM SC,No breed provided,FFPE,PRJEB12081
DD0079,ERR1672188-ERR1672275,OM,OM,Normal,OM SC,No breed provided,FFPE,PRJEB12081
DD0079,ERR1672189-ERR1672276,OM,OM,Tumor,OM SC,No breed provided,FFPE,PRJEB12081
DD0080,ERR1672190-ERR1672277,OM,OM,Tumor,OM SC,No breed provided,FFPE,PRJEB12081
DD0080,ERR1672191-ERR1672278,OM,OM,Normal,OM SC,No breed provided,FFPE,PRJEB12081
DD0081,ERR1681450-ERR1681495,OM,OM,Tumor,OM SC,No breed provided,FFPE,PRJEB12081
DD0081,ERR1681451-ERR1681496,OM,OM,Normal,OM SC,No breed provided,FFPE,PRJEB12081
DD0083,ERR1672193-ERR1672280,OM,OM,Tumor,OM SC,No breed provided,FFPE,PRJEB12081
DD0083,ERR1672194-ERR1672281,OM,OM,Normal,OM SC,No breed provided,FFPE,PRJEB12081
DD0084,ERR2396464-ERR2496950,OM,OM,Tumor,OM SC,No breed provided,FFPE,PRJEB12081
DD0084,ERR2396465-ERR2496951,OM,OM,Normal,OM SC,No breed provided,FFPE,PRJEB12081
DD0085,ERR1672195-ERR1672282,OM,OM,Tumor,OM SC,No breed provided,FFPE,PRJEB12081
DD0085,ERR1672196-ERR1672283,OM,OM,Normal,OM SC,No breed provided,FFPE,PRJEB12081
DD0086,ERR2436313-ERR2496960,OM,OM,Tumor,OM SC,No breed provided,FFPE,PRJEB12081
DD0086,ERR2436314-ERR2496961,OM,OM,Normal,OM SC,No breed provided,FFPE,PRJEB12081
DD0087,ERR1672197-ERR1672284,OM,OM,Tumor,OM SC,No breed provided,FFPE,PRJEB12081
DD0087,ERR1672198-ERR1672285,OM,OM,Normal,OM SC,No breed provided,FFPE,PRJEB12081
DD0089,ERR1672201-ERR1672288,OM,OM,Tumor,OM SC,No breed provided,FFPE,PRJEB12081
DD0089,ERR1672202-ERR1672289,OM,OM,Normal,OM SC,No breed provided,FFPE,PRJEB12081
DD0091,ERR1672204-ERR1672291,OM,OM,Tumor,OM SC,No breed provided,FFPE,PRJEB12081
DD0091,ERR1672205-ERR1672292,OM,OM,Normal,OM SC,No breed provided,FFPE,PRJEB12081
DD0092,ERR2436311-ERR2496958,OM,OM,Tumor,OM SC,No breed provided,FFPE,PRJEB12081
DD0092,ERR2436312-ERR2496959,OM,OM,Normal,OM SC,No breed provided,FFPE,PRJEB12081
DD0093,ERR1681452-ERR1681497,OM,OM,Tumor,OM SC,No breed provided,FFPE,PRJEB12081
DD0093,ERR1681453-ERR1681498,OM,OM,Normal,OM SC,No breed provided,FFPE,PRJEB12081
DD0095,ERR1672206-ERR1681423,OM,OM,Normal,OM SC,No breed provided,FFPE,PRJEB12081
DD0095,ERR1672207-ERR1681424,OM,OM,Tumor,OM SC,No breed provided,FFPE,PRJEB12081
DD0096,ERR1672208-ERR1681425,OM,OM,Normal,OM SC,No breed provided,FFPE,PRJEB12081
DD0096,ERR1672209-ERR1681426,OM,OM,Tumor,OM SC,No breed provided,FFPE,PRJEB12081
DD0097,ERR1672210-ERR1681427,OM,OM,Normal,OM SC,No breed provided,FFPE,PRJEB12081
DD0097,ERR1672211-ERR1681428,OM,OM,Tumor,OM SC,No breed provided,FFPE,PRJEB12081
DD0098,ERR1672212-ERR1681429,OM,OM,Normal,OM SC,No breed provided,FFPE,PRJEB12081
DD0098,ERR1672213-ERR1681430,OM,OM,Tumor,OM SC,No breed provided,FFPE,PRJEB12081
DD0099,ERR1672214-ERR1681431,OM,OM,Normal,OM SC,No breed provided,FFPE,PRJEB12081
DD0099,ERR1672215-ERR1681432,OM,OM,Tumor,OM SC,No breed provided,FFPE,PRJEB12081
DD0100,ERR1681433-ERR1681478,OM,OM,Normal,OM SC,No breed provided,FFPE,PRJEB12081
DD0100,ERR1681434-ERR1681479,OM,OM,Tumor,OM SC,No breed provided,FFPE,PRJEB12081
DiaPar,SAMN03732683,OSA,OSA,Normal,OSA BI,Greyhound,Frozen,PRJNA247493
DiaPar,SAMN03436505,OSA,OSA,Tumor,OSA BI,Greyhound,Frozen,PRJNA247493
FBB,SAMN03436470,OSA,OSA,Normal,OSA BI,Greyhound,Frozen,PRJNA247493
FBB,SAMN03732777,OSA,OSA,Tumor,OSA BI,Greyhound,Frozen,PRJNA247493
GalLyo,SAMN03732750,OSA,OSA,Normal,OSA BI,Greyhound,Frozen,PRJNA247493
GalLyo,SAMN03436501,OSA,OSA,Tumor,OSA BI,Greyhound,Frozen,PRJNA247493
GarLar,SAMN03436645,OSA,OSA,Normal,OSA BI,Greyhound,Frozen,PRJNA247493
GarLar,SAMN03436693,OSA,OSA,Tumor,OSA BI,Greyhound,Frozen,PRJNA247493
GenCon,SAMN03436710,OSA,OSA,Normal,OSA BI,Greyhound,Frozen,PRJNA247493
GenCon,SAMN03732778,OSA,OSA,Tumor,OSA BI,Greyhound,Frozen,PRJNA247493
Golden1,SAMN03436494,UCL,UCL,Tumor,UCL BI,Golden Retriever,Frozen,PRJNA247493
Golden1,SAMN03436667,UCL,UCL,Normal,UCL BI,Golden Retriever,Frozen,PRJNA247493
Golden10,SAMN03436478,UCL,UCL,Tumor,UCL BI,Golden Retriever,Frozen,PRJNA247493
Golden10,SAMN03436533,UCL,UCL,Normal,UCL BI,Golden Retriever,Frozen,PRJNA247493
Golden11,SAMN03436707,UCL,UCL,Tumor,UCL BI,Golden Retriever,Frozen,PRJNA247493
Golden11,SAMN03436584,UCL,UCL,Normal,UCL BI,Golden Retriever,Frozen,PRJNA247493
Golden12,SAMN03436729,UCL,UCL,Tumor,UCL BI,Golden Retriever,Frozen,PRJNA247493
Golden12,SAMN03436632,UCL,UCL,Normal,UCL BI,Golden Retriever,Frozen,PRJNA247493
Golden2,SAMN03436853,UCL,UCL,Tumor,UCL BI,Golden Retriever,Frozen,PRJNA247493
Golden2,SAMN03436678,UCL,UCL,Normal,UCL BI,Golden Retriever,Frozen,PRJNA247493
Golden3,SAMN03436894,UCL,UCL,Tumor,UCL BI,Golden Retriever,Frozen,PRJNA247493
Golden3,SAMN03436823,UCL,UCL,Normal,UCL BI,Golden Retriever,Frozen,PRJNA247493
Golden4,SAMN03436637,UCL,UCL,Tumor,UCL BI,Golden Retriever,Frozen,PRJNA247493
Golden4,SAMN03436582,UCL,UCL,Normal,UCL BI,Golden Retriever,Frozen,PRJNA247493
Golden5,SAMN03436535,UCL,UCL,Tumor,UCL BI,Golden Retriever,Frozen,PRJNA247493
Golden5,SAMN03436821,UCL,UCL,Normal,UCL BI,Golden Retriever,Frozen,PRJNA247493
Golden6,SAMN03436261,UCL,UCL,Tumor,UCL BI,Golden Retriever,Frozen,PRJNA247493
Golden6,SAMN03436569,UCL,UCL,Normal,UCL BI,Golden Retriever,Frozen,PRJNA247493
Golden7,SAMN03436703,UCL,UCL,Tumor,UCL BI,Golden Retriever,Frozen,PRJNA247493
Golden7,SAMN03436709,UCL,UCL,Normal,UCL BI,Golden Retriever,Frozen,PRJNA247493
Golden8,SAMN03436578,UCL,UCL,Tumor,UCL BI,Golden Retriever,Frozen,PRJNA247493
Golden8,SAMN03436489,UCL,UCL,Normal,UCL BI,Golden Retriever,Frozen,PRJNA247493
Golden9,SAMN03436600,UCL,UCL,Tumor,UCL BI,Golden Retriever,Frozen,PRJNA247493
Golden9,SAMN03436834,UCL,UCL,Normal,UCL BI,Golden Retriever,Frozen,PRJNA247493
GraWie,SAMN03436546,OSA,OSA,Normal,OSA BI,Greyhound,Frozen,PRJNA247493
GraWie,SAMN03436276,OSA,OSA,Tumor,OSA BI,Greyhound,Frozen,PRJNA247493
HBB,SAMN03732749,OSA,OSA,Normal,OSA BI,Greyhound,Frozen,PRJNA247493
HBB,SAMN03436510,OSA,OSA,Tumor,OSA BI,Greyhound,Frozen,PRJNA247493
HemBig,SAMN03732736,OSA,OSA,Normal,OSA BI,Greyhound,Frozen,PRJNA247493
HemBig,SAMN03436291,OSA,OSA,Tumor,OSA BI,Greyhound,Frozen,PRJNA247493
HPCI_0001,SRR8691805,OSA,OSA,Normal,OSA TGen ,Golden Retriever,Frozen,PRJNA525883
HPCI_0001,SRR8691808,OSA,OSA,Tumor,OSA TGen ,Golden Retriever,Frozen,PRJNA525883
HPCI_0003,SRR8691707,OSA,OSA,Normal,OSA TGen ,Golden Retriever,Frozen,PRJNA525883
HPCI_0003,SRR8691809,OSA,OSA,Tumor,OSA TGen ,Golden Retriever,Frozen,PRJNA525883
HPCI_0004,SRR8691706,OSA,OSA,Normal,OSA TGen ,Labrador,Frozen,PRJNA525883
HPCI_0004,SRR8691803,OSA,OSA,Tumor,OSA TGen ,Labrador,Frozen,PRJNA525883
HPCI_0005,SRR8691815,OSA,OSA,Normal,OSA TGen ,Greyhound,Frozen,PRJNA525883
HPCI_0005,SRR8691802,OSA,OSA,Tumor,OSA TGen ,Greyhound,Frozen,PRJNA525883
HPCI_0006,SRR8691816,OSA,OSA,Normal,OSA TGen ,Old English Sheepdog,Frozen,PRJNA525883
HPCI_0006,SRR8691817,OSA,OSA,Tumor,OSA TGen ,Old English Sheepdog,Frozen,PRJNA525883
HPCI_0008,SRR8691818,OSA,OSA,Normal,OSA TGen ,Labrador,Frozen,PRJNA525883
HPCI_0008,SRR8691819,OSA,OSA,Tumor,OSA TGen ,Labrador,Frozen,PRJNA525883
HPCI_0012,SRR8691821,OSA,OSA,Normal,OSA TGen ,Great Pyrenees,Frozen,PRJNA525883
HPCI_0012,SRR8691820,OSA,OSA,Tumor,OSA TGen ,Great Pyrenees,Frozen,PRJNA525883
HPCI_0013,SRR8691750,OSA,OSA,Normal,OSA TGen ,Golden Retriever,Frozen,PRJNA525883
HPCI_0013,SRR8691822,OSA,OSA,Tumor,OSA TGen ,Golden Retriever,Frozen,PRJNA525883
HPCI_0014,SRR8691830,OSA,OSA,Normal,OSA TGen ,Mixed,Frozen,PRJNA525883
HPCI_0014,SRR8691751,OSA,OSA,Tumor,OSA TGen ,Mixed,Frozen,PRJNA525883
HPCI_0041,SRR8691828,OSA,OSA,Normal,OSA TGen ,Mixed,Frozen,PRJNA525883
HPCI_0041,SRR8691829,OSA,OSA,Tumor,OSA TGen ,Mixed,Frozen,PRJNA525883
HPCI_0044,SRR8691826,OSA,OSA,Normal,OSA TGen ,Greyhound,Frozen,PRJNA525883
HPCI_0044,SRR8691827,OSA,OSA,Tumor,OSA TGen ,Greyhound,Frozen,PRJNA525883
HPCI_0045,SRR8691824,OSA,OSA,Normal,OSA TGen ,Rottweiler,Frozen,PRJNA525883
HPCI_0045,SRR8691825,OSA,OSA,Tumor,OSA TGen ,Rottweiler,Frozen,PRJNA525883
HSA_1,SRR10260943,HSA,HSA,Tumor,HSA BI,Golden Retriever,FFPE,PRJNA552034
HSA_1,SRR10260944,HSA,HSA,Normal,HSA BI,Golden Retriever,FFPE,PRJNA552034
HSA_10,SRR10260933,HSA,HSA,Tumor,HSA BI,Golden Retriever,FFPE,PRJNA552034
HSA_10,SRR10260934,HSA,HSA,Normal,HSA BI,Golden Retriever,FFPE,PRJNA552034
HSA_11,SRR10260930,HSA,HSA,Tumor,HSA BI,Golden Retriever,Frozen,PRJNA552034
HSA_11,SRR10260931,HSA,HSA,Normal,HSA BI,Golden Retriever,Frozen,PRJNA552034
HSA_12,SRR10260928,HSA,HSA,Tumor,HSA BI,Golden Retriever,FFPE,PRJNA552034
HSA_12,SRR10260929,HSA,HSA,Normal,HSA BI,Golden Retriever,FFPE,PRJNA552034
HSA_13,SRR10260926,HSA,HSA,Tumor,HSA BI,Golden Retriever,FFPE,PRJNA552034
HSA_13,SRR10260927,HSA,HSA,Normal,HSA BI,Golden Retriever,FFPE,PRJNA552034
HSA_14,SRR10260924,HSA,HSA,Tumor,HSA BI,Golden Retriever,FFPE,PRJNA552034
HSA_14,SRR10260925,HSA,HSA,Normal,HSA BI,Golden Retriever,FFPE,PRJNA552034
HSA_15,SRR10260922,HSA,HSA,Tumor,HSA BI,Golden Retriever,FFPE,PRJNA552034
HSA_15,SRR10260923,HSA,HSA,Normal,HSA BI,Golden Retriever,FFPE,PRJNA552034
HSA_16,SRR10260920,HSA,HSA,Normal,HSA BI,Golden Retriever,Frozen,PRJNA552034
HSA_16,SRR10260919,HSA,HSA,Tumor,HSA BI,Golden Retriever,Frozen,PRJNA552034
HSA_17,SRR10260917,HSA,HSA,Tumor,HSA BI,Golden Retriever,Frozen,PRJNA552034
HSA_17,SRR10260918,HSA,HSA,Normal,HSA BI,Golden Retriever,Frozen,PRJNA552034
HSA_18,SRR10260915,HSA,HSA,Tumor,HSA BI,Golden Retriever,Frozen,PRJNA552034
HSA_18,SRR10260916,HSA,HSA,Normal,HSA BI,Golden Retriever,Frozen,PRJNA552034
HSA_19,SRR10260914,HSA,HSA,Normal,HSA BI,Golden Retriever,Frozen,PRJNA552034
HSA_19,SRR10260913,HSA,HSA,Tumor,HSA BI,Golden Retriever,Frozen,PRJNA552034
HSA_2,SRR10260921,HSA,HSA,Tumor,HSA BI,Golden Retriever,Frozen,PRJNA552034
HSA_2,SRR10260932,HSA,HSA,Normal,HSA BI,Golden Retriever,Frozen,PRJNA552034
HSA_20,SRR10260912,HSA,HSA,Normal,HSA BI,Golden Retriever,Frozen,PRJNA552034
HSA_20,SRR10260911,HSA,HSA,Tumor,HSA BI,Golden Retriever,Frozen,PRJNA552034
HSA_21,SRR10260908,HSA,HSA,Tumor,HSA BI,Golden Retriever,FFPE,PRJNA552034
HSA_21,SRR10260909,HSA,HSA,Normal,HSA BI,Golden Retriever,FFPE,PRJNA552034
HSA_22,SRR10260906,HSA,HSA,Tumor,HSA BI,Golden Retriever,FFPE,PRJNA552034
HSA_22,SRR10260907,HSA,HSA,Normal,HSA BI,Golden Retriever,FFPE,PRJNA552034
HSA_23,SRR10260904,HSA,HSA,Tumor,HSA BI,Golden Retriever,Frozen,PRJNA552034
HSA_23,SRR10260905,HSA,HSA,Normal,HSA BI,Golden Retriever,Frozen,PRJNA552034
HSA_24,SRR10260902,HSA,HSA,Tumor,HSA BI,Golden Retriever,FFPE,PRJNA552034
HSA_24,SRR10260903,HSA,HSA,Normal,HSA BI,Golden Retriever,FFPE,PRJNA552034
HSA_25,SRR10260900,HSA,HSA,Tumor,HSA BI,Golden Retriever,FFPE,PRJNA552034
HSA_25,SRR10260901,HSA,HSA,Normal,HSA BI,Golden Retriever,FFPE,PRJNA552034
HSA_26,SRR10260898,HSA,HSA,Normal,HSA BI,Golden Retriever,Frozen,PRJNA552034
HSA_26,SRR10260897,HSA,HSA,Tumor,HSA BI,Golden Retriever,Frozen,PRJNA552034
HSA_27,SRR10260895,HSA,HSA,Tumor,HSA BI,Golden Retriever,Frozen,PRJNA552034
HSA_27,SRR10260896,HSA,HSA,Normal,HSA BI,Golden Retriever,Frozen,PRJNA552034
HSA_28,SRR10260893,HSA,HSA,Tumor,HSA BI,Golden Retriever,Frozen,PRJNA552034
HSA_28,SRR10260894,HSA,HSA,Normal,HSA BI,Golden Retriever,Frozen,PRJNA552034
HSA_29,SRR10260891,HSA,HSA,Tumor,HSA BI,Golden Retriever,Frozen,PRJNA552034
HSA_29,SRR10260892,HSA,HSA,Normal,HSA BI,Golden Retriever,Frozen,PRJNA552034
HSA_3,SRR10260910,HSA,HSA,Normal,HSA BI,Golden Retriever,FFPE,PRJNA552034
HSA_3,SRR10260899,HSA,HSA,Tumor,HSA BI,Golden Retriever,FFPE,PRJNA552034
HSA_30,SRR10260890,HSA,HSA,Normal,HSA BI,Golden Retriever,FFPE,PRJNA552034
HSA_30,SRR10260889,HSA,HSA,Tumor,HSA BI,Golden Retriever,FFPE,PRJNA552034
HSA_31,SRR10260886,HSA,HSA,Tumor,HSA BI,Golden Retriever,FFPE,PRJNA552034
HSA_31,SRR10260887,HSA,HSA,Normal,HSA BI,Golden Retriever,FFPE,PRJNA552034
HSA_32,SRR10260884,HSA,HSA,Tumor,HSA BI,Golden Retriever,FFPE,PRJNA552034
HSA_32,SRR10260885,HSA,HSA,Normal,HSA BI,Golden Retriever,FFPE,PRJNA552034
HSA_33,SRR10260882,HSA,HSA,Tumor,HSA BI,Golden Retriever,FFPE,PRJNA552034
HSA_33,SRR10260883,HSA,HSA,Normal,HSA BI,Golden Retriever,FFPE,PRJNA552034
HSA_34,SRR10260881,HSA,HSA,Normal,HSA BI,Golden Retriever,FFPE,PRJNA552034
HSA_34,SRR10260880,HSA,HSA,Tumor,HSA BI,Golden Retriever,FFPE,PRJNA552034
HSA_35,SRR10260878,HSA,HSA,Tumor,HSA BI,Golden Retriever,FFPE,PRJNA552034
HSA_35,SRR10260879,HSA,HSA,Normal,HSA BI,Golden Retriever,FFPE,PRJNA552034
HSA_36,SRR10260875,HSA,HSA,Tumor,HSA BI,Golden Retriever,FFPE,PRJNA552034
HSA_36,SRR10260876,HSA,HSA,Normal,HSA BI,Golden Retriever,FFPE,PRJNA552034
HSA_37,SRR10260873,HSA,HSA,Tumor,HSA BI,Golden Retriever,FFPE,PRJNA552034
HSA_37,SRR10260874,HSA,HSA,Normal,HSA BI,Golden Retriever,FFPE,PRJNA552034
HSA_38,SRR10260872,HSA,HSA,Normal,HSA BI,Golden Retriever,FFPE,PRJNA552034
HSA_38,SRR10260871,HSA,HSA,Tumor,HSA BI,Golden Retriever,FFPE,PRJNA552034
HSA_39,SRR10260869,HSA,HSA,Tumor,HSA BI,Golden Retriever,FFPE,PRJNA552034
HSA_39,SRR10260870,HSA,HSA,Normal,HSA BI,Golden Retriever,FFPE,PRJNA552034
HSA_4,SRR10260877,HSA,HSA,Tumor,HSA BI,Golden Retriever,Frozen,PRJNA552034
HSA_4,SRR10260888,HSA,HSA,Normal,HSA BI,Golden Retriever,Frozen,PRJNA552034
HSA_40,SRR10260868,HSA,HSA,Normal,HSA BI,Golden Retriever,FFPE,PRJNA552034
HSA_40,SRR10260867,HSA,HSA,Tumor,HSA BI,Golden Retriever,FFPE,PRJNA552034
HSA_41,SRR10260864,HSA,HSA,Tumor,HSA BI,Golden Retriever,Frozen,PRJNA552034
HSA_41,SRR10260865,HSA,HSA,Normal,HSA BI,Golden Retriever,Frozen,PRJNA552034
HSA_42,SRR10260862,HSA,HSA,Tumor,HSA BI,Golden Retriever,FFPE,PRJNA552034
HSA_42,SRR10260863,HSA,HSA,Normal,HSA BI,Golden Retriever,FFPE,PRJNA552034
HSA_43,SRR10260861,HSA,HSA,Normal,HSA BI,Golden Retriever,FFPE,PRJNA552034
HSA_43,SRR10260860,HSA,HSA,Tumor,HSA BI,Golden Retriever,FFPE,PRJNA552034
HSA_44,SRR10260859,HSA,HSA,Normal,HSA BI,Golden Retriever,Frozen,PRJNA552034
HSA_44,SRR10260858,HSA,HSA,Tumor,HSA BI,Golden Retriever,Frozen,PRJNA552034
HSA_45,SRR10260856,HSA,HSA,Tumor,HSA BI,Golden Retriever,FFPE,PRJNA552034
HSA_45,SRR10260857,HSA,HSA,Normal,HSA BI,Golden Retriever,FFPE,PRJNA552034
HSA_46,SRR10260853,HSA,HSA,Tumor,HSA BI,Golden Retriever,FFPE,PRJNA552034
HSA_46,SRR10260854,HSA,HSA,Normal,HSA BI,Golden Retriever,FFPE,PRJNA552034
HSA_47,SRR10260852,HSA,HSA,Normal,HSA BI,Golden Retriever,FFPE,PRJNA552034
HSA_47,SRR10260851,HSA,HSA,Tumor,HSA BI,Golden Retriever,FFPE,PRJNA552034
HSA_5,SRR10260866,HSA,HSA,Normal,HSA BI,Golden Retriever,FFPE,PRJNA552034
HSA_5,SRR10260855,HSA,HSA,Tumor,HSA BI,Golden Retriever,FFPE,PRJNA552034
HSA_6,SRR10260942,HSA,HSA,Normal,HSA BI,Golden Retriever,Frozen,PRJNA552034
HSA_6,SRR10260941,HSA,HSA,Tumor,HSA BI,Golden Retriever,Frozen,PRJNA552034
HSA_7,SRR10260939,HSA,HSA,Tumor,HSA BI,Golden Retriever,FFPE,PRJNA552034
HSA_7,SRR10260940,HSA,HSA,Normal,HSA BI,Golden Retriever,FFPE,PRJNA552034
HSA_8,SRR10260938,HSA,HSA,Normal,HSA BI,Golden Retriever,FFPE,PRJNA552034
HSA_8,SRR10260937,HSA,HSA,Tumor,HSA BI,Golden Retriever,FFPE,PRJNA552034
HSA_9,SRR10260935,HSA,HSA,Tumor,HSA BI,Golden Retriever,Frozen,PRJNA552034
HSA_9,SRR10260936,HSA,HSA,Normal,HSA BI,Golden Retriever,Frozen,PRJNA552034
i_03A6,SRR10351810,GLM,GLM,Normal,GLM JL,Boxer,Frozen,PRJNA579792
i_03A6,SRR10351811,GLM,GLM,Tumor,GLM JL,Boxer,Frozen,PRJNA579792
i_05CA,SRR10351583,GLM,GLM,Normal,GLM JL,Boxer,FFPE,PRJNA579792
i_05CA,SRR10351584,GLM,GLM,Tumor,GLM JL,Boxer,FFPE,PRJNA579792
i_0FF0,SRR10351580,GLM,GLM,Normal,GLM JL,Boston Terrier,Frozen,PRJNA579792
i_0FF0,SRR10351581,GLM,GLM,Tumor,GLM JL,Boston Terrier,Frozen,PRJNA579792
i_1165,SRR10351577,GLM,GLM,Normal,GLM JL,Boxer,FFPE,PRJNA579792
i_1165,SRR10351579,GLM,GLM,Tumor,GLM JL,Boxer,FFPE,PRJNA579792
i_1166,SRR10351575,GLM,GLM,Normal,GLM JL,Pit Bull,Frozen,PRJNA579792
i_1166,SRR10351576,GLM,GLM,Tumor,GLM JL,Pit Bull,Frozen,PRJNA579792
i_157E,SRR10351573,GLM,GLM,Normal,GLM JL,French Bulldog,Frozen,PRJNA579792
i_157E,SRR10351574,GLM,GLM,Tumor,GLM JL,French Bulldog,Frozen,PRJNA579792
i_1793,SRR10351571,GLM,GLM,Normal,GLM JL,Boston Terrier,FFPE,PRJNA579792
i_1793,SRR10351572,GLM,GLM,Tumor,GLM JL,Boston Terrier,FFPE,PRJNA579792
i_22C7,SRR10351568,GLM,GLM,Normal,GLM JL,Boxer,Frozen,PRJNA579792
i_22C7,SRR10351569,GLM,GLM,Tumor,GLM JL,Boxer,Frozen,PRJNA579792
i_2C25,SRR10351564,GLM,GLM,Normal,GLM JL,Shih Tzu,FFPE,PRJNA579792
i_2C25,SRR10351565,GLM,GLM,Tumor,GLM JL,Shih Tzu,FFPE,PRJNA579792
i_2C4F,SRR10351562,GLM,GLM,Normal,GLM JL,Boston Terrier (JAXH),Frozen,PRJNA579792
i_2C4F,SRR10351563,GLM,GLM,Tumor,GLM JL,Boston Terrier (JAXH),Frozen,PRJNA579792
i_2EC9,SRR10351560,GLM,GLM,Normal,GLM JL,Pit Bull,Frozen,PRJNA579792
i_2EC9,SRR10351561,GLM,GLM,Tumor,GLM JL,Pit Bull,Frozen,PRJNA579792
i_3688,SRR10351558,GLM,GLM,Normal,GLM JL,Boxer,Frozen,PRJNA579792
i_3688,SRR10351559,GLM,GLM,Tumor,GLM JL,Boxer,Frozen,PRJNA579792
i_3F8C,SRR10351806,GLM,GLM,Normal,GLM JL,Staff Terrier,Frozen,PRJNA579792
i_3F8C,SRR10351807,GLM,GLM,Tumor,GLM JL,Staff Terrier,Frozen,PRJNA579792
i_42D9,SRR10351804,GLM,GLM,Normal,GLM JL,Golden Retriever,Frozen,PRJNA579792
i_42D9,SRR10351805,GLM,GLM,Tumor,GLM JL,Golden Retriever,Frozen,PRJNA579792
i_4990,SRR10351802,GLM,GLM,Normal,GLM JL,American Staffordshire,FFPE,PRJNA579792
i_4990,SRR10351803,GLM,GLM,Tumor,GLM JL,American Staffordshire,FFPE,PRJNA579792
i_49E6,SRR10351800,GLM,GLM,Normal,GLM JL,Boston Terrier,FFPE,PRJNA579792
i_49E6,SRR10351801,GLM,GLM,Tumor,GLM JL,Boston Terrier,FFPE,PRJNA579792
i_4BAC,SRR10351796,GLM,GLM,Normal,GLM JL,Boxer,FFPE,PRJNA579792
i_4BAC,SRR10351798,GLM,GLM,Tumor,GLM JL,Boxer,FFPE,PRJNA579792
i_5CE5,SRR10351791,GLM,GLM,Normal,GLM JL,French Bulldog,Frozen,PRJNA579792
i_5CE5,SRR10351792,GLM,GLM,Tumor,GLM JL,French Bulldog,Frozen,PRJNA579792
i_607E,SRR10351788,GLM,GLM,Normal,GLM JL,Boxer,Frozen,PRJNA579792
i_607E,SRR10351789,GLM,GLM,Tumor,GLM JL,Boxer,Frozen,PRJNA579792
i_6254,SRR10351785,GLM,GLM,Normal,GLM JL,French Bulldog,FFPE,PRJNA579792
i_6254,SRR10351787,GLM,GLM,Tumor,GLM JL,French Bulldog,FFPE,PRJNA579792
i_63FE,SRR10351783,GLM,GLM,Normal,GLM JL,Boxer,Frozen,PRJNA579792
i_63FE,SRR10351784,GLM,GLM,Tumor,GLM JL,Boxer,Frozen,PRJNA579792
i_6561,SRR10351779,GLM,GLM,Normal,GLM JL,Beagle X,Frozen,PRJNA579792
i_6561,SRR10351780,GLM,GLM,Tumor,GLM JL,Beagle X,Frozen,PRJNA579792
i_6638,SRR10351777,GLM,GLM,Normal,GLM JL,Boxer,Frozen,PRJNA579792
i_6638,SRR10351778,GLM,GLM,Tumor,GLM JL,Boxer,Frozen,PRJNA579792
i_66A9,SRR10351774,GLM,GLM,Normal,GLM JL,Doberman Pinscher,FFPE,PRJNA579792
i_66A9,SRR10351776,GLM,GLM,Tumor,GLM JL,Doberman Pinscher,FFPE,PRJNA579792
i_6D5C,SRR10351770,GLM,GLM,Normal,GLM JL,Pit Bull,FFPE,PRJNA579792
i_6D5C,SRR10351771,GLM,GLM,Tumor,GLM JL,Pit Bull,FFPE,PRJNA579792
i_6E45,SRR10351768,GLM,GLM,Normal,GLM JL,Boston Terrier,Frozen,PRJNA579792
i_6E45,SRR10351769,GLM,GLM,Tumor,GLM JL,Boston Terrier,Frozen,PRJNA579792
i_750B,SRR10351766,GLM,GLM,Normal,GLM JL,Labrador,Frozen,PRJNA579792
i_750B,SRR10351767,GLM,GLM,Tumor,GLM JL,Labrador,Frozen,PRJNA579792
i_81E2,SRR10351763,GLM,GLM,Normal,GLM JL,Boxer,FFPE,PRJNA579792
i_81E2,SRR10351765,GLM,GLM,Tumor,GLM JL,Boxer,FFPE,PRJNA579792
i_8228,SRR10351761,GLM,GLM,Normal,GLM JL,Labrador,FFPE,PRJNA579792
i_8228,SRR10351762,GLM,GLM,Tumor,GLM JL,Labrador,FFPE,PRJNA579792
i_8A0A,SRR10351758,GLM,GLM,Normal,GLM JL,Mixed,FFPE,PRJNA579792
i_8A0A,SRR10351759,GLM,GLM,Tumor,GLM JL,Mixed,FFPE,PRJNA579792
i_92AC,SRR10351755,GLM,GLM,Normal,GLM JL,Boxer,Frozen,PRJNA579792
i_92AC,SRR10351756,GLM,GLM,Tumor,GLM JL,Boxer,Frozen,PRJNA579792
i_99AF,SRR10351750,GLM,GLM,Normal,GLM JL,Boxer,FFPE,PRJNA579792
i_99AF,SRR10351751,GLM,GLM,Tumor,GLM JL,Boxer,FFPE,PRJNA579792
i_A71E,SRR10351748,GLM,GLM,Normal,GLM JL,Boston Terrier,Frozen,PRJNA579792
i_A71E,SRR10351749,GLM,GLM,Tumor,GLM JL,Boston Terrier,Frozen,PRJNA579792
i_A974,SRR10351746,GLM,GLM,Normal,GLM JL,American Bulldog,FFPE,PRJNA579792
i_A974,SRR10351747,GLM,GLM,Tumor,GLM JL,American Bulldog,FFPE,PRJNA579792
i_AB3E,SRR10351744,GLM,GLM,Normal,GLM JL,Mastiff,FFPE,PRJNA579792
i_AB3E,SRR10351745,GLM,GLM,Tumor,GLM JL,Mastiff,FFPE,PRJNA579792
i_B023,SRR10351742,GLM,GLM,Normal,GLM JL,Boston Terrier,Frozen,PRJNA579792
i_B023,SRR10351743,GLM,GLM,Tumor,GLM JL,Boston Terrier,Frozen,PRJNA579792
i_B02B,SRR10351739,GLM,GLM,Normal,GLM JL,Jack Russell Terrier,Frozen,PRJNA579792
i_B02B,SRR10351740,GLM,GLM,Tumor,GLM JL,Jack Russell Terrier,Frozen,PRJNA579792
i_B2DC,SRR10351737,GLM,GLM,Normal,GLM JL,Boxer,FFPE,PRJNA579792
i_B2DC,SRR10351738,GLM,GLM,Tumor,GLM JL,Boxer,FFPE,PRJNA579792
i_B3CE,SRR10351735,GLM,GLM,Normal,GLM JL,Mixed,Frozen,PRJNA579792
i_B3CE,SRR10351736,GLM,GLM,Tumor,GLM JL,Mixed,Frozen,PRJNA579792
i_B70F,SRR10351732,GLM,GLM,Normal,GLM JL,Samoyed,Frozen,PRJNA579792
i_B70F,SRR10351733,GLM,GLM,Tumor,GLM JL,Samoyed,Frozen,PRJNA579792
i_B813,SRR10351729,GLM,GLM,Normal,GLM JL,Boxer,FFPE,PRJNA579792
i_B813,SRR10351731,GLM,GLM,Tumor,GLM JL,Boxer,FFPE,PRJNA579792
i_BF76,SRR10351726,GLM,GLM,Normal,GLM JL,Boxer,Frozen,PRJNA579792
i_BF76,SRR10351727,GLM,GLM,Tumor,GLM JL,Boxer,Frozen,PRJNA579792
i_C04D,SRR10351724,GLM,GLM,Normal,GLM JL,French Bulldog,Frozen,PRJNA579792
i_C04D,SRR10351725,GLM,GLM,Tumor,GLM JL,French Bulldog,Frozen,PRJNA579792
i_C3C0,SRR10351722,GLM,GLM,Normal,GLM JL,English Bulldog,Frozen,PRJNA579792
i_C3C0,SRR10351723,GLM,GLM,Tumor,GLM JL,English Bulldog,Frozen,PRJNA579792
i_D026,SRR10351718,GLM,GLM,Normal,GLM JL,Boxer,Frozen,PRJNA579792
i_D026,SRR10351720,GLM,GLM,Tumor,GLM JL,Boxer,Frozen,PRJNA579792
i_D756,SRR10351714,GLM,GLM,Normal,GLM JL,Boxer,Frozen,PRJNA579792
i_D756,SRR10351715,GLM,GLM,Tumor,GLM JL,Boxer,Frozen,PRJNA579792
i_D7EC,SRR10351712,GLM,GLM,Normal,GLM JL,Labrador,FFPE,PRJNA579792
i_D7EC,SRR10351713,GLM,GLM,Tumor,GLM JL,Labrador,FFPE,PRJNA579792
i_DCD0,SRR10351710,GLM,GLM,Normal,GLM JL,French Bulldog,FFPE,PRJNA579792
i_DCD0,SRR10351711,GLM,GLM,Tumor,GLM JL,French Bulldog,FFPE,PRJNA579792
i_E271,SRR10351707,GLM,GLM,Normal,GLM JL,Boxer,Frozen,PRJNA579792
i_E271,SRR10351709,GLM,GLM,Tumor,GLM JL,Boxer,Frozen,PRJNA579792
i_E2CD,SRR10351705,GLM,GLM,Normal,GLM JL,Boxer,FFPE,PRJNA579792
i_E2CD,SRR10351706,GLM,GLM,Tumor,GLM JL,Boxer,FFPE,PRJNA579792
i_E7AB,SRR10351703,GLM,GLM,Normal,GLM JL,Boston Terrier,FFPE,PRJNA579792
i_E7AB,SRR10351704,GLM,GLM,Tumor,GLM JL,Boston Terrier,FFPE,PRJNA579792
i_E952,SRR10351701,GLM,GLM,Normal,GLM JL,Boxer,Frozen,PRJNA579792
i_E952,SRR10351702,GLM,GLM,Tumor,GLM JL,Boxer,Frozen,PRJNA579792
i_ED99,SRR10351699,GLM,GLM,Normal,GLM JL,English Bulldog,FFPE,PRJNA579792
i_ED99,SRR10351700,GLM,GLM,Tumor,GLM JL,English Bulldog,FFPE,PRJNA579792
i_F840,SRR10351695,GLM,GLM,Normal,GLM JL,Boston Terrier,Frozen,PRJNA579792
i_F840,SRR10351696,GLM,GLM,Tumor,GLM JL,Boston Terrier,Frozen,PRJNA579792
i_FC65,SRR10351693,GLM,GLM,Normal,GLM JL,Boston Terrier,Frozen,PRJNA579792
i_FC65,SRR10351694,GLM,GLM,Tumor,GLM JL,Boston Terrier,Frozen,PRJNA579792
i_FECA,SRR10351691,GLM,GLM,Normal,GLM JL,Toy Poodle,FFPE,PRJNA579792
i_FECA,SRR10351692,GLM,GLM,Tumor,GLM JL,Toy Poodle,FFPE,PRJNA579792
JacMay,SAMN03436724,OSA,OSA,Normal,OSA BI,Greyhound,Frozen,PRJNA247493
JacMay,SAMN03732679,OSA,OSA,Tumor,OSA BI,Greyhound,Frozen,PRJNA247493
JakRan,SAMN04002422,LYM,BCL,Normal,BCL BI,Golden Retriever,Frozen,PRJNA247493
JakRan,SAMN04002419,LYM,BCL,Tumor,BCL BI,Golden Retriever,Frozen,PRJNA247493
JoeVar,SAMN03732677,OSA,OSA,Normal,OSA BI,Greyhound,Frozen,PRJNA247493
JoeVar,SAMN03436626,OSA,OSA,Tumor,OSA BI,Greyhound,Frozen,PRJNA247493
JohMar,SAMN03436887,OSA,OSA,Normal,OSA BI,Greyhound,Frozen,PRJNA247493
JohMar,SAMN03732681,OSA,OSA,Tumor,OSA BI,Greyhound,Frozen,PRJNA247493
Labrador1,SAMN03436294,UCL,UCL,Tumor,UCL BI,Labrador,Frozen,PRJNA247493
Labrador1,SAMN03436636,UCL,UCL,Normal,UCL BI,Labrador,Frozen,PRJNA247493
Labrador11,SAMN03436529,UCL,UCL,Tumor,UCL BI,Labrador,Frozen,PRJNA247493
Labrador11,SAMN03770190,UCL,UCL,Normal,UCL BI,Labrador,Frozen,PRJNA247493
Labrador2,SAMN03436639,UCL,UCL,Tumor,UCL BI,Labrador,Frozen,PRJNA247493
Labrador2,SAMN03436925,UCL,UCL,Normal,UCL BI,Labrador,Frozen,PRJNA247493
MADGUS,SAMN04002425,LYM,BCL,Normal,BCL BI,Golden Retriever,Frozen,PRJNA247493
MADGUS,SAMN04002420,LYM,BCL,Tumor,BCL BI,Golden Retriever,Frozen,PRJNA247493
MBGR109,SAMN04002386,UCL,UCL,Tumor,UCL BI,No breed provided,Frozen,PRJNA247493
MBGR109,SAMN04002424,UCL,UCL,Normal,UCL BI,No breed provided,Frozen,PRJNA247493
MBGR209,SAMN04002436,UCL,UCL,Tumor,UCL BI,No breed provided,Frozen,PRJNA247493
MBGR209,SAMN04002380,UCL,UCL,Normal,UCL BI,No breed provided,Frozen,PRJNA247493
MBGRD14,SAMN04002431,LYM,BCL,Normal,BCL BI,Golden Retriever,Frozen,PRJNA247493
MBGRD14,SAMN04002426,LYM,BCL,Tumor,BCL BI,Golden Retriever,Frozen,PRJNA247493
MBGRF16,SAMN04002437,LYM,BCL,Normal,BCL BI,Golden Retriever,Frozen,PRJNA247493
MBGRF16,SAMN04002388,LYM,BCL,Tumor,BCL BI,Golden Retriever,Frozen,PRJNA247493
MinMei,SAMN03436617,OSA,OSA,Normal,OSA BI,Greyhound,Frozen,PRJNA247493
MinMei,SAMN03436613,OSA,OSA,Tumor,OSA BI,Greyhound,Frozen,PRJNA247493
MurVoe,SAMN03436832,LYM,TCL,Normal,TCL BI,Boxer,Frozen,PRJNA247493
MurVoe,SAMN03436220,LYM,TCL,Tumor,TCL BI,Boxer,Frozen,PRJNA247493
N149867,SAMN04002387,LYM,BCL,Normal,BCL BI,Golden Retriever,Frozen,PRJNA247493
N149867,SAMN04002430,LYM,BCL,Tumor,BCL BI,Golden Retriever,Frozen,PRJNA247493
N150309,SAMN04002432,LYM,BCL,Normal,BCL BI,Golden Retriever,Frozen,PRJNA247493
N150309,SAMN04002428,LYM,BCL,Tumor,BCL BI,Golden Retriever,Frozen,PRJNA247493
NygRoy,SAMN03436692,LYM,TCL,Normal,TCL BI,Boxer,Frozen,PRJNA247493
NygRoy,SAMN03436563,LYM,TCL,Tumor,TCL BI,Boxer,Frozen,PRJNA247493
P1,SRR6277190,HSA,HSA,Tumor,HSA UPenn,Mixed,FFPE,PRJNA417727
P1,SRR6277192,HSA,HSA,Normal,HSA UPenn,Mixed,FFPE,PRJNA417727
P10,SRR6277173,HSA,HSA,Normal,HSA UPenn,Golden Retriever,FFPE,PRJNA417727
P10,SRR6277174,HSA,HSA,Tumor,HSA UPenn,Golden Retriever,FFPE,PRJNA417727
P10-1,SRR6277210,HSA,HSA,Tumor,HSA UPenn,Golden Retriever,FFPE,PRJNA417727
P12,SRR6277208,HSA,HSA,Tumor,HSA UPenn,German Shepherd,FFPE,PRJNA417727
P12,SRR6277209,HSA,HSA,Normal,HSA UPenn,German Shepherd,FFPE,PRJNA417727
P12-1,SRR6277207,HSA,HSA,Tumor,HSA UPenn,German Shepherd,FFPE,PRJNA417727
P14,SRR6277213,HSA,HSA,Tumor,HSA UPenn,Cocker Spaniel/Poodle,FFPE,PRJNA417727
P14,SRR6277214,HSA,HSA,Normal,HSA UPenn,Cocker Spaniel/Poodle,FFPE,PRJNA417727
P15,SRR6277211,HSA,HSA,Normal,HSA UPenn,Golden Retriever,FFPE,PRJNA417727
P15,SRR6277212,HSA,HSA,Tumor,HSA UPenn,Golden Retriever,FFPE,PRJNA417727
P16,SRR6277201,HSA,HSA,Tumor,HSA UPenn,Portugese Water Dog,FFPE,PRJNA417727
P16,SRR6277202,HSA,HSA,Normal,HSA UPenn,Portugese Water Dog,FFPE,PRJNA417727
P17,SRR6277203,HSA,HSA,Tumor,HSA UPenn,Labrador,FFPE,PRJNA417727
P17,SRR6277204,HSA,HSA,Normal,HSA UPenn,Labrador,FFPE,PRJNA417727
P18,SRR6277205,HSA,HSA,Tumor,HSA UPenn,Labrador,FFPE,PRJNA417727
P18,SRR6277206,HSA,HSA,Normal,HSA UPenn,Labrador,FFPE,PRJNA417727
P19,SRR6277197,HSA,HSA,Tumor,HSA UPenn,Bichon Frise,FFPE,PRJNA417727
P19,SRR6277199,HSA,HSA,Normal,HSA UPenn,Bichon Frise,FFPE,PRJNA417727
P2,SRR6277189,HSA,HSA,Tumor,HSA UPenn,Bichon Frise,FFPE,PRJNA417727
P2,SRR6277191,HSA,HSA,Normal,HSA UPenn,Bichon Frise,FFPE,PRJNA417727
P20,SRR6277179,HSA,HSA,Normal,HSA UPenn,German Shepherd,FFPE,PRJNA417727
P20,SRR6277180,HSA,HSA,Tumor,HSA UPenn,German Shepherd,FFPE,PRJNA417727
P21,SRR6277181,HSA,HSA,Normal,HSA UPenn,Labrador,FFPE,PRJNA417727
P21,SRR6277182,HSA,HSA,Tumor,HSA UPenn,Labrador,FFPE,PRJNA417727
P22,SRR6277175,HSA,HSA,Normal,HSA UPenn,Golden Retriever,FFPE,PRJNA417727
P22,SRR6277176,HSA,HSA,Tumor,HSA UPenn,Golden Retriever,FFPE,PRJNA417727
P23,SRR6277177,HSA,HSA,Normal,HSA UPenn,Golden Retriever,FFPE,PRJNA417727
P23,SRR6277178,HSA,HSA,Tumor,HSA UPenn,Golden Retriever,FFPE,PRJNA417727
P3,SRR6277195,HSA,HSA,Tumor,HSA UPenn,Nova Scotia Duck Tolling Retriever,FFPE,PRJNA417727
P3,SRR6277196,HSA,HSA,Normal,HSA UPenn,Nova Scotia Duck Tolling Retriever,FFPE,PRJNA417727
P4,SRR6277193,HSA,HSA,Normal,HSA UPenn,Mixed,FFPE,PRJNA417727
P4,SRR6277194,HSA,HSA,Tumor,HSA UPenn,Mixed,FFPE,PRJNA417727
P5,SRR6277187,HSA,HSA,Tumor,HSA UPenn,Mixed,FFPE,PRJNA417727
P5,SRR6277188,HSA,HSA,Normal,HSA UPenn,Mixed,FFPE,PRJNA417727
P6,SRR6277198,HSA,HSA,Tumor,HSA UPenn,Labrador,FFPE,PRJNA417727
P6,SRR6277200,HSA,HSA,Normal,HSA UPenn,Labrador,FFPE,PRJNA417727
P7,SRR6277215,HSA,HSA,Tumor,HSA UPenn,Labrador,FFPE,PRJNA417727
P7,SRR6277216,HSA,HSA,Normal,HSA UPenn,Labrador,FFPE,PRJNA417727
P8,SRR6277185,HSA,HSA,Normal,HSA UPenn,Soft-coated Wheaten Terrier,FFPE,PRJNA417727
P8,SRR6277186,HSA,HSA,Tumor,HSA UPenn,Soft-coated Wheaten Terrier,FFPE,PRJNA417727
P9,SRR6277183,HSA,HSA,Normal,HSA UPenn,No breed provided,FFPE,PRJNA417727
P9,SRR6277184,HSA,HSA,Tumor,HSA UPenn,No breed provided,FFPE,PRJNA417727
PabWil,SAMN04002433,LYM,BCL,Normal,BCL BI,Golden Retriever,Frozen,PRJNA247493
PabWil,SAMN04002434,LYM,BCL,Tumor,BCL BI,Golden Retriever,Frozen,PRJNA247493
PepRey,SAMN03436938,OSA,OSA,Normal,OSA BI,Greyhound,Frozen,PRJNA247493
PepRey,SAMN03436496,OSA,OSA,Tumor,OSA BI,Greyhound,Frozen,PRJNA247493
PhaMor,SAMN03436499,OSA,OSA,Normal,OSA BI,Greyhound,Frozen,PRJNA247493
PhaMor,SAMN03732752,OSA,OSA,Tumor,OSA BI,Greyhound,Frozen,PRJNA247493
Poodle1,SAMN03732739,UCL,UCL,Tumor,UCL BI,Poodle,Frozen,PRJNA247493
Poodle1,SAMN03436672,UCL,UCL,Normal,UCL BI,Poodle,Frozen,PRJNA247493
Poodle10,SAMN03732748,UCL,UCL,Tumor,UCL BI,Poodle,Frozen,PRJNA247493
Poodle10,SAMN03436488,UCL,UCL,Normal,UCL BI,Poodle,Frozen,PRJNA247493
Poodle11,SAMN03732675,UCL,UCL,Tumor,UCL BI,Poodle,Frozen,PRJNA247493
Poodle11,SAMN03436571,UCL,UCL,Normal,UCL BI,Poodle,Frozen,PRJNA247493
Poodle12,SAMN03732737,UCL,UCL,Tumor,UCL BI,Poodle,Frozen,PRJNA247493
Poodle12,SAMN03436815,UCL,UCL,Normal,UCL BI,Poodle,Frozen,PRJNA247493
Poodle13,SAMN03732734,UCL,UCL,Tumor,UCL BI,Poodle,Frozen,PRJNA247493
Poodle13,SAMN03436851,UCL,UCL,Normal,UCL BI,Poodle,Frozen,PRJNA247493
Poodle14,SAMN03732673,UCL,UCL,Tumor,UCL BI,Poodle,Frozen,PRJNA247493
Poodle14,SAMN03436725,UCL,UCL,Normal,UCL BI,Poodle,Frozen,PRJNA247493
Poodle15,SAMN03732740,UCL,UCL,Tumor,UCL BI,Poodle,Frozen,PRJNA247493
Poodle15,SAMN03436849,UCL,UCL,Normal,UCL BI,Poodle,Frozen,PRJNA247493
Poodle16,SAMN03766281,UCL,UCL,Tumor,UCL BI,Poodle,Frozen,PRJNA247493
Poodle16,SAMN03436778,UCL,UCL,Normal,UCL BI,Poodle,Frozen,PRJNA247493
Poodle17,SAMN03436486,UCL,UCL,Tumor,UCL BI,Poodle,Frozen,PRJNA247493
Poodle17,SAMN03436264,UCL,UCL,Normal,UCL BI,Poodle,Frozen,PRJNA247493
Poodle18,SAMN03436575,UCL,UCL,Tumor,UCL BI,Poodle,Frozen,PRJNA247493
Poodle18,SAMN03436597,UCL,UCL,Normal,UCL BI,Poodle,Frozen,PRJNA247493
Poodle19,SAMN03436659,UCL,UCL,Tumor,UCL BI,Poodle,Frozen,PRJNA247493
Poodle19,SAMN03436826,UCL,UCL,Normal,UCL BI,Poodle,Frozen,PRJNA247493
Poodle2,SAMN03732742,UCL,UCL,Tumor,UCL BI,Poodle,Frozen,PRJNA247493
Poodle2,SAMN03436608,UCL,UCL,Normal,UCL BI,Poodle,Frozen,PRJNA247493
Poodle20,SAMN03436673,UCL,UCL,Tumor,UCL BI,Poodle,Frozen,PRJNA247493
Poodle20,SAMN03436929,UCL,UCL,Normal,UCL BI,Poodle,Frozen,PRJNA247493
Poodle21,SAMN03436625,UCL,UCL,Tumor,UCL BI,Poodle,Frozen,PRJNA247493
Poodle21,SAMN03436594,UCL,UCL,Normal,UCL BI,Poodle,Frozen,PRJNA247493
Poodle22,SAMN03436257,UCL,UCL,Tumor,UCL BI,Poodle,Frozen,PRJNA247493
Poodle22,SAMN03436472,UCL,UCL,Normal,UCL BI,Poodle,Frozen,PRJNA247493
Poodle23,SAMN03436682,UCL,UCL,Tumor,UCL BI,Poodle,Frozen,PRJNA247493
Poodle23,SAMN03436573,UCL,UCL,Normal,UCL BI,Poodle,Frozen,PRJNA247493
Poodle3,SAMN03732682,UCL,UCL,Tumor,UCL BI,Poodle,Frozen,PRJNA247493
Poodle3,SAMN03436941,UCL,UCL,Normal,UCL BI,Poodle,Frozen,PRJNA247493
Poodle4,SAMN03732745,UCL,UCL,Tumor,UCL BI,Poodle,Frozen,PRJNA247493
Poodle4,SAMN03436818,UCL,UCL,Normal,UCL BI,Poodle,Frozen,PRJNA247493
Poodle5,SAMN03732672,UCL,UCL,Tumor,UCL BI,Poodle,Frozen,PRJNA247493
Poodle5,SAMN03436680,UCL,UCL,Normal,UCL BI,Poodle,Frozen,PRJNA247493
Poodle6,SAMN03732775,UCL,UCL,Tumor,UCL BI,Poodle,Frozen,PRJNA247493
Poodle6,SAMN03436726,UCL,UCL,Normal,UCL BI,Poodle,Frozen,PRJNA247493
Poodle7,SAMN03732755,UCL,UCL,Tumor,UCL BI,Poodle,Frozen,PRJNA247493
Poodle7,SAMN03436651,UCL,UCL,Normal,UCL BI,Poodle,Frozen,PRJNA247493
Poodle8,SAMN03732744,UCL,UCL,Tumor,UCL BI,Poodle,Frozen,PRJNA247493
Poodle8,SAMN03436681,UCL,UCL,Normal,UCL BI,Poodle,Frozen,PRJNA247493
Poodle9,SAMN03732774,UCL,UCL,Tumor,UCL BI,Poodle,Frozen,PRJNA247493
Poodle9,SAMN03436222,UCL,UCL,Normal,UCL BI,Poodle,Frozen,PRJNA247493
PurRow,SAMN03436544,OSA,OSA,Normal,OSA BI,Greyhound,Frozen,PRJNA247493
PurRow,SAMN03732678,OSA,OSA,Tumor,OSA BI,Greyhound,Frozen,PRJNA247493
RAIEVA,SAMN04002392,LYM,BCL,Normal,BCL BI,Golden Retriever,Frozen,PRJNA247493
RAIEVA,SAMN04002427,LYM,BCL,Tumor,BCL BI,Golden Retriever,Frozen,PRJNA247493
RENJOH,SAMN04009642,LYM,BCL,Normal,BCL BI,Golden Retriever,Frozen,PRJNA247493
RENJOH,SAMN04009638,LYM,BCL,Tumor,BCL BI,Golden Retriever,Frozen,PRJNA247493
RoxRho,SAMN03436661,LYM,TCL,Normal,TCL BI,Boxer,Frozen,PRJNA247493
RoxRho,SAMN03436718,LYM,TCL,Tumor,TCL BI,Boxer,Frozen,PRJNA247493
SanSte,SAMN03436506,OSA,OSA,Normal,OSA BI,Greyhound,Frozen,PRJNA247493
SanSte,SAMN03436278,OSA,OSA,Tumor,OSA BI,Greyhound,Frozen,PRJNA247493
ShaRin,SAMN03436627,OSA,OSA,Normal,OSA BI,Greyhound,Frozen,PRJNA247493
ShaRin,SAMN03436485,OSA,OSA,Tumor,OSA BI,Greyhound,Frozen,PRJNA247493
SnuBro,SAMN04002391,UCL,UCL,Tumor,UCL BI,No breed provided,Frozen,PRJNA247493
SnuBro,SAMN04002389,UCL,UCL,Normal,UCL BI,No breed provided,Frozen,PRJNA247493
SopCas,SAMN03436511,LYM,TCL,Normal,TCL BI,Boxer,Frozen,PRJNA247493
SopCas,SAMN03436297,LYM,TCL,Tumor,TCL BI,Boxer,Frozen,PRJNA247493
SopDix,SAMN03436460,LYM,TCL,Normal,TCL BI,Boxer,Frozen,PRJNA247493
SopDix,SAMN03436277,LYM,TCL,Tumor,TCL BI,Boxer,Frozen,PRJNA247493
StaMur,SAMN04009643,LYM,BCL,Normal,BCL BI,Golden Retriever,Frozen,PRJNA247493
StaMur,SAMN04009640,LYM,BCL,Tumor,BCL BI,Golden Retriever,Frozen,PRJNA247493
SteHel,SAMN03436807,LYM,TCL,Normal,TCL BI,Boxer,Frozen,PRJNA247493
SteHel,SAMN03436564,LYM,TCL,Tumor,TCL BI,Boxer,Frozen,PRJNA247493
TacRei,SAMN03436610,OSA,OSA,Normal,OSA BI,Greyhound,Frozen,PRJNA247493
TacRei,SAMN03732746,OSA,OSA,Tumor,OSA BI,Greyhound,Frozen,PRJNA247493
TriPar,SAMN03436640,OSA,OSA,Normal,OSA BI,Greyhound,Frozen,PRJNA247493
TriPar,SAMN03436706,OSA,OSA,Tumor,OSA BI,Greyhound,Frozen,PRJNA247493