"Case_ID","Sample_ID","Status","Sample_status","Bioproject","DiseaseAcronym2","Tumor_Type","Breed_info","Symbol"
"MD1","DRR483791","Normal",NA,"PRJDB16014","NonT","NonT","Miniature Dachshund","NonT NA"
"Beagle1","DRR483792","Normal",NA,"PRJDB16014","NonT","NonT","Beagle","NonT NA"
"MD2","DRR483793","Normal",NA,"PRJDB16014","NonT","NonT","Miniature Dachshund","NonT NA"
"Beagle2","DRR483794","Normal",NA,"PRJDB16014","NonT","NonT","Beagle","NonT NA"
"TVD6","SRR21943464","Normal",NA,"PRJNA891496","NonT","NonT","Labrador Retriever","NonT GU"
"TVD5","SRR21943465","Normal",NA,"PRJNA891496","NonT","NonT","Labrador Retriever","NonT GU"
"TVD4","SRR21943466","Normal",NA,"PRJNA891496","NonT","NonT","Labrador Retriever","NonT GU"
"3NB","SRR21943467","Normal",NA,"PRJNA891496","NonT","NonT","Bloodhound","NonT GU"
"5NB","SRR21943468","Normal",NA,"PRJNA891496","NonT","NonT","Bloodhound","NonT GU"
"LDG-0005","SRR21943469","Normal",NA,"PRJNA891496","NonT","NonT","Deerhound","NonT GU"
"4NB","SRR21943470","Normal",NA,"PRJNA891496","NonT","NonT","Bloodhound","NonT GU"
"2NB","SRR21943471","Normal",NA,"PRJNA891496","NonT","NonT","Bloodhound","NonT GU"
"LDG-0010","SRR21943472","Normal",NA,"PRJNA891496","NonT","NonT","Deerhound","NonT GU"
"LDG-0002","SRR21943473","Normal",NA,"PRJNA891496","NonT","NonT","Malinois","NonT GU"
"LDG-0011","SRR21943474","Normal",NA,"PRJNA891496","NonT","NonT","Deerhound","NonT GU"
"226","SRR21943475","Normal",NA,"PRJNA891496","NonT","NonT","Labrador Retriever","NonT GU"
"306","SRR21943476","Normal",NA,"PRJNA891496","NonT","NonT","Labrador Retriever","NonT GU"
"398","SRR21943477","Normal",NA,"PRJNA891496","NonT","NonT","Labrador Retriever","NonT GU"
"411","SRR21943478","Normal",NA,"PRJNA891496","NonT","NonT","Labrador Retriever","NonT GU"
"625","SRR21943479","Normal",NA,"PRJNA891496","NonT","NonT","Labrador Retriever","NonT GU"
"796","SRR21943480","Normal",NA,"PRJNA891496","NonT","NonT","Labrador Retriever","NonT GU"
"LDG-0009","SRR21943481","Normal",NA,"PRJNA891496","NonT","NonT","Deerhound","NonT GU"
"LDG-0008","SRR21943482","Normal",NA,"PRJNA891496","NonT","NonT","Deerhound","NonT GU"
"LDG-0007","SRR21943483","Normal",NA,"PRJNA891496","NonT","NonT","Deerhound","NonT GU"
"LDG-0006","SRR21943484","Normal",NA,"PRJNA891496","NonT","NonT","Deerhound","NonT GU"
"S4","SRR21943485","Normal",NA,"PRJNA891496","NonT","NonT","Dutch Partridge","NonT GU"
"S3","SRR21943486","Normal",NA,"PRJNA891496","NonT","NonT","Dutch Partridge","NonT GU"
"S2","SRR21943487","Normal",NA,"PRJNA891496","NonT","NonT","Dutch Partridge","NonT GU"
"S1","SRR21943488","Normal",NA,"PRJNA891496","NonT","NonT","Dutch Partridge","NonT GU"
"797","SRR21943489","Normal",NA,"PRJNA891496","NonT","NonT","Labrador Retriever","NonT GU"
"805","SRR21943490","Normal",NA,"PRJNA891496","NonT","NonT","Labrador Retriever","NonT GU"
"849","SRR21943491","Normal",NA,"PRJNA891496","NonT","NonT","Labrador Retriever","NonT GU"
"LDG-0003","SRR21943492","Normal",NA,"PRJNA891496","NonT","NonT","Malinois","NonT GU"
"874","SRR21943493","Normal",NA,"PRJNA891496","NonT","NonT","Labrador Retriever","NonT GU"
"891","SRR21943494","Normal",NA,"PRJNA891496","NonT","NonT","Labrador Retriever","NonT GU"
"892","SRR21943495","Normal",NA,"PRJNA891496","NonT","NonT","Labrador Retriever","NonT GU"
"893","SRR21943496","Normal",NA,"PRJNA891496","NonT","NonT","Crossbreed","NonT GU"
"1NB","SRR21943497","Normal",NA,"PRJNA891496","NonT","NonT","Bloodhound","NonT GU"
"10644Blood","SRR21943498","Normal",NA,"PRJNA891496","NonT","NonT","Jack Russell Terrier","NonT GU"
"10917Blood","SRR21943499","Normal",NA,"PRJNA891496","NonT","NonT","Crossbreed","NonT GU"
"21343Blood","SRR21943500","Normal",NA,"PRJNA891496","NonT","NonT","French Bulldog","NonT GU"
"10791Blood","SRR21943501","Normal",NA,"PRJNA891496","NonT","NonT","Chesapeake Bay Retriever","NonT GU"
"10996Blood","SRR21943502","Normal",NA,"PRJNA891496","NonT","NonT","American Staffordshire Terrier","NonT GU"
"871Blood","SRR21943503","Normal",NA,"PRJNA891496","NonT","NonT","Irish Setter","NonT GU"
"LDG-0001","SRR21943504","Normal",NA,"PRJNA891496","NonT","NonT","Malinois","NonT GU"
"894","SRR21943505","Normal",NA,"PRJNA891496","NonT","NonT","Crossbreed","NonT GU"
"906","SRR21943506","Normal",NA,"PRJNA891496","NonT","NonT","Labrador Retriever","NonT GU"
"913","SRR21943507","Normal",NA,"PRJNA891496","NonT","NonT","Crossbreed","NonT GU"
"1220Blood","SRR21943508","Normal",NA,"PRJNA891496","NonT","NonT","Belgian Shepherd","NonT GU"
"857Blood","SRR21943509","Normal",NA,"PRJNA891496","NonT","NonT","English Cocker Spaniel","NonT GU"
"1024Blood","SRR21943510","Normal",NA,"PRJNA891496","NonT","NonT","Crossbreed","NonT GU"
"LDG-0004","SRR21943511","Normal",NA,"PRJNA891496","NonT","NonT","Malinois","NonT GU"
"888Blood","SRR21943512","Normal",NA,"PRJNA891496","NonT","NonT","Pitbull","NonT GU"
"1","ERR9923005","Normal",NA,"PRJEB53653","MT","MT","No breed provided","MT UU"
"11","ERR9923006","Normal",NA,"PRJEB53653","MT","MT","No breed provided","MT UU"
"12","ERR9923007","Normal",NA,"PRJEB53653","MT","MT","No breed provided","MT UU"
"13","ERR9923008","Normal",NA,"PRJEB53653","MT","MT","No breed provided","MT UU"
"15","ERR9923009","Normal",NA,"PRJEB53653","MT","MT","No breed provided","MT UU"
"16","ERR9923010","Normal",NA,"PRJEB53653","MT","MT","No breed provided","MT UU"
"17","ERR9923011","Normal",NA,"PRJEB53653","MT","MT","No breed provided","MT UU"
"19","ERR9923012","Normal",NA,"PRJEB53653","MT","MT","No breed provided","MT UU"
"2","ERR9923013","Normal",NA,"PRJEB53653","MT","MT","No breed provided","MT UU"
"20","ERR9923014","Normal",NA,"PRJEB53653","MT","MT","No breed provided","MT UU"
"21","ERR9923015","Normal",NA,"PRJEB53653","MT","MT","No breed provided","MT UU"
"22","ERR9923016","Normal",NA,"PRJEB53653","MT","MT","No breed provided","MT UU"
"23","ERR9923017","Normal",NA,"PRJEB53653","MT","MT","No breed provided","MT UU"
"24","ERR9923018","Normal",NA,"PRJEB53653","MT","MT","No breed provided","MT UU"
"25","ERR9923019","Normal",NA,"PRJEB53653","MT","MT","No breed provided","MT UU"
"26","ERR9923020","Normal",NA,"PRJEB53653","MT","MT","No breed provided","MT UU"
"27","ERR9923021","Normal",NA,"PRJEB53653","MT","MT","No breed provided","MT UU"
"28","ERR9923022","Normal",NA,"PRJEB53653","MT","MT","No breed provided","MT UU"
"29","ERR9923023","Normal",NA,"PRJEB53653","MT","MT","No breed provided","MT UU"
"3","ERR9923024","Normal",NA,"PRJEB53653","MT","MT","No breed provided","MT UU"
"30","ERR9923025","Normal",NA,"PRJEB53653","MT","MT","No breed provided","MT UU"
"31","ERR9923026","Normal",NA,"PRJEB53653","MT","MT","No breed provided","MT UU"
"32","ERR9923027","Normal",NA,"PRJEB53653","MT","MT","No breed provided","MT UU"
"33","ERR9923028","Normal",NA,"PRJEB53653","MT","MT","No breed provided","MT UU"
"34","ERR9923029","Normal",NA,"PRJEB53653","MT","MT","No breed provided","MT UU"
"35","ERR9923030","Normal",NA,"PRJEB53653","MT","MT","No breed provided","MT UU"
"36","ERR9923031","Normal",NA,"PRJEB53653","MT","MT","No breed provided","MT UU"
"37","ERR9923032","Normal",NA,"PRJEB53653","MT","MT","No breed provided","MT UU"
"38","ERR9923033","Normal",NA,"PRJEB53653","MT","MT","No breed provided","MT UU"
"39","ERR9923034","Normal",NA,"PRJEB53653","MT","MT","No breed provided","MT UU"
"4","ERR9923035","Normal",NA,"PRJEB53653","MT","MT","No breed provided","MT UU"
"40","ERR9923036","Normal",NA,"PRJEB53653","MT","MT","No breed provided","MT UU"
"41","ERR9923037","Normal",NA,"PRJEB53653","MT","MT","No breed provided","MT UU"
"42","ERR9923038","Normal",NA,"PRJEB53653","MT","MT","No breed provided","MT UU"
"43","ERR9923039","Normal",NA,"PRJEB53653","MT","MT","No breed provided","MT UU"
"44","ERR9923040","Normal",NA,"PRJEB53653","MT","MT","No breed provided","MT UU"
"45","ERR9923041","Normal",NA,"PRJEB53653","MT","MT","No breed provided","MT UU"
"46","ERR9923042","Normal",NA,"PRJEB53653","MT","MT","No breed provided","MT UU"
"47","ERR9923043","Normal",NA,"PRJEB53653","MT","MT","No breed provided","MT UU"
"5","ERR9923044","Normal",NA,"PRJEB53653","MT","MT","No breed provided","MT UU"
"50","ERR9923045","Normal",NA,"PRJEB53653","MT","MT","No breed provided","MT UU"
"51","ERR9923046","Normal",NA,"PRJEB53653","MT","MT","No breed provided","MT UU"
"53","ERR9923047","Normal",NA,"PRJEB53653","MT","MT","No breed provided","MT UU"
"54","ERR9923048","Normal",NA,"PRJEB53653","MT","MT","No breed provided","MT UU"
"55","ERR9923049","Normal",NA,"PRJEB53653","MT","MT","No breed provided","MT UU"
"56","ERR9923050","Normal",NA,"PRJEB53653","MT","MT","No breed provided","MT UU"
"59","ERR9923051","Normal",NA,"PRJEB53653","MT","MT","No breed provided","MT UU"
"6","ERR9923052","Normal",NA,"PRJEB53653","MT","MT","No breed provided","MT UU"
"7","ERR9923053","Normal",NA,"PRJEB53653","MT","MT","No breed provided","MT UU"
"75","ERR9923054","Normal",NA,"PRJEB53653","MT","MT","No breed provided","MT UU"
"78","ERR9923055","Normal",NA,"PRJEB53653","MT","MT","No breed provided","MT UU"
"79","ERR9923056","Normal",NA,"PRJEB53653","MT","MT","No breed provided","MT UU"
"8","ERR9923057","Normal",NA,"PRJEB53653","MT","MT","No breed provided","MT UU"
"9","ERR9923058","Normal",NA,"PRJEB53653","MT","MT","No breed provided","MT UU"
"HS1","DRR345016","Normal",NA,"PRJDB10211","HS","HS","No breed provided","HS UTok"
"HS2","DRR345018","Normal",NA,"PRJDB10211","HS","HS","No breed provided","HS UTok"
"HS3","DRR345020","Normal",NA,"PRJDB10211","HS","HS","No breed provided","HS UTok"
"HS4","DRR345022","Normal",NA,"PRJDB10211","HS","HS","No breed provided","HS UTok"
"HS5","DRR345024","Normal",NA,"PRJDB10211","HS","HS","No breed provided","HS UTok"
"B00E00E-F","SRR17139344","Normal",NA,"PRJNA786469","OM","OM","Poodle","OM URen"
"B00E00G-H","SRR17139287","Normal",NA,"PRJNA786469","OM","OM","Poodle","OM URen"
"B00E00I-J","SRR17139265","Normal",NA,"PRJNA786469","OM","OM","Poodle","OM URen"
"B00E00K-L","SRR17139243","Normal",NA,"PRJNA786469","OM","OM","Poodle","OM URen"
"B00E00M-N","SRR17139221","Normal",NA,"PRJNA786469","OM","OM","Poodle","OM URen"
"B00E00O-P","SRR17139342","Normal",NA,"PRJNA786469","OM","OM","Poodle","OM URen"
"B00E00Q-R","SRR17139320","Normal",NA,"PRJNA786469","OM","OM","Poodle","OM URen"
"B00E00S-T","SRR17139298","Normal",NA,"PRJNA786469","OM","OM","Poodle","OM URen"
"B00E00U-V","SRR17139291","Normal",NA,"PRJNA786469","OM","OM","Poodle","OM URen"
"B00E00W-X","SRR17139289","Normal",NA,"PRJNA786469","OM","OM","Poodle","OM URen"
"B00E00Y-Z","SRR17139286","Normal",NA,"PRJNA786469","OM","OM","Poodle","OM URen"
"B00E010-1","SRR17139284","Normal",NA,"PRJNA786469","OM","OM","Poodle","OM URen"
"B00E012-3","SRR17139281","Normal",NA,"PRJNA786469","OM","OM","Poodle","OM URen"
"B00E014-5","SRR17139279","Normal",NA,"PRJNA786469","OM","OM","Poodle","OM URen"
"B00E016-7","SRR17139277","Normal",NA,"PRJNA786469","OM","OM","Poodle","OM URen"
"B00E018-9","SRR17139274","Normal",NA,"PRJNA786469","OM","OM","Poodle","OM URen"
"B00E01A-B","SRR17139272","Normal",NA,"PRJNA786469","OM","OM","Poodle","OM URen"
"B00E01C-D","SRR17139270","Normal",NA,"PRJNA786469","OM","OM","Poodle","OM URen"
"B00E01G-H","SRR17139267","Normal",NA,"PRJNA786469","OM","OM","Poodle","OM URen"
"B00E01I-J","SRR17139264","Normal",NA,"PRJNA786469","OM","OM","Poodle","OM URen"
"B00E01K-L","SRR17139262","Normal",NA,"PRJNA786469","OM","OM","Poodle","OM URen"
"B00E01M-N","SRR17139260","Normal",NA,"PRJNA786469","OM","OM","Poodle","OM URen"
"B00E01O-P","SRR17139258","Normal",NA,"PRJNA786469","OM","OM","Poodle","OM URen"
"B00E01Q-R","SRR17139256","Normal",NA,"PRJNA786469","OM","OM","Golden Retriever","OM URen"
"B00E01U-V","SRR17139253","Normal",NA,"PRJNA786469","OM","OM","Golden Retriever","OM URen"
"B00E01W-X","SRR17139251","Normal",NA,"PRJNA786469","OM","OM","Golden Retriever","OM URen"
"B00E01Y-Z","SRR17139249","Normal",NA,"PRJNA786469","OM","OM","Labrador Retriever","OM URen"
"B00E020-1","SRR17139247","Normal",NA,"PRJNA786469","OM","OM","Golden Retriever","OM URen"
"B00E022-3","SRR17139245","Normal",NA,"PRJNA786469","OM","OM","Golden Retriever","OM URen"
"B00E024-5","SRR17139242","Normal",NA,"PRJNA786469","OM","OM","Golden Retriever","OM URen"
"B00E026-7","SRR17139240","Normal",NA,"PRJNA786469","OM","OM","Golden Retriever","OM URen"
"B00E02A-B","SRR17139238","Normal",NA,"PRJNA786469","OM","OM","Golden Retriever","OM URen"
"B00E02C-D","SRR17139236","Normal",NA,"PRJNA786469","OM","OM","Golden Retriever","OM URen"
"B00E02G-H","SRR17139235","Normal",NA,"PRJNA786469","OM","OM","Labrador Retriever","OM URen"
"B00E02I-J","SRR17139233","Normal",NA,"PRJNA786469","OM","OM","Labrador Retriever","OM URen"
"B00E02K-L","SRR17139230","Normal",NA,"PRJNA786469","OM","OM","Labrador Retriever","OM URen"
"B00E02M-N","SRR17139228","Normal",NA,"PRJNA786469","OM","OM","Labrador Retriever","OM URen"
"B00E02O-P","SRR17139226","Normal",NA,"PRJNA786469","OM","OM","Labrador Retriever","OM URen"
"B00E02Q-R","SRR17139224","Normal",NA,"PRJNA786469","OM","OM","Labrador Retriever","OM URen"
"B00E02S-T","SRR17139222","Normal",NA,"PRJNA786469","OM","OM","Labrador Retriever","OM URen"
"B00E02U-V","SRR17139219","Normal",NA,"PRJNA786469","OM","OM","Labrador Retriever","OM URen"
"B00E02W-X","SRR17139217","Normal",NA,"PRJNA786469","OM","OM","Labrador Retriever","OM URen"
"B00E02Y-Z","SRR17139215","Normal",NA,"PRJNA786469","OM","OM","Labrador Retriever","OM URen"
"B00E030-1","SRR17139213","Normal",NA,"PRJNA786469","OM","OM","Labrador Retriever","OM URen"
"B00E032-3","SRR17139211","Normal",NA,"PRJNA786469","OM","OM","Labrador Retriever","OM URen"
"CCB010032","SRR17139207","Normal",NA,"PRJNA786469","OM","OM","Golden Retriever","OM URen"
"CCB010284","SRR17139205","Normal",NA,"PRJNA786469","OM","OM","Golden Retriever","OM URen"
"CCB030002","SRR17139203","Normal",NA,"PRJNA786469","OM","OM","Poodle","OM URen"
"CCB030038","SRR17139201","Normal",NA,"PRJNA786469","OM","OM","Labrador Retriever","OM URen"
"CCB030039","SRR17139341","Normal",NA,"PRJNA786469","OM","OM","Labrador Retriever","OM URen"
"CCB030044","SRR17139339","Normal",NA,"PRJNA786469","OM","OM","Golden Retriever","OM URen"
"CCB030075","SRR17139337","Normal",NA,"PRJNA786469","OM","OM","Golden Retriever","OM URen"
"CCB030097","SRR17139335","Normal",NA,"PRJNA786469","OM","OM","Labrador Retriever","OM URen"
"CCB030120","SRR17139333","Normal",NA,"PRJNA786469","OM","OM","Golden Retriever","OM URen"
"CCB030165","SRR17139330","Normal",NA,"PRJNA786469","OM","OM","Golden Retriever","OM URen"
"CCB030183","SRR17139328","Normal",NA,"PRJNA786469","OM","OM","Labrador Retriever","OM URen"
"CCB030201","SRR17139326","Normal",NA,"PRJNA786469","OM","OM","Golden Retriever","OM URen"
"CCB030227","SRR17139324","Normal",NA,"PRJNA786469","OM","OM","Golden Retriever","OM URen"
"CCB030232","SRR17139322","Normal",NA,"PRJNA786469","OM","OM","Golden Retriever","OM URen"
"CCB030269","SRR17139319","Normal",NA,"PRJNA786469","OM","OM","Labrador Retriever","OM URen"
"CCB030273","SRR17139317","Normal",NA,"PRJNA786469","OM","OM","Golden Retriever","OM URen"
"CCB030342","SRR17139315","Normal",NA,"PRJNA786469","OM","OM","Golden Retriever","OM URen"
"CCB040334","SRR17139313","Normal",NA,"PRJNA786469","OM","OM","Labrador Retriever","OM URen"
"CCB050007","SRR17139311","Normal",NA,"PRJNA786469","OM","OM","Golden Retriever","OM URen"
"CCB050023","SRR17139308","Normal",NA,"PRJNA786469","OM","OM","Labrador Retriever","OM URen"
"CCB050031","SRR17139306","Normal",NA,"PRJNA786469","OM","OM","Labrador Retriever","OM URen"
"CCB050042","SRR17139304","Normal",NA,"PRJNA786469","OM","OM","Labrador Retriever","OM URen"
"CCB050061","SRR17139302","Normal",NA,"PRJNA786469","OM","OM","Golden Retriever","OM URen"
"CCB050096","SRR17139300","Normal",NA,"PRJNA786469","OM","OM","Labrador Retriever","OM URen"
"CCB050228","SRR17139297","Normal",NA,"PRJNA786469","OM","OM","Labrador Retriever","OM URen"
"CCB050351","SRR17139295","Normal",NA,"PRJNA786469","OM","OM","Golden Retriever","OM URen"
"CCB070213","SRR17139293","Normal",NA,"PRJNA786469","OM","OM","Poodle","OM URen"
"6SBR","SRR15461424","Normal",NA,"PRJNA752630","BCL","LYM","German Shepherd","BCL UPad"
"61RAP","SRR15461425","Normal",NA,"PRJNA752630","BCL","LYM","Weimaraner","BCL UPad"
"38GOV","SRR15461426","Normal",NA,"PRJNA752630","BCL","LYM","German Shepherd","BCL UPad"
"59PIO","SRR15461427","Normal",NA,"PRJNA752630","BCL","LYM","Welsh Corgi","BCL UPad"
"58RIS","SRR15461428","Normal",NA,"PRJNA752630","BCL","LYM","Mixed","BCL UPad"
"57DIL","SRR15461429","Normal",NA,"PRJNA752630","BCL","LYM","Mixed","BCL UPad"
"56GAL","SRR15461431","Normal",NA,"PRJNA752630","BCL","LYM","Beagle","BCL UPad"
"55DIA","SRR15461432","Normal",NA,"PRJNA752630","BCL","LYM","Great Dane","BCL UPad"
"53GUE","SRR15461433","Normal",NA,"PRJNA752630","BCL","LYM","Labrador Retriever","BCL UPad"
"52SOL","SRR15461434","Normal",NA,"PRJNA752630","BCL","LYM","Rottweiler","BCL UPad"
"50RUZ","SRR15461435","Normal",NA,"PRJNA752630","BCL","LYM","German Shepherd","BCL UPad"
"4DIG","SRR15461436","Normal",NA,"PRJNA752630","BCL","LYM","Mixed","BCL UPad"
"49CAV","SRR15461437","Normal",NA,"PRJNA752630","BCL","LYM","Golden Retriever","BCL UPad"
"48CAS","SRR15461438","Normal",NA,"PRJNA752630","BCL","LYM","Mixed","BCL UPad"
"47GIA","SRR15461439","Normal",NA,"PRJNA752630","BCL","LYM","Basset Hound","BCL UPad"
"46MAR","SRR15461440","Normal",NA,"PRJNA752630","BCL","LYM","Golden Retriever","BCL UPad"
"45FON","SRR15461442","Normal",NA,"PRJNA752630","BCL","LYM","Fox Terrier","BCL UPad"
"44GHE","SRR15461443","Normal",NA,"PRJNA752630","BCL","LYM","Bloodhound","BCL UPad"
"43GIA","SRR15461444","Normal",NA,"PRJNA752630","BCL","LYM","Dobermann","BCL UPad"
"41RAI","SRR15461445","Normal",NA,"PRJNA752630","BCL","LYM","Mixed","BCL UPad"
"40PIN","SRR15461446","Normal",NA,"PRJNA752630","BCL","LYM","German Shepherd","BCL UPad"
"39BER","SRR15461447","Normal",NA,"PRJNA752630","BCL","LYM","Mountain","BCL UPad"
"37BEG","SRR15461448","Normal",NA,"PRJNA752630","BCL","LYM","American Staffordshire Terrier","BCL UPad"
"36REI","SRR15461449","Normal",NA,"PRJNA752630","BCL","LYM","French Bulldog","BCL UPad"
"35ANG","SRR15461450","Normal",NA,"PRJNA752630","BCL","LYM","Mixed","BCL UPad"
"34BOR","SRR15461451","Normal",NA,"PRJNA752630","BCL","LYM","Golden Retriever","BCL UPad"
"33DIG","SRR15461453","Normal",NA,"PRJNA752630","BCL","LYM","Golden Retriever","BCL UPad"
"32TEB","SRR15461454","Normal",NA,"PRJNA752630","BCL","LYM","Rottweiler","BCL UPad"
"30CER","SRR15461455","Normal",NA,"PRJNA752630","BCL","LYM","Mountain","BCL UPad"
"2VOL","SRR15461456","Normal",NA,"PRJNA752630","BCL","LYM","Mixed","BCL UPad"
"28MAN","SRR15461457","Normal",NA,"PRJNA752630","BCL","LYM","German Shepherd","BCL UPad"
"26PAS","SRR15461458","Normal",NA,"PRJNA752630","BCL","LYM","German Shepherd","BCL UPad"
"24ERM","SRR15461459","Normal",NA,"PRJNA752630","BCL","LYM","Mixed","BCL UPad"
"23RAI","SRR15461460","Normal",NA,"PRJNA752630","BCL","LYM","American Staffordshire Terrier","BCL UPad"
"21STA","SRR15461461","Normal",NA,"PRJNA752630","BCL","LYM","Jack Russel","BCL UPad"
"19DON","SRR15461462","Normal",NA,"PRJNA752630","BCL","LYM","English Setter","BCL UPad"
"18COR","SRR15461464","Normal",NA,"PRJNA752630","BCL","LYM","Border Collie","BCL UPad"
"17CAN","SRR15461465","Normal",NA,"PRJNA752630","BCL","LYM","Rottweiler","BCL UPad"
"16RIG","SRR15461466","Normal",NA,"PRJNA752630","BCL","LYM","Poodle","BCL UPad"
"13ZOP","SRR15461467","Normal",NA,"PRJNA752630","BCL","LYM","Yorkshire Terrier","BCL UPad"
"12CAN","SRR15461468","Normal",NA,"PRJNA752630","BCL","LYM","Poodle","BCL UPad"
"11DES","SRR15461469","Normal",NA,"PRJNA752630","BCL","LYM","Boxer","BCL UPad"
"10BIN","SRR15461470","Normal",NA,"PRJNA752630","BCL","LYM","Cocker Spaniel","BCL UPad"
"10RIN_dlbcl","SRR15508608","Normal",NA,"PRJNA752630","BCL","LYM","Mixed","BCL UPad"
"9DAN_dlbcl","SRR15508609","Normal",NA,"PRJNA752630","BCL","LYM","Amstaff","BCL UPad"
"8SCA_dlbcl","SRR15508610","Normal",NA,"PRJNA752630","BCL","LYM","Viszla","BCL UPad"
"7POL_dlbcl","SRR15508611","Normal",NA,"PRJNA752630","BCL","LYM","Mixed","BCL UPad"
"6MEL_dlbcl","SRR15508612","Normal",NA,"PRJNA752630","BCL","LYM","German Shepherd","BCL UPad"
"5MIC_dlbcl","SRR15508613","Normal",NA,"PRJNA752630","BCL","LYM","Whwt","BCL UPad"
"34PAG_dlbcl","SRR15508614","Normal",NA,"PRJNA752630","BCL","LYM","Bernese Mountain","BCL UPad"
"33GIA_dlbcl","SRR15508615","Normal",NA,"PRJNA752630","BCL","LYM","Mixed","BCL UPad"
"32ROB_dlbcl","SRR15508616","Normal",NA,"PRJNA752630","BCL","LYM","Rottweiler","BCL UPad"
"31GIU_dlbcl","SRR15508617","Normal",NA,"PRJNA752630","BCL","LYM","Mixed","BCL UPad"
"4CEC_dlbcl","SRR15508618","Normal",NA,"PRJNA752630","BCL","LYM","Rottweiler","BCL UPad"
"30BEL_dlbcl","SRR15508619","Normal",NA,"PRJNA752630","BCL","LYM","Mixed","BCL UPad"
"29LEO_dlbcl","SRR15508620","Normal",NA,"PRJNA752630","BCL","LYM","Mixed","BCL UPad"
"28DRI_dlbcl","SRR15508621","Normal",NA,"PRJNA752630","BCL","LYM","Mixed","BCL UPad"
"27RAF_dlbcl","SRR15508622","Normal",NA,"PRJNA752630","BCL","LYM","Bullmastiff","BCL UPad"
"26BLG_dlbcl","SRR15508623","Normal",NA,"PRJNA752630","BCL","LYM","Irish Setter","BCL UPad"
"25CON_dlbcl","SRR15508624","Normal",NA,"PRJNA752630","BCL","LYM","Rottweiler","BCL UPad"
"24STI_dlbcl","SRR15508625","Normal",NA,"PRJNA752630","BCL","LYM","English Setter","BCL UPad"
"23MAT_dlbcl","SRR15508626","Normal",NA,"PRJNA752630","BCL","LYM","Belgian Shepherd","BCL UPad"
"22ZAG_dlbcl","SRR15508627","Normal",NA,"PRJNA752630","BCL","LYM","Mixed","BCL UPad"
"21BRB_dlbcl","SRR15508628","Normal",NA,"PRJNA752630","BCL","LYM","French Bulldog","BCL UPad"
"3MAT_dlbcl","SRR15508629","Normal",NA,"PRJNA752630","BCL","LYM","Dachshund","BCL UPad"
"20MAR_dlbcl","SRR15508630","Normal",NA,"PRJNA752630","BCL","LYM","Mixed","BCL UPad"
"19BAR_dlbcl","SRR15508631","Normal",NA,"PRJNA752630","BCL","LYM","Border Collie","BCL UPad"
"18RUS_dlbcl","SRR15508632","Normal",NA,"PRJNA752630","BCL","LYM","Rottweiler","BCL UPad"
"17MIN_dlbcl","SRR15508633","Normal",NA,"PRJNA752630","BCL","LYM","Jack Russell","BCL UPad"
"16BUR_dlbcl","SRR15508634","Normal",NA,"PRJNA752630","BCL","LYM","Mixed","BCL UPad"
"15DES_dlbcl","SRR15508635","Normal",NA,"PRJNA752630","BCL","LYM","Beagle","BCL UPad"
"14ALB_dlbcl","SRR15508636","Normal",NA,"PRJNA752630","BCL","LYM","Dobermann","BCL UPad"
"13BAR_dlbcl","SRR15508637","Normal",NA,"PRJNA752630","BCL","LYM","Mixed","BCL UPad"
"12DIG_dlbcl","SRR15508638","Normal",NA,"PRJNA752630","BCL","LYM","German Shepherd","BCL UPad"
"11CAR_dlbcl","SRR15508639","Normal",NA,"PRJNA752630","BCL","LYM","Dobermann","BCL UPad"
"2WHA_dlbcl","SRR15508640","Normal",NA,"PRJNA752630","BCL","LYM","Bullmastiff","BCL UPad"
"1BAC_dlbcl","SRR15508641","Normal",NA,"PRJNA752630","BCL","LYM","German Shepherd","BCL UPad"
"FFPE_2","SRR13674709","Normal","FFPE","PRJNA701141","OSA","OSA","Schnauzer","OSA UPad"
"4152","SRR13571580","Normal","refrigerated EDTA blood","PRJNA695534","BCL","LYM","Golden Retriever","BCL CU"
"4151","SRR13571582","Normal","refrigerated EDTA blood","PRJNA695534","BCL","LYM","Jack Russell Terrier","BCL CU"
"4150","SRR13571584","Normal","refrigerated EDTA blood","PRJNA695534","BCL","LYM","Golden Retriever","BCL CU"
"4148","SRR13571586","Normal","refrigerated EDTA blood","PRJNA695534","BCL","LYM","Labrador Retriever","BCL CU"
"4147","SRR13571588","Normal","refrigerated EDTA blood","PRJNA695534","BCL","LYM","German Shepherd","BCL CU"
"4103","SRR13571590","Normal","refrigerated EDTA blood","PRJNA695534","BCL","LYM","Miniature Schnauzer","BCL CU"
"4146","SRR13571591","Normal","refrigerated EDTA blood","PRJNA695534","BCL","LYM","Boxer","BCL CU"
"4145","SRR13571593","Normal","refrigerated EDTA blood","PRJNA695534","BCL","LYM","Beagle","BCL CU"
"4144","SRR13571595","Normal","refrigerated EDTA blood","PRJNA695534","BCL","LYM","Australian Shepherd","BCL CU"
"4142","SRR13571597","Normal","refrigerated EDTA blood","PRJNA695534","BCL","LYM","Yorkshire Terrier","BCL CU"
"4140","SRR13571599","Normal","refrigerated EDTA blood","PRJNA695534","BCL","LYM","Mixed","BCL CU"
"4136","SRR13571602","Normal","refrigerated EDTA blood","PRJNA695534","BCL","LYM","Boykin Spaniel","BCL CU"
"4197","SRR13571606","Normal","refrigerated EDTA blood","PRJNA695534","BCL","LYM","Golden Retriever","BCL CU"
"4195","SRR13571608","Normal","refrigerated EDTA blood","PRJNA695534","BCL","LYM","Golden Retriever","BCL CU"
"4194","SRR13571610","Normal","refrigerated EDTA blood","PRJNA695534","BCL","LYM","Belgian Malinois","BCL CU"
"4191","SRR13571612","Normal","refrigerated EDTA blood","PRJNA695534","BCL","LYM","Golden Retriever","BCL CU"
"4189","SRR13571614","Normal","refrigerated EDTA blood","PRJNA695534","BCL","LYM","Golden Retriever","BCL CU"
"4107","SRR13571616","Normal","refrigerated EDTA blood","PRJNA695534","BCL","LYM","Labrador Retriever","BCL CU"
"4188","SRR13571617","Normal","refrigerated EDTA blood","PRJNA695534","BCL","LYM","Golden Retriever","BCL CU"
"4186","SRR13571619","Normal","refrigerated EDTA blood","PRJNA695534","BCL","LYM","Golden Retriever","BCL CU"
"4184","SRR13571621","Normal","refrigerated EDTA blood","PRJNA695534","BCL","LYM","Nova Scotia Duck Tolling Retriever","BCL CU"
"4181","SRR13571623","Normal","refrigerated EDTA blood","PRJNA695534","BCL","LYM","Maltese","BCL CU"
"4179","SRR13571625","Normal","refrigerated EDTA blood","PRJNA695534","BCL","LYM","Labrador Retriever","BCL CU"
"4132","SRR13571628","Normal","refrigerated EDTA blood","PRJNA695534","BCL","LYM","Pekingese","BCL CU"
"4131","SRR13571630","Normal","refrigerated EDTA blood","PRJNA695534","BCL","LYM","Golden Retriever","BCL CU"
"4130","SRR13571632","Normal","refrigerated EDTA blood","PRJNA695534","BCL","LYM","English Bulldog","BCL CU"
"4129","SRR13571634","Normal","refrigerated EDTA blood","PRJNA695534","BCL","LYM","Labrador Retriever","BCL CU"
"4102","SRR13571636","Normal","refrigerated EDTA blood","PRJNA695534","BCL","LYM","Shih Tzu","BCL CU"
"4128","SRR13571637","Normal","refrigerated EDTA blood","PRJNA695534","BCL","LYM","Fox Terrier","BCL CU"
"4127","SRR13571639","Normal","refrigerated EDTA blood","PRJNA695534","BCL","LYM","American Staffordshire Terrier","BCL CU"
"4126","SRR13571641","Normal","refrigerated EDTA blood","PRJNA695534","BCL","LYM","Toy Poodle","BCL CU"
"4125","SRR13571643","Normal","refrigerated EDTA blood","PRJNA695534","BCL","LYM","Bull Terrier","BCL CU"
"4123","SRR13571645","Normal","refrigerated EDTA blood","PRJNA695534","BCL","LYM","Cardigan Welsh Corgi","BCL CU"
"4122","SRR13571648","Normal","refrigerated EDTA blood","PRJNA695534","BCL","LYM","Bernese Mountain","BCL CU"
"4121","SRR13571650","Normal","refrigerated EDTA blood","PRJNA695534","BCL","LYM","Australian Shepherd","BCL CU"
"4120","SRR13571652","Normal","refrigerated EDTA blood","PRJNA695534","BCL","LYM","Hound","BCL CU"
"4119","SRR13571654","Normal","refrigerated EDTA blood","PRJNA695534","BCL","LYM","Border Collie","BCL CU"
"4118","SRR13571656","Normal","refrigerated EDTA blood","PRJNA695534","BCL","LYM","Golden Retriever","BCL CU"
"4101","SRR13571658","Normal","refrigerated EDTA blood","PRJNA695534","BCL","LYM","Kerry Blue Terrier","BCL CU"
"4117","SRR13571659","Normal","refrigerated EDTA blood","PRJNA695534","BCL","LYM","German Shepherd","BCL CU"
"4116","SRR13571661","Normal","refrigerated EDTA blood","PRJNA695534","BCL","LYM","Cocker Spaniel","BCL CU"
"4115","SRR13571663","Normal","refrigerated EDTA blood","PRJNA695534","BCL","LYM","German Shepherd","BCL CU"
"4113","SRR13571665","Normal","refrigerated EDTA blood","PRJNA695534","BCL","LYM","Terrier","BCL CU"
"4112","SRR13571667","Normal","refrigerated EDTA blood","PRJNA695534","BCL","LYM","Rat Terrier","BCL CU"
"4111","SRR13571670","Normal","refrigerated EDTA blood","PRJNA695534","BCL","LYM","Boxer","BCL CU"
"4110","SRR13571672","Normal","refrigerated EDTA blood","PRJNA695534","BCL","LYM","Miniature Schnauzer","BCL CU"
"4108","SRR13571674","Normal","refrigerated EDTA blood","PRJNA695534","BCL","LYM","Terrier","BCL CU"
"4199","SRR13571675","Normal","refrigerated EDTA blood","PRJNA695534","BCL","LYM","Rottweiler","BCL CU"
"4166","SRR13571676","Normal","refrigerated EDTA blood","PRJNA695534","BCL","LYM","Cocker Spaniel","BCL CU"
"4164","SRR13571678","Normal","refrigerated EDTA blood","PRJNA695534","BCL","LYM","Standard Poodle","BCL CU"
"4163","SRR13571680","Normal","refrigerated EDTA blood","PRJNA695534","BCL","LYM","Labrador Retriever","BCL CU"
"4162","SRR13571682","Normal","refrigerated EDTA blood","PRJNA695534","BCL","LYM","Labrador Retriever","BCL CU"
"4161","SRR13571684","Normal","refrigerated EDTA blood","PRJNA695534","BCL","LYM","Scottish Terrier","BCL CU"
"4104","SRR13571686","Normal","refrigerated EDTA blood","PRJNA695534","BCL","LYM","Cardigan Welsh Corgi","BCL CU"
"4160","SRR13571687","Normal","refrigerated EDTA blood","PRJNA695534","BCL","LYM","Newfoundland","BCL CU"
"4158","SRR13571689","Normal","refrigerated EDTA blood","PRJNA695534","BCL","LYM","Collie","BCL CU"
"4156","SRR13571691","Normal","refrigerated EDTA blood","PRJNA695534","BCL","LYM","Shih Tzu","BCL CU"
"4155","SRR13571693","Normal","refrigerated EDTA blood","PRJNA695534","BCL","LYM","French Bulldog","BCL CU"
"4154","SRR13571695","Normal","refrigerated EDTA blood","PRJNA695534","BCL","LYM","Bernese Mountain","BCL CU"
"4178","SRR13571698","Normal","refrigerated EDTA blood","PRJNA695534","BCL","LYM","Airedale Terrier","BCL CU"
"4175","SRR13571700","Normal","refrigerated EDTA blood","PRJNA695534","BCL","LYM","American Staffordshire Terrier","BCL CU"
"4174","SRR13571702","Normal","refrigerated EDTA blood","PRJNA695534","BCL","LYM","Beagle","BCL CU"
"4173","SRR13571704","Normal","refrigerated EDTA blood","PRJNA695534","BCL","LYM","Cocker Spaniel","BCL CU"
"4172","SRR13571706","Normal","refrigerated EDTA blood","PRJNA695534","BCL","LYM","English Bulldog","BCL CU"
"4105","SRR13571708","Normal","refrigerated EDTA blood","PRJNA695534","BCL","LYM","Pembroke Welsh Corgi","BCL CU"
"4171","SRR13571709","Normal","refrigerated EDTA blood","PRJNA695534","BCL","LYM","Hound","BCL CU"
"4170","SRR13571711","Normal","refrigerated EDTA blood","PRJNA695534","BCL","LYM","Saint Bernard","BCL CU"
"4169","SRR13571713","Normal","refrigerated EDTA blood","PRJNA695534","BCL","LYM","West Highland White Terrier","BCL CU"
"4168","SRR13571715","Normal","refrigerated EDTA blood","PRJNA695534","BCL","LYM","Pembroke Welsh Corgi","BCL CU"
"4167","SRR13571717","Normal","refrigerated EDTA blood","PRJNA695534","BCL","LYM","German Shepherd","BCL CU"
"4100","SRR13571720","Normal","refrigerated EDTA blood","PRJNA695534","BCL","LYM","Border Collie","BCL CU"
"1032","SRR13123343","Normal",NA,"PRJNA680382","OSA","OSA","Sheepdog","OSA UMis"
"680","SRR13123349","Normal",NA,"PRJNA680382","OSA","OSA","Labrador Retriever","OSA UMis"
"1166","SRR13123343","Normal",NA,"PRJNA680382","OSA","OSA","Sheepdog","OSA UMis"
"994","SRR13123349","Normal",NA,"PRJNA680382","OSA","OSA","Labrador Retriever","OSA UMis"
"Pt03","SRR13050752","Normal",NA,"PRJNA677995","HSA","HSA","Wheaten Terrier","HSA TGen"
"Pt11","SRR13050747","Normal",NA,"PRJNA677995","HSA","HSA","Border Collie","HSA TGen"
"Pt16","SRR13050743","Normal",NA,"PRJNA677995","HSA","HSA","Mixed","HSA TGen"
"Pt22","SRR13050739","Normal",NA,"PRJNA677995","HSA","HSA","Mixed","HSA TGen"
"TD248A1_ES","SRR11671221","Normal",NA,"PRJNA630029","NonT","NonT","Great Dane","NonT UHel"
"TD015A1_ES","SRR11671222","Normal",NA,"PRJNA630029","NonT","NonT","Great Dane","NonT UHel"
"TD199A1_ES","SRR11671223","Normal",NA,"PRJNA630029","NonT","NonT","Great Dane","NonT UHel"
"TD280A1_ES","SRR11671224","Normal",NA,"PRJNA630029","NonT","NonT","Great Dane","NonT UHel"
"TD303A1_ES","SRR11671225","Normal",NA,"PRJNA630029","NonT","NonT","Great Dane","NonT UHel"
"TD300A1_ES","SRR11671226","Normal",NA,"PRJNA630029","NonT","NonT","Great Dane","NonT UHel"
"TD338A1_ES","SRR11671227","Normal",NA,"PRJNA630029","NonT","NonT","Great Dane","NonT UHel"
"TD328A1_ES","SRR11671230","Normal",NA,"PRJNA630029","NonT","NonT","Great Dane","NonT UHel"
"TD472A1_ES","SRR11671235","Normal",NA,"PRJNA630029","NonT","NonT","Great Dane","NonT UHel"
"TD406A1_ES","SRR11671236","Normal",NA,"PRJNA630029","NonT","NonT","Great Dane","NonT UHel"
"TD365A1_ES","SRR11671237","Normal",NA,"PRJNA630029","NonT","NonT","Great Dane","NonT UHel"
"TD355A1_ES","SRR11671238","Normal",NA,"PRJNA630029","NonT","NonT","Great Dane","NonT UHel"
"TD343A1_ES","SRR11671239","Normal",NA,"PRJNA630029","NonT","NonT","Great Dane","NonT UHel"
"TD292A1_ES","SRR11671240","Normal",NA,"PRJNA630029","NonT","NonT","Great Dane","NonT UHel"
"TD341A1_ES","SRR11671241","Normal",NA,"PRJNA630029","NonT","NonT","Great Dane","NonT UHel"
"TD073A1_ES","SRR11671242","Normal",NA,"PRJNA630029","NonT","NonT","Great Dane","NonT UHel"
"1","ERR9923059","Tumor",NA,"PRJEB53653","MT","MT","No breed provided","MT UU"
"11","ERR9923061","Tumor",NA,"PRJEB53653","MT","MT","No breed provided","MT UU"
"12","ERR9923062","Tumor",NA,"PRJEB53653","MT","MT","No breed provided","MT UU"
"13","ERR9923063","Tumor",NA,"PRJEB53653","MT","MT","No breed provided","MT UU"
"15","ERR9923065","Tumor",NA,"PRJEB53653","MT","MT","No breed provided","MT UU"
"16","ERR9923066","Tumor",NA,"PRJEB53653","MT","MT","No breed provided","MT UU"
"17","ERR9923067","Tumor",NA,"PRJEB53653","MT","MT","No breed provided","MT UU"
"19","ERR9923068","Tumor",NA,"PRJEB53653","MT","MT","No breed provided","MT UU"
"2","ERR9923069","Tumor",NA,"PRJEB53653","MT","MT","No breed provided","MT UU"
"20","ERR9923070","Tumor",NA,"PRJEB53653","MT","MT","No breed provided","MT UU"
"21","ERR9923071","Tumor",NA,"PRJEB53653","MT","MT","No breed provided","MT UU"
"22","ERR9923072","Tumor",NA,"PRJEB53653","MT","MT","No breed provided","MT UU"
"23","ERR9923073","Tumor",NA,"PRJEB53653","MT","MT","No breed provided","MT UU"
"24","ERR9923074","Tumor",NA,"PRJEB53653","MT","MT","No breed provided","MT UU"
"25","ERR9923075","Tumor",NA,"PRJEB53653","MT","MT","No breed provided","MT UU"
"26","ERR9923076","Tumor",NA,"PRJEB53653","MT","MT","No breed provided","MT UU"
"27","ERR9923077","Tumor",NA,"PRJEB53653","MT","MT","No breed provided","MT UU"
"28","ERR9923078","Tumor",NA,"PRJEB53653","MT","MT","No breed provided","MT UU"
"29","ERR9923079","Tumor",NA,"PRJEB53653","MT","MT","No breed provided","MT UU"
"3","ERR9923080","Tumor",NA,"PRJEB53653","MT","MT","No breed provided","MT UU"
"30","ERR9923081","Tumor",NA,"PRJEB53653","MT","MT","No breed provided","MT UU"
"31","ERR9923082","Tumor",NA,"PRJEB53653","MT","MT","No breed provided","MT UU"
"32","ERR9923083","Tumor",NA,"PRJEB53653","MT","MT","No breed provided","MT UU"
"33","ERR9923084","Tumor",NA,"PRJEB53653","MT","MT","No breed provided","MT UU"
"34","ERR9923085","Tumor",NA,"PRJEB53653","MT","MT","No breed provided","MT UU"
"35","ERR9923086","Tumor",NA,"PRJEB53653","MT","MT","No breed provided","MT UU"
"36","ERR9923087","Tumor",NA,"PRJEB53653","MT","MT","No breed provided","MT UU"
"37","ERR9923088","Tumor",NA,"PRJEB53653","MT","MT","No breed provided","MT UU"
"38","ERR9923089","Tumor",NA,"PRJEB53653","MT","MT","No breed provided","MT UU"
"39","ERR9923090","Tumor",NA,"PRJEB53653","MT","MT","No breed provided","MT UU"
"4","ERR9923091","Tumor",NA,"PRJEB53653","MT","MT","No breed provided","MT UU"
"40","ERR9923092","Tumor",NA,"PRJEB53653","MT","MT","No breed provided","MT UU"
"41","ERR9923093","Tumor",NA,"PRJEB53653","MT","MT","No breed provided","MT UU"
"42","ERR9923094","Tumor",NA,"PRJEB53653","MT","MT","No breed provided","MT UU"
"43","ERR9923095","Tumor",NA,"PRJEB53653","MT","MT","No breed provided","MT UU"
"44","ERR9923096","Tumor",NA,"PRJEB53653","MT","MT","No breed provided","MT UU"
"45","ERR9923097","Tumor",NA,"PRJEB53653","MT","MT","No breed provided","MT UU"
"46","ERR9923098","Tumor",NA,"PRJEB53653","MT","MT","No breed provided","MT UU"
"47","ERR9923099","Tumor",NA,"PRJEB53653","MT","MT","No breed provided","MT UU"
"5","ERR9923101","Tumor",NA,"PRJEB53653","MT","MT","No breed provided","MT UU"
"50","ERR9923102","Tumor",NA,"PRJEB53653","MT","MT","No breed provided","MT UU"
"51","ERR9923103","Tumor",NA,"PRJEB53653","MT","MT","No breed provided","MT UU"
"54","ERR9923105","Tumor",NA,"PRJEB53653","MT","MT","No breed provided","MT UU"
"55","ERR9923106","Tumor",NA,"PRJEB53653","MT","MT","No breed provided","MT UU"
"56","ERR9923107","Tumor",NA,"PRJEB53653","MT","MT","No breed provided","MT UU"
"59","ERR9923108","Tumor",NA,"PRJEB53653","MT","MT","No breed provided","MT UU"
"6","ERR9923109","Tumor",NA,"PRJEB53653","MT","MT","No breed provided","MT UU"
"7","ERR9923110","Tumor",NA,"PRJEB53653","MT","MT","No breed provided","MT UU"
"75","ERR9923111","Tumor",NA,"PRJEB53653","MT","MT","No breed provided","MT UU"
"78","ERR9923112","Tumor",NA,"PRJEB53653","MT","MT","No breed provided","MT UU"
"79","ERR9923113","Tumor",NA,"PRJEB53653","MT","MT","No breed provided","MT UU"
"8","ERR9923114","Tumor",NA,"PRJEB53653","MT","MT","No breed provided","MT UU"
"9","ERR9923115","Tumor",NA,"PRJEB53653","MT","MT","No breed provided","MT UU"
"HS1","DRR345017","Tumor",NA,"PRJDB10211","HS","HS","No breed provided","HS UTok"
"HS2","DRR345019","Tumor",NA,"PRJDB10211","HS","HS","No breed provided","HS UTok"
"HS3","DRR345021","Tumor",NA,"PRJDB10211","HS","HS","No breed provided","HS UTok"
"HS4","DRR345023","Tumor",NA,"PRJDB10211","HS","HS","No breed provided","HS UTok"
"HS5","DRR345025","Tumor",NA,"PRJDB10211","HS","HS","No breed provided","HS UTok"
"B00E00E-F","SRR17139343","Tumor",NA,"PRJNA786469","OM","OM","Poodle","OM URen"
"B00E00G-H","SRR17139276","Tumor",NA,"PRJNA786469","OM","OM","Poodle","OM URen"
"B00E00I-J","SRR17139254","Tumor",NA,"PRJNA786469","OM","OM","Poodle","OM URen"
"B00E00K-L","SRR17139232","Tumor",NA,"PRJNA786469","OM","OM","Poodle","OM URen"
"B00E00M-N","SRR17139210","Tumor",NA,"PRJNA786469","OM","OM","Poodle","OM URen"
"B00E00O-P","SRR17139331","Tumor",NA,"PRJNA786469","OM","OM","Poodle","OM URen"
"B00E00Q-R","SRR17139309","Tumor",NA,"PRJNA786469","OM","OM","Poodle","OM URen"
"B00E00S-T","SRR17139292","Tumor",NA,"PRJNA786469","OM","OM","Poodle","OM URen"
"B00E00U-V","SRR17139290","Tumor",NA,"PRJNA786469","OM","OM","Poodle","OM URen"
"B00E00W-X","SRR17139288","Tumor",NA,"PRJNA786469","OM","OM","Poodle","OM URen"
"B00E00Y-Z","SRR17139285","Tumor",NA,"PRJNA786469","OM","OM","Poodle","OM URen"
"B00E010-1","SRR17139283","Tumor",NA,"PRJNA786469","OM","OM","Poodle","OM URen"
"B00E012-3","SRR17139282","Tumor",NA,"PRJNA786469","OM","OM","Poodle","OM URen"
"B00E014-5","SRR17139280","Tumor",NA,"PRJNA786469","OM","OM","Poodle","OM URen"
"B00E016-7","SRR17139278","Tumor",NA,"PRJNA786469","OM","OM","Poodle","OM URen"
"B00E018-9","SRR17139275","Tumor",NA,"PRJNA786469","OM","OM","Poodle","OM URen"
"B00E01A-B","SRR17139273","Tumor",NA,"PRJNA786469","OM","OM","Poodle","OM URen"
"B00E01C-D","SRR17139271","Tumor",NA,"PRJNA786469","OM","OM","Poodle","OM URen"
"B00E01G-H","SRR17139266","Tumor",NA,"PRJNA786469","OM","OM","Poodle","OM URen"
"B00E01I-J","SRR17139263","Tumor",NA,"PRJNA786469","OM","OM","Poodle","OM URen"
"B00E01K-L","SRR17139261","Tumor",NA,"PRJNA786469","OM","OM","Poodle","OM URen"
"B00E01M-N","SRR17139259","Tumor",NA,"PRJNA786469","OM","OM","Poodle","OM URen"
"B00E01O-P","SRR17139257","Tumor",NA,"PRJNA786469","OM","OM","Poodle","OM URen"
"B00E01Q-R","SRR17139255","Tumor",NA,"PRJNA786469","OM","OM","Golden Retriever","OM URen"
"B00E01U-V","SRR17139252","Tumor",NA,"PRJNA786469","OM","OM","Golden Retriever","OM URen"
"B00E01W-X","SRR17139250","Tumor",NA,"PRJNA786469","OM","OM","Golden Retriever","OM URen"
"B00E01Y-Z","SRR17139248","Tumor",NA,"PRJNA786469","OM","OM","Labrador Retriever","OM URen"
"B00E020-1","SRR17139246","Tumor",NA,"PRJNA786469","OM","OM","Golden Retriever","OM URen"
"B00E022-3","SRR17139244","Tumor",NA,"PRJNA786469","OM","OM","Golden Retriever","OM URen"
"B00E024-5","SRR17139241","Tumor",NA,"PRJNA786469","OM","OM","Golden Retriever","OM URen"
"B00E026-7","SRR17139239","Tumor",NA,"PRJNA786469","OM","OM","Golden Retriever","OM URen"
"B00E02A-B","SRR17139237","Tumor",NA,"PRJNA786469","OM","OM","Golden Retriever","OM URen"
"B00E02G-H","SRR17139234","Tumor",NA,"PRJNA786469","OM","OM","Labrador Retriever","OM URen"
"B00E02I-J","SRR17139231","Tumor",NA,"PRJNA786469","OM","OM","Labrador Retriever","OM URen"
"B00E02K-L","SRR17139229","Tumor",NA,"PRJNA786469","OM","OM","Labrador Retriever","OM URen"
"B00E02M-N","SRR17139227","Tumor",NA,"PRJNA786469","OM","OM","Labrador Retriever","OM URen"
"B00E02O-P","SRR17139225","Tumor",NA,"PRJNA786469","OM","OM","Labrador Retriever","OM URen"
"B00E02Q-R","SRR17139223","Tumor",NA,"PRJNA786469","OM","OM","Labrador Retriever","OM URen"
"B00E02S-T","SRR17139220","Tumor",NA,"PRJNA786469","OM","OM","Labrador Retriever","OM URen"
"B00E02U-V","SRR17139218","Tumor",NA,"PRJNA786469","OM","OM","Labrador Retriever","OM URen"
"B00E02W-X","SRR17139216","Tumor",NA,"PRJNA786469","OM","OM","Labrador Retriever","OM URen"
"B00E02Y-Z","SRR17139214","Tumor",NA,"PRJNA786469","OM","OM","Labrador Retriever","OM URen"
"B00E030-1","SRR17139212","Tumor",NA,"PRJNA786469","OM","OM","Labrador Retriever","OM URen"
"B00E032-3","SRR17139209","Tumor",NA,"PRJNA786469","OM","OM","Labrador Retriever","OM URen"
"CCB010032","SRR17139208","Tumor",NA,"PRJNA786469","OM","OM","Golden Retriever","OM URen"
"CCB010284","SRR17139206","Tumor",NA,"PRJNA786469","OM","OM","Golden Retriever","OM URen"
"CCB030002","SRR17139204","Tumor",NA,"PRJNA786469","OM","OM","Poodle","OM URen"
"CCB030038","SRR17139202","Tumor",NA,"PRJNA786469","OM","OM","Labrador Retriever","OM URen"
"CCB030039","SRR17139200","Tumor",NA,"PRJNA786469","OM","OM","Labrador Retriever","OM URen"
"CCB030044","SRR17139340","Tumor",NA,"PRJNA786469","OM","OM","Golden Retriever","OM URen"
"CCB030075","SRR17139338","Tumor",NA,"PRJNA786469","OM","OM","Golden Retriever","OM URen"
"CCB030097","SRR17139336","Tumor",NA,"PRJNA786469","OM","OM","Labrador Retriever","OM URen"
"CCB030120","SRR17139334","Tumor",NA,"PRJNA786469","OM","OM","Golden Retriever","OM URen"
"CCB030165","SRR17139332","Tumor",NA,"PRJNA786469","OM","OM","Golden Retriever","OM URen"
"CCB030183","SRR17139329","Tumor",NA,"PRJNA786469","OM","OM","Labrador Retriever","OM URen"
"CCB030201","SRR17139327","Tumor",NA,"PRJNA786469","OM","OM","Golden Retriever","OM URen"
"CCB030227","SRR17139325","Tumor",NA,"PRJNA786469","OM","OM","Golden Retriever","OM URen"
"CCB030232","SRR17139323","Tumor",NA,"PRJNA786469","OM","OM","Golden Retriever","OM URen"
"CCB030269","SRR17139321","Tumor",NA,"PRJNA786469","OM","OM","Labrador Retriever","OM URen"
"CCB030273","SRR17139318","Tumor",NA,"PRJNA786469","OM","OM","Golden Retriever","OM URen"
"CCB030342","SRR17139316","Tumor",NA,"PRJNA786469","OM","OM","Golden Retriever","OM URen"
"CCB040334","SRR17139314","Tumor",NA,"PRJNA786469","OM","OM","Labrador Retriever","OM URen"
"CCB050007","SRR17139312","Tumor",NA,"PRJNA786469","OM","OM","Golden Retriever","OM URen"
"CCB050023","SRR17139310","Tumor",NA,"PRJNA786469","OM","OM","Labrador Retriever","OM URen"
"CCB050031","SRR17139307","Tumor",NA,"PRJNA786469","OM","OM","Labrador Retriever","OM URen"
"CCB050042","SRR17139305","Tumor",NA,"PRJNA786469","OM","OM","Labrador Retriever","OM URen"
"CCB050061","SRR17139303","Tumor",NA,"PRJNA786469","OM","OM","Golden Retriever","OM URen"
"CCB050096","SRR17139301","Tumor",NA,"PRJNA786469","OM","OM","Labrador Retriever","OM URen"
"CCB050228","SRR17139299","Tumor",NA,"PRJNA786469","OM","OM","Labrador Retriever","OM URen"
"CCB050351","SRR17139296","Tumor",NA,"PRJNA786469","OM","OM","Golden Retriever","OM URen"
"CCB070213","SRR17139294","Tumor",NA,"PRJNA786469","OM","OM","Poodle","OM URen"
"10RIN_dlbcl","SRR15464832","Tumor",NA,"PRJNA752630","BCL","LYM","Mixed","BCL UPad"
"9DAN_dlbcl","SRR15464833","Tumor",NA,"PRJNA752630","BCL","LYM","Amstaff","BCL UPad"
"8SCA_dlbcl","SRR15464834","Tumor",NA,"PRJNA752630","BCL","LYM","Viszla","BCL UPad"
"7POL_dlbcl","SRR15464835","Tumor",NA,"PRJNA752630","BCL","LYM","Mixed","BCL UPad"
"6MEL_dlbcl","SRR15464836","Tumor",NA,"PRJNA752630","BCL","LYM","German Shepherd","BCL UPad"
"5MIC_dlbcl","SRR15464837","Tumor",NA,"PRJNA752630","BCL","LYM","Whwt","BCL UPad"
"34PAG_dlbcl","SRR15464838","Tumor",NA,"PRJNA752630","BCL","LYM","Bernese Mountain","BCL UPad"
"33GIA_dlbcl","SRR15464839","Tumor",NA,"PRJNA752630","BCL","LYM","Mixed","BCL UPad"
"32ROB_dlbcl","SRR15464840","Tumor",NA,"PRJNA752630","BCL","LYM","Rottweiler","BCL UPad"
"31GIU_dlbcl","SRR15464841","Tumor",NA,"PRJNA752630","BCL","LYM","Mixed","BCL UPad"
"4CEC_dlbcl","SRR15464842","Tumor",NA,"PRJNA752630","BCL","LYM","Rottweiler","BCL UPad"
"30BEL_dlbcl","SRR15464843","Tumor",NA,"PRJNA752630","BCL","LYM","Mixed","BCL UPad"
"29LEO_dlbcl","SRR15464844","Tumor",NA,"PRJNA752630","BCL","LYM","Mixed","BCL UPad"
"28DRI_dlbcl","SRR15464845","Tumor",NA,"PRJNA752630","BCL","LYM","Mixed","BCL UPad"
"27RAF_dlbcl","SRR15464846","Tumor",NA,"PRJNA752630","BCL","LYM","Bullmastiff","BCL UPad"
"26BLG_dlbcl","SRR15464847","Tumor",NA,"PRJNA752630","BCL","LYM","Irish Setter","BCL UPad"
"25CON_dlbcl","SRR15464848","Tumor",NA,"PRJNA752630","BCL","LYM","Rottweiler","BCL UPad"
"24STI_dlbcl","SRR15464849","Tumor",NA,"PRJNA752630","BCL","LYM","English Setter","BCL UPad"
"23MAT_dlbcl","SRR15464850","Tumor",NA,"PRJNA752630","BCL","LYM","Belgian Shepherd","BCL UPad"
"22ZAG_dlbcl","SRR15464851","Tumor",NA,"PRJNA752630","BCL","LYM","Mixed","BCL UPad"
"21BRB_dlbcl","SRR15464852","Tumor",NA,"PRJNA752630","BCL","LYM","French Bulldog","BCL UPad"
"3MAT_dlbcl","SRR15464853","Tumor",NA,"PRJNA752630","BCL","LYM","Dachshund","BCL UPad"
"20MAR_dlbcl","SRR15464854","Tumor",NA,"PRJNA752630","BCL","LYM","Mixed","BCL UPad"
"19BAR_dlbcl","SRR15464855","Tumor",NA,"PRJNA752630","BCL","LYM","Border Collie","BCL UPad"
"18RUS_dlbcl","SRR15464856","Tumor",NA,"PRJNA752630","BCL","LYM","Rottweiler","BCL UPad"
"17MIN_dlbcl","SRR15464857","Tumor",NA,"PRJNA752630","BCL","LYM","Jack Russell","BCL UPad"
"16BUR_dlbcl","SRR15464858","Tumor",NA,"PRJNA752630","BCL","LYM","Mixed","BCL UPad"
"15DES_dlbcl","SRR15464859","Tumor",NA,"PRJNA752630","BCL","LYM","Beagle","BCL UPad"
"14ALB_dlbcl","SRR15464860","Tumor",NA,"PRJNA752630","BCL","LYM","Dobermann","BCL UPad"
"13BAR_dlbcl","SRR15464861","Tumor",NA,"PRJNA752630","BCL","LYM","Mixed","BCL UPad"
"12DIG_dlbcl","SRR15464862","Tumor",NA,"PRJNA752630","BCL","LYM","German Shepherd","BCL UPad"
"11CAR_dlbcl","SRR15464863","Tumor",NA,"PRJNA752630","BCL","LYM","Dobermann","BCL UPad"
"2WHA_dlbcl","SRR15464864","Tumor",NA,"PRJNA752630","BCL","LYM","Bullmastiff","BCL UPad"
"1BAC_dlbcl","SRR15464865","Tumor",NA,"PRJNA752630","BCL","LYM","German Shepherd","BCL UPad"
"23RAI","SRR15461423","Tumor",NA,"PRJNA752630","BCL","LYM","American Staffordshire Terrier","BCL UPad"
"21STA","SRR15461430","Tumor",NA,"PRJNA752630","BCL","LYM","Jack Russel","BCL UPad"
"19DON","SRR15461441","Tumor",NA,"PRJNA752630","BCL","LYM","English Setter","BCL UPad"
"18COR","SRR15461452","Tumor",NA,"PRJNA752630","BCL","LYM","Border Collie","BCL UPad"
"17CAN","SRR15461463","Tumor",NA,"PRJNA752630","BCL","LYM","Rottweiler","BCL UPad"
"6SBR","SRR15461471","Tumor",NA,"PRJNA752630","BCL","LYM","German Shepherd","BCL UPad"
"61RAP","SRR15461472","Tumor",NA,"PRJNA752630","BCL","LYM","Weimaraner","BCL UPad"
"38GOV","SRR15461473","Tumor",NA,"PRJNA752630","BCL","LYM","German Shepherd","BCL UPad"
"16RIG","SRR15461474","Tumor",NA,"PRJNA752630","BCL","LYM","Poodle","BCL UPad"
"59PIO","SRR15461475","Tumor",NA,"PRJNA752630","BCL","LYM","Welsh Corgi","BCL UPad"
"58RIS","SRR15461476","Tumor",NA,"PRJNA752630","BCL","LYM","Mixed","BCL UPad"
"57DIL","SRR15461477","Tumor",NA,"PRJNA752630","BCL","LYM","Mixed","BCL UPad"
"56GAL","SRR15461478","Tumor",NA,"PRJNA752630","BCL","LYM","Beagle","BCL UPad"
"55DIA","SRR15461479","Tumor",NA,"PRJNA752630","BCL","LYM","Great Dane","BCL UPad"
"53GUE","SRR15461480","Tumor",NA,"PRJNA752630","BCL","LYM","Labrador Retriever","BCL UPad"
"52SOL","SRR15461481","Tumor",NA,"PRJNA752630","BCL","LYM","Rottweiler","BCL UPad"
"50RUZ","SRR15461482","Tumor",NA,"PRJNA752630","BCL","LYM","German Shepherd","BCL UPad"
"4DIG","SRR15461483","Tumor",NA,"PRJNA752630","BCL","LYM","Mixed","BCL UPad"
"49CAV","SRR15461484","Tumor",NA,"PRJNA752630","BCL","LYM","Golden Retriever","BCL UPad"
"13ZOP","SRR15461485","Tumor",NA,"PRJNA752630","BCL","LYM","Yorkshire Terrier","BCL UPad"
"48CAS","SRR15461486","Tumor",NA,"PRJNA752630","BCL","LYM","Mixed","BCL UPad"
"47GIA","SRR15461487","Tumor",NA,"PRJNA752630","BCL","LYM","Basset Hound","BCL UPad"
"46MAR","SRR15461488","Tumor",NA,"PRJNA752630","BCL","LYM","Golden Retriever","BCL UPad"
"45FON","SRR15461489","Tumor",NA,"PRJNA752630","BCL","LYM","Fox Terrier","BCL UPad"
"44GHE","SRR15461490","Tumor",NA,"PRJNA752630","BCL","LYM","Bloodhound","BCL UPad"
"43GIA","SRR15461491","Tumor",NA,"PRJNA752630","BCL","LYM","Dobermann","BCL UPad"
"41RAI","SRR15461492","Tumor",NA,"PRJNA752630","BCL","LYM","Mixed","BCL UPad"
"40PIN","SRR15461493","Tumor",NA,"PRJNA752630","BCL","LYM","German Shepherd","BCL UPad"
"39BER","SRR15461494","Tumor",NA,"PRJNA752630","BCL","LYM","Mountain","BCL UPad"
"37BEG","SRR15461495","Tumor",NA,"PRJNA752630","BCL","LYM","American Staffordshire Terrier","BCL UPad"
"12CAN","SRR15461496","Tumor",NA,"PRJNA752630","BCL","LYM","Poodle","BCL UPad"
"36REI","SRR15461497","Tumor",NA,"PRJNA752630","BCL","LYM","French Bulldog","BCL UPad"
"35ANG","SRR15461498","Tumor",NA,"PRJNA752630","BCL","LYM","Mixed","BCL UPad"
"34BOR","SRR15461499","Tumor",NA,"PRJNA752630","BCL","LYM","Golden Retriever","BCL UPad"
"33DIG","SRR15461500","Tumor",NA,"PRJNA752630","BCL","LYM","Golden Retriever","BCL UPad"
"32TEB","SRR15461501","Tumor",NA,"PRJNA752630","BCL","LYM","Rottweiler","BCL UPad"
"30CER","SRR15461502","Tumor",NA,"PRJNA752630","BCL","LYM","Mountain","BCL UPad"
"2VOL","SRR15461503","Tumor",NA,"PRJNA752630","BCL","LYM","Mixed","BCL UPad"
"28MAN","SRR15461504","Tumor",NA,"PRJNA752630","BCL","LYM","German Shepherd","BCL UPad"
"26PAS","SRR15461505","Tumor",NA,"PRJNA752630","BCL","LYM","German Shepherd","BCL UPad"
"24ERM","SRR15461506","Tumor",NA,"PRJNA752630","BCL","LYM","Mixed","BCL UPad"
"11DES","SRR15461507","Tumor",NA,"PRJNA752630","BCL","LYM","Boxer","BCL UPad"
"10BIN","SRR15461508","Tumor",NA,"PRJNA752630","BCL","LYM","Cocker Spaniel","BCL UPad"
"FFPE_2","SRR13674710","Tumor","FFPE","PRJNA701141","OSA","OSA","Schnauzer","OSA UPad"
"4152","SRR13571581","Tumor","FFPE","PRJNA695534","BCL","LYM","Golden Retriever","BCL CU"
"4151","SRR13571583","Tumor","FFPE","PRJNA695534","BCL","LYM","Jack Russell Terrier","BCL CU"
"4150","SRR13571585","Tumor","FFPE","PRJNA695534","BCL","LYM","Golden Retriever","BCL CU"
"4148","SRR13571587","Tumor","FFPE","PRJNA695534","BCL","LYM","Labrador Retriever","BCL CU"
"4147","SRR13571589","Tumor","FFPE","PRJNA695534","BCL","LYM","German Shepherd","BCL CU"
"4146","SRR13571592","Tumor","FFPE","PRJNA695534","BCL","LYM","Boxer","BCL CU"
"4145","SRR13571594","Tumor","FFPE","PRJNA695534","BCL","LYM","Beagle","BCL CU"
"4144","SRR13571596","Tumor","FFPE","PRJNA695534","BCL","LYM","Australian Shepherd","BCL CU"
"4142","SRR13571598","Tumor","FFPE","PRJNA695534","BCL","LYM","Yorkshire Terrier","BCL CU"
"4140","SRR13571600","Tumor","FFPE","PRJNA695534","BCL","LYM","Mixed","BCL CU"
"4103","SRR13571601","Tumor","FFPE","PRJNA695534","BCL","LYM","Miniature Schnauzer","BCL CU"
"4136","SRR13571603","Tumor","FFPE","PRJNA695534","BCL","LYM","Boykin Spaniel","BCL CU"
"4199","SRR13571604","Tumor","FFPE","PRJNA695534","BCL","LYM","Rottweiler","BCL CU"
"4108","SRR13571605","Tumor","FFPE","PRJNA695534","BCL","LYM","Terrier","BCL CU"
"4197","SRR13571607","Tumor","FFPE","PRJNA695534","BCL","LYM","Golden Retriever","BCL CU"
"4195","SRR13571609","Tumor","FFPE","PRJNA695534","BCL","LYM","Golden Retriever","BCL CU"
"4194","SRR13571611","Tumor","FFPE","PRJNA695534","BCL","LYM","Belgian Malinois","BCL CU"
"4191","SRR13571613","Tumor","FFPE","PRJNA695534","BCL","LYM","Golden Retriever","BCL CU"
"4189","SRR13571615","Tumor","FFPE","PRJNA695534","BCL","LYM","Golden Retriever","BCL CU"
"4188","SRR13571618","Tumor","FFPE","PRJNA695534","BCL","LYM","Golden Retriever","BCL CU"
"4186","SRR13571620","Tumor","FFPE","PRJNA695534","BCL","LYM","Golden Retriever","BCL CU"
"4184","SRR13571622","Tumor","FFPE","PRJNA695534","BCL","LYM","Nova Scotia Duck Tolling Retriever","BCL CU"
"4181","SRR13571624","Tumor","FFPE","PRJNA695534","BCL","LYM","Maltese","BCL CU"
"4179","SRR13571626","Tumor","FFPE","PRJNA695534","BCL","LYM","Labrador Retriever","BCL CU"
"4107","SRR13571627","Tumor","FFPE","PRJNA695534","BCL","LYM","Labrador Retriever","BCL CU"
"4132","SRR13571629","Tumor","FFPE","PRJNA695534","BCL","LYM","Pekingese","BCL CU"
"4131","SRR13571631","Tumor","FFPE","PRJNA695534","BCL","LYM","Golden Retriever","BCL CU"
"4130","SRR13571633","Tumor","FFPE","PRJNA695534","BCL","LYM","English Bulldog","BCL CU"
"4129","SRR13571635","Tumor","FFPE","PRJNA695534","BCL","LYM","Labrador Retriever","BCL CU"
"4128","SRR13571638","Tumor","FFPE","PRJNA695534","BCL","LYM","Fox Terrier","BCL CU"
"4127","SRR13571640","Tumor","FFPE","PRJNA695534","BCL","LYM","American Staffordshire Terrier","BCL CU"
"4126","SRR13571642","Tumor","FFPE","PRJNA695534","BCL","LYM","Toy Poodle","BCL CU"
"4125","SRR13571644","Tumor","FFPE","PRJNA695534","BCL","LYM","Bull Terrier","BCL CU"
"4123","SRR13571646","Tumor","FFPE","PRJNA695534","BCL","LYM","Cardigan Welsh Corgi","BCL CU"
"4102","SRR13571647","Tumor","FFPE","PRJNA695534","BCL","LYM","Shih Tzu","BCL CU"
"4122","SRR13571649","Tumor","FFPE","PRJNA695534","BCL","LYM","Bernese Mountain","BCL CU"
"4121","SRR13571651","Tumor","FFPE","PRJNA695534","BCL","LYM","Australian Shepherd","BCL CU"
"4120","SRR13571653","Tumor","FFPE","PRJNA695534","BCL","LYM","Hound","BCL CU"
"4119","SRR13571655","Tumor","FFPE","PRJNA695534","BCL","LYM","Border Collie","BCL CU"
"4118","SRR13571657","Tumor","FFPE","PRJNA695534","BCL","LYM","Golden Retriever","BCL CU"
"4117","SRR13571660","Tumor","FFPE","PRJNA695534","BCL","LYM","German Shepherd","BCL CU"
"4116","SRR13571662","Tumor","FFPE","PRJNA695534","BCL","LYM","Cocker Spaniel","BCL CU"
"4115","SRR13571664","Tumor","FFPE","PRJNA695534","BCL","LYM","German Shepherd","BCL CU"
"4113","SRR13571666","Tumor","FFPE","PRJNA695534","BCL","LYM","Terrier","BCL CU"
"4112","SRR13571668","Tumor","FFPE","PRJNA695534","BCL","LYM","Rat Terrier","BCL CU"
"4101","SRR13571669","Tumor","FFPE","PRJNA695534","BCL","LYM","Kerry Blue Terrier","BCL CU"
"4111","SRR13571671","Tumor","FFPE","PRJNA695534","BCL","LYM","Boxer","BCL CU"
"4110","SRR13571673","Tumor","FFPE","PRJNA695534","BCL","LYM","Miniature Schnauzer","BCL CU"
"4166","SRR13571677","Tumor","FFPE","PRJNA695534","BCL","LYM","Cocker Spaniel","BCL CU"
"4164","SRR13571679","Tumor","FFPE","PRJNA695534","BCL","LYM","Standard Poodle","BCL CU"
"4163","SRR13571681","Tumor","FFPE","PRJNA695534","BCL","LYM","Labrador Retriever","BCL CU"
"4162","SRR13571683","Tumor","FFPE","PRJNA695534","BCL","LYM","Labrador Retriever","BCL CU"
"4161","SRR13571685","Tumor","FFPE","PRJNA695534","BCL","LYM","Scottish Terrier","BCL CU"
"4160","SRR13571688","Tumor","FFPE","PRJNA695534","BCL","LYM","Newfoundland","BCL CU"
"4158","SRR13571690","Tumor","FFPE","PRJNA695534","BCL","LYM","Collie","BCL CU"
"4156","SRR13571692","Tumor","FFPE","PRJNA695534","BCL","LYM","Shih Tzu","BCL CU"
"4155","SRR13571694","Tumor","FFPE","PRJNA695534","BCL","LYM","French Bulldog","BCL CU"
"4154","SRR13571696","Tumor","FFPE","PRJNA695534","BCL","LYM","Bernese Mountain","BCL CU"
"4104","SRR13571697","Tumor","FFPE","PRJNA695534","BCL","LYM","Cardigan Welsh Corgi","BCL CU"
"4178","SRR13571699","Tumor","FFPE","PRJNA695534","BCL","LYM","Airedale Terrier","BCL CU"
"4175","SRR13571701","Tumor","FFPE","PRJNA695534","BCL","LYM","American Staffordshire Terrier","BCL CU"
"4174","SRR13571703","Tumor","FFPE","PRJNA695534","BCL","LYM","Beagle","BCL CU"
"4173","SRR13571705","Tumor","FFPE","PRJNA695534","BCL","LYM","Cocker Spaniel","BCL CU"
"4172","SRR13571707","Tumor","FFPE","PRJNA695534","BCL","LYM","English Bulldog","BCL CU"
"4171","SRR13571710","Tumor","FFPE","PRJNA695534","BCL","LYM","Hound","BCL CU"
"4170","SRR13571712","Tumor","FFPE","PRJNA695534","BCL","LYM","Saint Bernard","BCL CU"
"4169","SRR13571714","Tumor","FFPE","PRJNA695534","BCL","LYM","West Highland White Terrier","BCL CU"
"4168","SRR13571716","Tumor","FFPE","PRJNA695534","BCL","LYM","Pembroke Welsh Corgi","BCL CU"
"4167","SRR13571718","Tumor","FFPE","PRJNA695534","BCL","LYM","German Shepherd","BCL CU"
"4105","SRR13571719","Tumor","FFPE","PRJNA695534","BCL","LYM","Pembroke Welsh Corgi","BCL CU"
"4100","SRR13571721","Tumor","FFPE","PRJNA695534","BCL","LYM","Border Collie","BCL CU"
"680","SRR13123338","Tumor",NA,"PRJNA680382","OSA","OSA","Labrador Retriever","OSA UMis"
"1166","SRR13123341","Tumor",NA,"PRJNA680382","OSA","OSA","Sheepdog","OSA UMis"
"994","SRR13123347","Tumor",NA,"PRJNA680382","OSA","OSA","Labrador Retriever","OSA UMis"
"1032","SRR13123352","Tumor",NA,"PRJNA680382","OSA","OSA","Sheepdog","OSA UMis"
"Pt03","SRR13050748-SRR13050750-SRR13050751","Tumor",NA,"PRJNA677995","HSA","HSA","Wheaten Terrier","HSA TGen"
"Pt11","SRR13050744-SRR13050745-SRR13050746","Tumor",NA,"PRJNA677995","HSA","HSA","Border Collie","HSA TGen"
"Pt16","SRR13050740-SRR13050741-SRR13050742","Tumor",NA,"PRJNA677995","HSA","HSA","Mixed","HSA TGen"
"Pt22","SRR13050735-SRR13050736-SRR13050737","Tumor",NA,"PRJNA677995","HSA","HSA","Mixed","HSA TGen"
