"Case_ID","Sample_ID","Tumor_Type","DiseaseAcronym2","Status","Symbol","Breed_info","Sample_status","Bioproject","Reason_to_exclude"
"MD1","DRR483791","NonT","NonT","Normal","NonT NA","Miniature Dachshund",NA,"PRJDB16014","Pass QC"
"Beagle1","DRR483792","NonT","NonT","Normal","NonT NA","Beagle",NA,"PRJDB16014","Pass QC"
"MD2","DRR483793","NonT","NonT","Normal","NonT NA","Miniature Dachshund",NA,"PRJDB16014","Pass QC"
"Beagle2","DRR483794","NonT","NonT","Normal","NonT NA","Beagle",NA,"PRJDB16014","coverage < 30"
"DD0174","ERR10505794-ERR10505846-ERR10505898-ERR10505950","BT","UC","Normal","UC SI","No breed provided",NA,"PRJEB57227","Uniq mapping rate < 0.5"
"DD0175","ERR10505796-ERR10505848-ERR10505900-ERR10505952","BT","UC","Normal","UC SI","No breed provided",NA,"PRJEB57227","Uniq mapping rate < 0.5"
"DD0176","ERR10505798-ERR10505850-ERR10505902-ERR10505954","BT","UC","Normal","UC SI","No breed provided",NA,"PRJEB57227","Uniq mapping rate < 0.5"
"DD0179","ERR10505802-ERR10505854-ERR10505906-ERR10505958","BT","UC","Normal","UC SI","No breed provided",NA,"PRJEB57227","Uniq mapping rate < 0.5"
"DD0181","ERR10505804-ERR10505856-ERR10505908-ERR10505960","BT","UC","Normal","UC SI","No breed provided",NA,"PRJEB57227","Uniq mapping rate < 0.5"
"DD0186","ERR10505812-ERR10505864-ERR10505916-ERR10505968","BT","UC","Normal","UC SI","No breed provided",NA,"PRJEB57227","Uniq mapping rate < 0.5"
"DD0188","ERR10505816-ERR10505868-ERR10505920-ERR10505972","BT","UC","Normal","UC SI","No breed provided",NA,"PRJEB57227","Uniq mapping rate < 0.5"
"DD0187","ERR10505814-ERR10505866-ERR10505918-ERR10505970","BT","UC","Normal","UC SI","No breed provided",NA,"PRJEB57227","Uniq mapping rate < 0.5"
"DD0189","ERR10505819-ERR10505871-ERR10505923-ERR10505975","BT","UC","Normal","UC SI","No breed provided",NA,"PRJEB57227","Uniq mapping rate < 0.5"
"DD0191","ERR10505821-ERR10505873-ERR10505925-ERR10505977","BT","UC","Normal","UC SI","No breed provided",NA,"PRJEB57227","Uniq mapping rate < 0.5"
"DD0192","ERR10505824-ERR10505876-ERR10505928-ERR10505980","BT","UC","Normal","UC SI","No breed provided",NA,"PRJEB57227","Uniq mapping rate < 0.5"
"DD0194","ERR10505826-ERR10505878-ERR10505930-ERR10505982","BT","UC","Normal","UC SI","No breed provided",NA,"PRJEB57227","Uniq mapping rate < 0.5"
"DD0195","ERR10505828-ERR10505880-ERR10505932-ERR10505984","BT","UC","Normal","UC SI","No breed provided",NA,"PRJEB57227","Uniq mapping rate < 0.5"
"DD0196","ERR10505832-ERR10505884-ERR10505936-ERR10505988","BT","UC","Normal","UC SI","No breed provided",NA,"PRJEB57227","Uniq mapping rate < 0.5"
"DD0202","ERR10505840-ERR10505892-ERR10505944-ERR10505996","BT","UC","Normal","UC SI","No breed provided",NA,"PRJEB57227","Uniq mapping rate < 0.5"
"DD0201","ERR10505836-ERR10505888-ERR10505940-ERR10505992","BT","UC","Normal","UC SI","No breed provided",NA,"PRJEB57227","Uniq mapping rate < 0.5"
"DD0251","ERR10506002-ERR10506032-ERR10506062-ERR10506092","BT","UC","Normal","UC SI","No breed provided",NA,"PRJEB57227","Pass QC"
"DD0252","ERR10506003-ERR10506033-ERR10506063-ERR10506093","BT","UC","Normal","UC SI","No breed provided",NA,"PRJEB57227","Pass QC"
"DD0253","ERR10505800-ERR10505852-ERR10505904-ERR10505956","BT","UC","Normal","UC SI","No breed provided",NA,"PRJEB57227","Uniq mapping rate < 0.5"
"DD0256","ERR10506006-ERR10506036-ERR10506066-ERR10506096","BT","UC","Normal","UC SI","No breed provided",NA,"PRJEB57227","Pass QC"
"DD0258","ERR10506007-ERR10506037-ERR10506067-ERR10506097","BT","UC","Normal","UC SI","No breed provided",NA,"PRJEB57227","Pass QC"
"DD0259","ERR10505806-ERR10505858-ERR10505910-ERR10505962","BT","UC","Normal","UC SI","No breed provided",NA,"PRJEB57227","Uniq mapping rate < 0.5"
"DD0260","ERR10505807-ERR10505859-ERR10505911-ERR10505963","BT","UC","Normal","UC SI","No breed provided",NA,"PRJEB57227","Pass QC"
"DD0261","ERR10505809-ERR10505861-ERR10505913-ERR10505965","BT","UC","Normal","UC SI","No breed provided",NA,"PRJEB57227","Pass QC"
"DD0262","ERR10505811-ERR10505863-ERR10505915-ERR10505967","BT","UC","Normal","UC SI","No breed provided",NA,"PRJEB57227","Uniq mapping rate < 0.5"
"DD0265","ERR10506012-ERR10506042-ERR10506072-ERR10506102","BT","UC","Normal","UC SI","No breed provided",NA,"PRJEB57227","Pass QC"
"DD0266","ERR10506013-ERR10506043-ERR10506073-ERR10506103","BT","UC","Normal","UC SI","No breed provided",NA,"PRJEB57227","Pass QC"
"DD0270","ERR10506016-ERR10506046-ERR10506076-ERR10506106","BT","UC","Normal","UC SI","No breed provided",NA,"PRJEB57227","Pass QC"
"DD0272","ERR10506018-ERR10506048-ERR10506078-ERR10506108","BT","UC","Normal","UC SI","No breed provided",NA,"PRJEB57227","Pass QC"
"DD0268","ERR10506015-ERR10506045-ERR10506075-ERR10506105","BT","UC","Normal","UC SI","No breed provided",NA,"PRJEB57227","Pass QC"
"DD0273","ERR10505831-ERR10505883-ERR10505935-ERR10505987","BT","UC","Normal","UC SI","No breed provided",NA,"PRJEB57227","Uniq mapping rate < 0.5"
"DD0275","ERR10505834-ERR10505886-ERR10505938-ERR10505990","BT","UC","Normal","UC SI","No breed provided",NA,"PRJEB57227","Pass QC"
"DD0277","ERR10506022-ERR10506052-ERR10506082-ERR10506112","BT","UC","Normal","UC SI","No breed provided",NA,"PRJEB57227","Pass QC"
"DD0274","ERR10506020-ERR10506050-ERR10506080-ERR10506110","BT","UC","Normal","UC SI","No breed provided",NA,"PRJEB57227","Pass QC"
"DD0278","ERR10506024-ERR10506054-ERR10506084-ERR10506114","BT","UC","Normal","UC SI","No breed provided",NA,"PRJEB57227","Pass QC"
"DD0281","ERR10505838-ERR10505890-ERR10505942-ERR10505994","BT","UC","Normal","UC SI","No breed provided",NA,"PRJEB57227","Pass QC"
"DD0284","ERR10506026-ERR10506056-ERR10506086-ERR10506116","BT","UC","Normal","UC SI","No breed provided",NA,"PRJEB57227","Pass QC"
"DD0285","ERR10506028-ERR10506058-ERR10506088-ERR10506118","BT","UC","Normal","UC SI","No breed provided",NA,"PRJEB57227","Pass QC"
"DD0287","ERR10505841-ERR10505893-ERR10505945-ERR10505997","BT","UC","Normal","UC SI","No breed provided",NA,"PRJEB57227","fail pipeline"
"DD0289","ERR10505844-ERR10505896-ERR10505948-ERR10506000","BT","UC","Normal","UC SI","No breed provided",NA,"PRJEB57227","Pass QC"
"DD0288","ERR10505842-ERR10505894-ERR10505946-ERR10505998","BT","UC","Normal","UC SI","No breed provided",NA,"PRJEB57227","Uniq mapping rate < 0.5"
"DD0292","ERR10505594-ERR10505608-ERR10505622-ERR10505636","BT","UC","Normal","UC SI","No breed provided",NA,"PRJEB57227","Pass QC"
"DD0294","ERR10505595-ERR10505609-ERR10505623-ERR10505637","BT","UC","Normal","UC SI","No breed provided",NA,"PRJEB57227","Pass QC"
"DD0320","ERR10505604-ERR10505618-ERR10505632-ERR10505646","BT","UC","Normal","UC SI","No breed provided",NA,"PRJEB57227","Pass QC"
"DD0328","ERR10505606-ERR10505620-ERR10505634-ERR10505648","BT","UC","Normal","UC SI","No breed provided",NA,"PRJEB57227","Pass QC"
"DD0299","ERR10505598-ERR10505612-ERR10505626-ERR10505640","BT","UC","Normal","UC SI","No breed provided",NA,"PRJEB57227","Pass QC"
"DD0305","ERR10505600-ERR10505614-ERR10505628-ERR10505642","BT","UC","Normal","UC SI","No breed provided",NA,"PRJEB57227","Pass QC"
"DD0306","ERR10505602-ERR10505616-ERR10505630-ERR10505644","BT","UC","Normal","UC SI","No breed provided",NA,"PRJEB57227","Pass QC"
"DD0336","ERR10506170-ERR10506200-ERR10506230","BT","UC","Normal","UC SI","No breed provided",NA,"PRJEB57227","Pass QC"
"DD0338","ERR10506172-ERR10506202-ERR10506232","BT","UC","Normal","UC SI","No breed provided",NA,"PRJEB57227","Pass QC"
"DD0339","ERR10506174-ERR10506204-ERR10506234","BT","UC","Normal","UC SI","No breed provided",NA,"PRJEB57227","Pass QC"
"DD0341","ERR10506176-ERR10506206-ERR10506236","BT","UC","Normal","UC SI","No breed provided",NA,"PRJEB57227","fail pipeline"
"DD0342","ERR10506178-ERR10506208-ERR10506238","BT","UC","Normal","UC SI","No breed provided",NA,"PRJEB57227","Pass QC"
"DD0344","ERR10506182-ERR10506212-ERR10506242","BT","UC","Normal","UC SI","No breed provided",NA,"PRJEB57227","Pass QC"
"DD0343","ERR10506180-ERR10506210-ERR10506240","BT","UC","Normal","UC SI","No breed provided",NA,"PRJEB57227","Pass QC"
"DD0347","ERR10506183-ERR10506213-ERR10506243","BT","UC","Normal","UC SI","No breed provided",NA,"PRJEB57227","Pass QC"
"DD0349","ERR10506186-ERR10506216-ERR10506246","BT","UC","Normal","UC SI","No breed provided",NA,"PRJEB57227","Pass QC"
"DD0355","ERR10506190-ERR10506220-ERR10506250","BT","UC","Normal","UC SI","No breed provided",NA,"PRJEB57227","Pass QC"
"DD0353","ERR10506188-ERR10506218-ERR10506248","BT","UC","Normal","UC SI","No breed provided",NA,"PRJEB57227","Pass QC"
"DD0356","ERR10506192-ERR10506222-ERR10506252","BT","UC","Normal","UC SI","No breed provided",NA,"PRJEB57227","Pass QC"
"DD0357","ERR10506194-ERR10506224-ERR10506254","BT","UC","Normal","UC SI","No breed provided",NA,"PRJEB57227","Pass QC"
"DD0358","ERR10506196-ERR10506226-ERR10506256","BT","UC","Normal","UC SI","No breed provided",NA,"PRJEB57227","Pass QC"
"DD0369","ERR10506197-ERR10506227-ERR10506257","BT","UC","Normal","UC SI","No breed provided",NA,"PRJEB57227","Pass QC"
"DD0372","ERR10505650-ERR10505686-ERR10505722-ERR10505758","BT","UC","Normal","UC SI","No breed provided",NA,"PRJEB57227","Pass QC"
"DD0373","ERR10505654-ERR10505690-ERR10505726-ERR10505762","BT","UC","Normal","UC SI","No breed provided",NA,"PRJEB57227","Pass QC"
"DD0374","ERR10506122-ERR10506134-ERR10506146-ERR10506158","BT","UC","Normal","UC SI","No breed provided",NA,"PRJEB57227","Pass QC"
"DD0375","ERR10505657-ERR10505693-ERR10505729-ERR10505765","BT","UC","Normal","UC SI","No breed provided",NA,"PRJEB57227","Pass QC"
"DD0213","ERR10506125-ERR10506137-ERR10506149-ERR10506161","BT","UC","Normal","UC SI","No breed provided",NA,"PRJEB57227","Pass QC"
"DD0225","ERR10506129-ERR10506141-ERR10506153-ERR10506165","BT","UC","Normal","UC SI","No breed provided",NA,"PRJEB57227","Pass QC"
"DD0224","ERR10505681-ERR10505717-ERR10505753-ERR10505789","BT","UC","Normal","UC SI","No breed provided",NA,"PRJEB57227","Pass QC"
"DD0235","ERR10506131-ERR10506143-ERR10506155-ERR10506167","BT","UC","Normal","UC SI","No breed provided",NA,"PRJEB57227","Pass QC"
"DD0236","ERR10506132-ERR10506144-ERR10506156-ERR10506168","BT","UC","Normal","UC SI","No breed provided",NA,"PRJEB57227","Pass QC"
"DD0237","ERR10505651-ERR10505687-ERR10505723-ERR10505759","BT","UC","Normal","UC SI","No breed provided",NA,"PRJEB57227","Pass QC"
"DD0238","ERR10505655-ERR10505691-ERR10505727-ERR10505763","BT","UC","Normal","UC SI","No breed provided",NA,"PRJEB57227","Pass QC"
"DD0240","ERR10505658-ERR10505694-ERR10505730-ERR10505766","BT","UC","Normal","UC SI","No breed provided",NA,"PRJEB57227","Pass QC"
"DD0242","ERR10505660-ERR10505696-ERR10505732-ERR10505768","BT","UC","Normal","UC SI","No breed provided",NA,"PRJEB57227","Pass QC"
"DD0390","ERR10505672-ERR10505708-ERR10505744-ERR10505780","BT","UC","Normal","UC SI","No breed provided",NA,"PRJEB57227","Pass QC"
"DD0392","ERR10505674-ERR10505710-ERR10505746-ERR10505782","BT","UC","Normal","UC SI","No breed provided",NA,"PRJEB57227","Pass QC"
"DD0393","ERR10505676-ERR10505712-ERR10505748-ERR10505784","BT","UC","Normal","UC SI","No breed provided",NA,"PRJEB57227","Pass QC"
"DD0395","ERR10505678-ERR10505714-ERR10505750-ERR10505786","BT","UC","Normal","UC SI","No breed provided",NA,"PRJEB57227","Pass QC"
"DD0396","ERR10505680-ERR10505716-ERR10505752-ERR10505788","BT","UC","Normal","UC SI","No breed provided",NA,"PRJEB57227","Pass QC"
"DD0398","ERR10505683-ERR10505719-ERR10505755-ERR10505791","BT","UC","Normal","UC SI","No breed provided",NA,"PRJEB57227","Pass QC"
"DD0245","ERR10505664-ERR10505700-ERR10505736-ERR10505772","BT","UC","Normal","UC SI","No breed provided",NA,"PRJEB57227","Pass QC"
"DD0244","ERR10505662-ERR10505698-ERR10505734-ERR10505770","BT","UC","Normal","UC SI","No breed provided",NA,"PRJEB57227","Pass QC"
"DD0247","ERR10505668-ERR10505704-ERR10505740-ERR10505776","BT","UC","Normal","UC SI","No breed provided",NA,"PRJEB57227","Pass QC"
"DD0246","ERR10505666-ERR10505702-ERR10505738-ERR10505774","BT","UC","Normal","UC SI","No breed provided",NA,"PRJEB57227","Pass QC"
"DD0248","ERR10505670-ERR10505706-ERR10505742-ERR10505778","BT","UC","Normal","UC SI","No breed provided",NA,"PRJEB57227","Pass QC"
"TVD6","SRR21943464","NonT","NonT","Normal","NonT GU","Labrador Retriever",NA,"PRJNA891496","Unique CDS mapping rate < 0.3"
"TVD5","SRR21943465","NonT","NonT","Normal","NonT GU","Labrador Retriever",NA,"PRJNA891496","Unique CDS mapping rate < 0.3"
"TVD4","SRR21943466","NonT","NonT","Normal","NonT GU","Labrador Retriever",NA,"PRJNA891496","Unique CDS mapping rate < 0.3"
"3NB","SRR21943467","NonT","NonT","Normal","NonT GU","Bloodhound",NA,"PRJNA891496","Unique CDS mapping rate < 0.3"
"5NB","SRR21943468","NonT","NonT","Normal","NonT GU","Bloodhound",NA,"PRJNA891496","Unique CDS mapping rate < 0.3"
"LDG-0005","SRR21943469","NonT","NonT","Normal","NonT GU","Deerhound",NA,"PRJNA891496","Unique CDS mapping rate < 0.3"
"4NB","SRR21943470","NonT","NonT","Normal","NonT GU","Bloodhound",NA,"PRJNA891496","Unique CDS mapping rate < 0.3"
"2NB","SRR21943471","NonT","NonT","Normal","NonT GU","Bloodhound",NA,"PRJNA891496","Unique CDS mapping rate < 0.3"
"LDG-0010","SRR21943472","NonT","NonT","Normal","NonT GU","Deerhound",NA,"PRJNA891496","Unique CDS mapping rate < 0.3"
"LDG-0002","SRR21943473","NonT","NonT","Normal","NonT GU","Malinois",NA,"PRJNA891496","Unique CDS mapping rate < 0.3"
"LDG-0011","SRR21943474","NonT","NonT","Normal","NonT GU","Deerhound",NA,"PRJNA891496","Unique CDS mapping rate < 0.3"
"226","SRR21943475","NonT","NonT","Normal","NonT GU","Labrador Retriever",NA,"PRJNA891496","Unique CDS mapping rate < 0.3"
"306","SRR21943476","NonT","NonT","Normal","NonT GU","Labrador Retriever",NA,"PRJNA891496","Unique CDS mapping rate < 0.3"
"398","SRR21943477","NonT","NonT","Normal","NonT GU","Labrador Retriever",NA,"PRJNA891496","Unique CDS mapping rate < 0.3"
"411","SRR21943478","NonT","NonT","Normal","NonT GU","Labrador Retriever",NA,"PRJNA891496","Unique CDS mapping rate < 0.3"
"625","SRR21943479","NonT","NonT","Normal","NonT GU","Labrador Retriever",NA,"PRJNA891496","Unique CDS mapping rate < 0.3"
"796","SRR21943480","NonT","NonT","Normal","NonT GU","Labrador Retriever",NA,"PRJNA891496","Unique CDS mapping rate < 0.3"
"LDG-0009","SRR21943481","NonT","NonT","Normal","NonT GU","Deerhound",NA,"PRJNA891496","Unique CDS mapping rate < 0.3"
"LDG-0008","SRR21943482","NonT","NonT","Normal","NonT GU","Deerhound",NA,"PRJNA891496","Unique CDS mapping rate < 0.3"
"LDG-0007","SRR21943483","NonT","NonT","Normal","NonT GU","Deerhound",NA,"PRJNA891496","Unique CDS mapping rate < 0.3"
"LDG-0006","SRR21943484","NonT","NonT","Normal","NonT GU","Deerhound",NA,"PRJNA891496","Unique CDS mapping rate < 0.3"
"S4","SRR21943485","NonT","NonT","Normal","NonT GU","Dutch Partridge",NA,"PRJNA891496","Unique CDS mapping rate < 0.3"
"S3","SRR21943486","NonT","NonT","Normal","NonT GU","Dutch Partridge",NA,"PRJNA891496","Unique CDS mapping rate < 0.3"
"S2","SRR21943487","NonT","NonT","Normal","NonT GU","Dutch Partridge",NA,"PRJNA891496","Unique CDS mapping rate < 0.3"
"S1","SRR21943488","NonT","NonT","Normal","NonT GU","Dutch Partridge",NA,"PRJNA891496","Unique CDS mapping rate < 0.3"
"797","SRR21943489","NonT","NonT","Normal","NonT GU","Labrador Retriever",NA,"PRJNA891496","Unique CDS mapping rate < 0.3"
"805","SRR21943490","NonT","NonT","Normal","NonT GU","Labrador Retriever",NA,"PRJNA891496","Unique CDS mapping rate < 0.3"
"849","SRR21943491","NonT","NonT","Normal","NonT GU","Labrador Retriever",NA,"PRJNA891496","Unique CDS mapping rate < 0.3"
"LDG-0003","SRR21943492","NonT","NonT","Normal","NonT GU","Malinois",NA,"PRJNA891496","Unique CDS mapping rate < 0.3"
"874","SRR21943493","NonT","NonT","Normal","NonT GU","Labrador Retriever",NA,"PRJNA891496","Unique CDS mapping rate < 0.3"
"891","SRR21943494","NonT","NonT","Normal","NonT GU","Labrador Retriever",NA,"PRJNA891496","Unique CDS mapping rate < 0.3"
"892","SRR21943495","NonT","NonT","Normal","NonT GU","Labrador Retriever",NA,"PRJNA891496","Unique CDS mapping rate < 0.3"
"893","SRR21943496","NonT","NonT","Normal","NonT GU","Crossbreed",NA,"PRJNA891496","Unique CDS mapping rate < 0.3"
"1NB","SRR21943497","NonT","NonT","Normal","NonT GU","Bloodhound",NA,"PRJNA891496","Unique CDS mapping rate < 0.3"
"10644Blood","SRR21943498","NonT","NonT","Normal","NonT GU","Jack Russell Terrier",NA,"PRJNA891496","Unique CDS mapping rate < 0.3"
"10917Blood","SRR21943499","NonT","NonT","Normal","NonT GU","Crossbreed",NA,"PRJNA891496","Unique CDS mapping rate < 0.3"
"21343Blood","SRR21943500","NonT","NonT","Normal","NonT GU","French Bulldog",NA,"PRJNA891496","Unique CDS mapping rate < 0.3"
"10791Blood","SRR21943501","NonT","NonT","Normal","NonT GU","Chesapeake Bay Retriever",NA,"PRJNA891496","Unique CDS mapping rate < 0.3"
"10996Blood","SRR21943502","NonT","NonT","Normal","NonT GU","American Staffordshire Terrier",NA,"PRJNA891496","Unique CDS mapping rate < 0.3"
"871Blood","SRR21943503","NonT","NonT","Normal","NonT GU","Irish Setter",NA,"PRJNA891496","Unique CDS mapping rate < 0.3"
"LDG-0001","SRR21943504","NonT","NonT","Normal","NonT GU","Malinois",NA,"PRJNA891496","Unique CDS mapping rate < 0.3"
"894","SRR21943505","NonT","NonT","Normal","NonT GU","Crossbreed",NA,"PRJNA891496","Unique CDS mapping rate < 0.3"
"906","SRR21943506","NonT","NonT","Normal","NonT GU","Labrador Retriever",NA,"PRJNA891496","Unique CDS mapping rate < 0.3"
"913","SRR21943507","NonT","NonT","Normal","NonT GU","Crossbreed",NA,"PRJNA891496","Unique CDS mapping rate < 0.3"
"1220Blood","SRR21943508","NonT","NonT","Normal","NonT GU","Belgian Shepherd",NA,"PRJNA891496","Unique CDS mapping rate < 0.3"
"857Blood","SRR21943509","NonT","NonT","Normal","NonT GU","English Cocker Spaniel",NA,"PRJNA891496","Unique CDS mapping rate < 0.3"
"1024Blood","SRR21943510","NonT","NonT","Normal","NonT GU","Crossbreed",NA,"PRJNA891496","Unique CDS mapping rate < 0.3"
"LDG-0004","SRR21943511","NonT","NonT","Normal","NonT GU","Malinois",NA,"PRJNA891496","Unique CDS mapping rate < 0.3"
"888Blood","SRR21943512","NonT","NonT","Normal","NonT GU","Pitbull",NA,"PRJNA891496","Unique CDS mapping rate < 0.3"
"1","ERR9923005","MT","MT","Normal","MT UU","No breed provided",NA,"PRJEB53653","Unique CDS mapping rate < 0.3"
"11","ERR9923006","MT","MT","Normal","MT UU","No breed provided",NA,"PRJEB53653","Unique CDS mapping rate < 0.3"
"12","ERR9923007","MT","MT","Normal","MT UU","No breed provided",NA,"PRJEB53653","Unique CDS mapping rate < 0.3"
"13","ERR9923008","MT","MT","Normal","MT UU","No breed provided",NA,"PRJEB53653","Unique CDS mapping rate < 0.3"
"15","ERR9923009","MT","MT","Normal","MT UU","No breed provided",NA,"PRJEB53653","Unique CDS mapping rate < 0.3"
"16","ERR9923010","MT","MT","Normal","MT UU","No breed provided",NA,"PRJEB53653","Unique CDS mapping rate < 0.3"
"17","ERR9923011","MT","MT","Normal","MT UU","No breed provided",NA,"PRJEB53653","Unique CDS mapping rate < 0.3"
"19","ERR9923012","MT","MT","Normal","MT UU","No breed provided",NA,"PRJEB53653","Unique CDS mapping rate < 0.3"
"2","ERR9923013","MT","MT","Normal","MT UU","No breed provided",NA,"PRJEB53653","Unique CDS mapping rate < 0.3"
"20","ERR9923014","MT","MT","Normal","MT UU","No breed provided",NA,"PRJEB53653","Unique CDS mapping rate < 0.3"
"21","ERR9923015","MT","MT","Normal","MT UU","No breed provided",NA,"PRJEB53653","Unique CDS mapping rate < 0.3"
"22","ERR9923016","MT","MT","Normal","MT UU","No breed provided",NA,"PRJEB53653","Unique CDS mapping rate < 0.3"
"23","ERR9923017","MT","MT","Normal","MT UU","No breed provided",NA,"PRJEB53653","Unique CDS mapping rate < 0.3"
"24","ERR9923018","MT","MT","Normal","MT UU","No breed provided",NA,"PRJEB53653","Unique CDS mapping rate < 0.3"
"25","ERR9923019","MT","MT","Normal","MT UU","No breed provided",NA,"PRJEB53653","Unique CDS mapping rate < 0.3"
"26","ERR9923020","MT","MT","Normal","MT UU","No breed provided",NA,"PRJEB53653","Unique CDS mapping rate < 0.3"
"27","ERR9923021","MT","MT","Normal","MT UU","No breed provided",NA,"PRJEB53653","Unique CDS mapping rate < 0.3"
"28","ERR9923022","MT","MT","Normal","MT UU","No breed provided",NA,"PRJEB53653","Unique CDS mapping rate < 0.3"
"29","ERR9923023","MT","MT","Normal","MT UU","No breed provided",NA,"PRJEB53653","Unique CDS mapping rate < 0.3"
"3","ERR9923024","MT","MT","Normal","MT UU","No breed provided",NA,"PRJEB53653","Unique CDS mapping rate < 0.3"
"30","ERR9923025","MT","MT","Normal","MT UU","No breed provided",NA,"PRJEB53653","Unique CDS mapping rate < 0.3"
"31","ERR9923026","MT","MT","Normal","MT UU","No breed provided",NA,"PRJEB53653","Unique CDS mapping rate < 0.3"
"32","ERR9923027","MT","MT","Normal","MT UU","No breed provided",NA,"PRJEB53653","Unique CDS mapping rate < 0.3"
"33","ERR9923028","MT","MT","Normal","MT UU","No breed provided",NA,"PRJEB53653","Unique CDS mapping rate < 0.3"
"34","ERR9923029","MT","MT","Normal","MT UU","No breed provided",NA,"PRJEB53653","Unique CDS mapping rate < 0.3"
"35","ERR9923030","MT","MT","Normal","MT UU","No breed provided",NA,"PRJEB53653","Unique CDS mapping rate < 0.3"
"36","ERR9923031","MT","MT","Normal","MT UU","No breed provided",NA,"PRJEB53653","Unique CDS mapping rate < 0.3"
"37","ERR9923032","MT","MT","Normal","MT UU","No breed provided",NA,"PRJEB53653","Unique CDS mapping rate < 0.3"
"38","ERR9923033","MT","MT","Normal","MT UU","No breed provided",NA,"PRJEB53653","Unique CDS mapping rate < 0.3"
"39","ERR9923034","MT","MT","Normal","MT UU","No breed provided",NA,"PRJEB53653","Unique CDS mapping rate < 0.3"
"4","ERR9923035","MT","MT","Normal","MT UU","No breed provided",NA,"PRJEB53653","Unique CDS mapping rate < 0.3"
"40","ERR9923036","MT","MT","Normal","MT UU","No breed provided",NA,"PRJEB53653","Unique CDS mapping rate < 0.3"
"41","ERR9923037","MT","MT","Normal","MT UU","No breed provided",NA,"PRJEB53653","Unique CDS mapping rate < 0.3"
"42","ERR9923038","MT","MT","Normal","MT UU","No breed provided",NA,"PRJEB53653","Unique CDS mapping rate < 0.3"
"43","ERR9923039","MT","MT","Normal","MT UU","No breed provided",NA,"PRJEB53653","Unique CDS mapping rate < 0.3"
"44","ERR9923040","MT","MT","Normal","MT UU","No breed provided",NA,"PRJEB53653","Unique CDS mapping rate < 0.3"
"45","ERR9923041","MT","MT","Normal","MT UU","No breed provided",NA,"PRJEB53653","Unique CDS mapping rate < 0.3"
"46","ERR9923042","MT","MT","Normal","MT UU","No breed provided",NA,"PRJEB53653","Unique CDS mapping rate < 0.3"
"47","ERR9923043","MT","MT","Normal","MT UU","No breed provided",NA,"PRJEB53653","Unique CDS mapping rate < 0.3"
"5","ERR9923044","MT","MT","Normal","MT UU","No breed provided",NA,"PRJEB53653","Unique CDS mapping rate < 0.3"
"50","ERR9923045","MT","MT","Normal","MT UU","No breed provided",NA,"PRJEB53653","Unique CDS mapping rate < 0.3"
"51","ERR9923046","MT","MT","Normal","MT UU","No breed provided",NA,"PRJEB53653","Unique CDS mapping rate < 0.3"
"53","ERR9923047","MT","MT","Normal","MT UU","No breed provided",NA,"PRJEB53653","Unique CDS mapping rate < 0.3"
"54","ERR9923048","MT","MT","Normal","MT UU","No breed provided",NA,"PRJEB53653","Unique CDS mapping rate < 0.3"
"55","ERR9923049","MT","MT","Normal","MT UU","No breed provided",NA,"PRJEB53653","Unique CDS mapping rate < 0.3"
"56","ERR9923050","MT","MT","Normal","MT UU","No breed provided",NA,"PRJEB53653","Unique CDS mapping rate < 0.3"
"59","ERR9923051","MT","MT","Normal","MT UU","No breed provided",NA,"PRJEB53653","Unique CDS mapping rate < 0.3"
"6","ERR9923052","MT","MT","Normal","MT UU","No breed provided",NA,"PRJEB53653","Unique CDS mapping rate < 0.3"
"7","ERR9923053","MT","MT","Normal","MT UU","No breed provided",NA,"PRJEB53653","Unique CDS mapping rate < 0.3"
"75","ERR9923054","MT","MT","Normal","MT UU","No breed provided",NA,"PRJEB53653","Unique CDS mapping rate < 0.3"
"78","ERR9923055","MT","MT","Normal","MT UU","No breed provided",NA,"PRJEB53653","Unique CDS mapping rate < 0.3"
"79","ERR9923056","MT","MT","Normal","MT UU","No breed provided",NA,"PRJEB53653","Unique CDS mapping rate < 0.3"
"8","ERR9923057","MT","MT","Normal","MT UU","No breed provided",NA,"PRJEB53653","Unique CDS mapping rate < 0.3"
"9","ERR9923058","MT","MT","Normal","MT UU","No breed provided",NA,"PRJEB53653","Unique CDS mapping rate < 0.3"
"HS1","DRR345016","HS","HS","Normal","HS UTok","No breed provided",NA,"PRJDB10211","Pass QC"
"HS2","DRR345018","HS","HS","Normal","HS UTok","No breed provided",NA,"PRJDB10211","Pass QC"
"HS3","DRR345020","HS","HS","Normal","HS UTok","No breed provided",NA,"PRJDB10211","Pass QC"
"HS4","DRR345022","HS","HS","Normal","HS UTok","No breed provided",NA,"PRJDB10211","Pass QC"
"HS5","DRR345024","HS","HS","Normal","HS UTok","No breed provided",NA,"PRJDB10211","Pass QC"
"B00E00E-F","SRR17139344","OM","OM","Normal","OM URen","Poodle",NA,"PRJNA786469","Pass QC"
"B00E00G-H","SRR17139287","OM","OM","Normal","OM URen","Poodle",NA,"PRJNA786469","Pass QC"
"B00E00I-J","SRR17139265","OM","OM","Normal","OM URen","Poodle",NA,"PRJNA786469","Pass QC"
"B00E00K-L","SRR17139243","OM","OM","Normal","OM URen","Poodle",NA,"PRJNA786469","Pass QC"
"B00E00M-N","SRR17139221","OM","OM","Normal","OM URen","Poodle",NA,"PRJNA786469","Pass QC"
"B00E00O-P","SRR17139342","OM","OM","Normal","OM URen","Poodle",NA,"PRJNA786469","Pass QC"
"B00E00Q-R","SRR17139320","OM","OM","Normal","OM URen","Poodle",NA,"PRJNA786469","Pass QC"
"B00E00S-T","SRR17139298","OM","OM","Normal","OM URen","Poodle",NA,"PRJNA786469","Pass QC"
"B00E00U-V","SRR17139291","OM","OM","Normal","OM URen","Poodle",NA,"PRJNA786469","Pass QC"
"B00E00W-X","SRR17139289","OM","OM","Normal","OM URen","Poodle",NA,"PRJNA786469","Pass QC"
"B00E00Y-Z","SRR17139286","OM","OM","Normal","OM URen","Poodle",NA,"PRJNA786469","Pass QC"
"B00E010-1","SRR17139284","OM","OM","Normal","OM URen","Poodle",NA,"PRJNA786469","Pass QC"
"B00E012-3","SRR17139281","OM","OM","Normal","OM URen","Poodle",NA,"PRJNA786469","Pass QC"
"B00E014-5","SRR17139279","OM","OM","Normal","OM URen","Poodle",NA,"PRJNA786469","Pass QC"
"B00E016-7","SRR17139277","OM","OM","Normal","OM URen","Poodle",NA,"PRJNA786469","Pass QC"
"B00E018-9","SRR17139274","OM","OM","Normal","OM URen","Poodle",NA,"PRJNA786469","Pass QC"
"B00E01A-B","SRR17139272","OM","OM","Normal","OM URen","Poodle",NA,"PRJNA786469","Pass QC"
"B00E01C-D","SRR17139270","OM","OM","Normal","OM URen","Poodle",NA,"PRJNA786469","Pass QC"
"B00E01G-H","SRR17139267","OM","OM","Normal","OM URen","Poodle",NA,"PRJNA786469","Pass QC"
"B00E01I-J","SRR17139264","OM","OM","Normal","OM URen","Poodle",NA,"PRJNA786469","Pass QC"
"B00E01K-L","SRR17139262","OM","OM","Normal","OM URen","Poodle",NA,"PRJNA786469","Pass QC"
"B00E01M-N","SRR17139260","OM","OM","Normal","OM URen","Poodle",NA,"PRJNA786469","Pass QC"
"B00E01O-P","SRR17139258","OM","OM","Normal","OM URen","Poodle",NA,"PRJNA786469","Pass QC"
"B00E01Q-R","SRR17139256","OM","OM","Normal","OM URen","Golden Retriever",NA,"PRJNA786469","Pass QC"
"B00E01U-V","SRR17139253","OM","OM","Normal","OM URen","Golden Retriever",NA,"PRJNA786469","Pass QC"
"B00E01W-X","SRR17139251","OM","OM","Normal","OM URen","Golden Retriever",NA,"PRJNA786469","Pass QC"
"B00E01Y-Z","SRR17139249","OM","OM","Normal","OM URen","Labrador Retriever",NA,"PRJNA786469","Pass QC"
"B00E020-1","SRR17139247","OM","OM","Normal","OM URen","Golden Retriever",NA,"PRJNA786469","Pass QC"
"B00E022-3","SRR17139245","OM","OM","Normal","OM URen","Golden Retriever",NA,"PRJNA786469","Pass QC"
"B00E024-5","SRR17139242","OM","OM","Normal","OM URen","Golden Retriever",NA,"PRJNA786469","Pass QC"
"B00E026-7","SRR17139240","OM","OM","Normal","OM URen","Golden Retriever",NA,"PRJNA786469","Pass QC"
"B00E02A-B","SRR17139238","OM","OM","Normal","OM URen","Golden Retriever",NA,"PRJNA786469","Pass QC"
"B00E02C-D","SRR17139236","OM","OM","Normal","OM URen","Golden Retriever",NA,"PRJNA786469","Pass QC"
"B00E02G-H","SRR17139235","OM","OM","Normal","OM URen","Labrador Retriever",NA,"PRJNA786469","Pass QC"
"B00E02I-J","SRR17139233","OM","OM","Normal","OM URen","Labrador Retriever",NA,"PRJNA786469","Pass QC"
"B00E02K-L","SRR17139230","OM","OM","Normal","OM URen","Labrador Retriever",NA,"PRJNA786469","Pass QC"
"B00E02M-N","SRR17139228","OM","OM","Normal","OM URen","Labrador Retriever",NA,"PRJNA786469","Pass QC"
"B00E02O-P","SRR17139226","OM","OM","Normal","OM URen","Labrador Retriever",NA,"PRJNA786469","Pass QC"
"B00E02Q-R","SRR17139224","OM","OM","Normal","OM URen","Labrador Retriever",NA,"PRJNA786469","Pass QC"
"B00E02S-T","SRR17139222","OM","OM","Normal","OM URen","Labrador Retriever",NA,"PRJNA786469","Pass QC"
"B00E02U-V","SRR17139219","OM","OM","Normal","OM URen","Labrador Retriever",NA,"PRJNA786469","Pass QC"
"B00E02W-X","SRR17139217","OM","OM","Normal","OM URen","Labrador Retriever",NA,"PRJNA786469","Pass QC"
"B00E02Y-Z","SRR17139215","OM","OM","Normal","OM URen","Labrador Retriever",NA,"PRJNA786469","Pass QC"
"B00E030-1","SRR17139213","OM","OM","Normal","OM URen","Labrador Retriever",NA,"PRJNA786469","Pass QC"
"B00E032-3","SRR17139211","OM","OM","Normal","OM URen","Labrador Retriever",NA,"PRJNA786469","Pass QC"
"CCB010032_URen","SRR17139207","OM","OM","Normal","OM URen","Golden Retriever",NA,"PRJNA786469","Pass QC"
"CCB010284_URen","SRR17139205","OM","OM","Normal","OM URen","Golden Retriever",NA,"PRJNA786469","Pass QC"
"CCB030002_URen","SRR17139203","OM","OM","Normal","OM URen","Poodle",NA,"PRJNA786469","Pass QC"
"CCB030038_URen","SRR17139201","OM","OM","Normal","OM URen","Labrador Retriever",NA,"PRJNA786469","Pass QC"
"CCB030039_URen","SRR17139341","OM","OM","Normal","OM URen","Labrador Retriever",NA,"PRJNA786469","Pass QC"
"CCB030044_URen","SRR17139339","OM","OM","Normal","OM URen","Golden Retriever",NA,"PRJNA786469","Pass QC"
"CCB030075_URen","SRR17139337","OM","OM","Normal","OM URen","Golden Retriever",NA,"PRJNA786469","Pass QC"
"CCB030097_URen","SRR17139335","OM","OM","Normal","OM URen","Labrador Retriever",NA,"PRJNA786469","Pass QC"
"CCB030120_URen","SRR17139333","OM","OM","Normal","OM URen","Golden Retriever",NA,"PRJNA786469","Pass QC"
"CCB030165_URen","SRR17139330","OM","OM","Normal","OM URen","Golden Retriever",NA,"PRJNA786469","Pass QC"
"CCB030183_URen","SRR17139328","OM","OM","Normal","OM URen","Labrador Retriever",NA,"PRJNA786469","Pass QC"
"CCB030201_URen","SRR17139326","OM","OM","Normal","OM URen","Golden Retriever",NA,"PRJNA786469","Pass QC"
"CCB030227_URen","SRR17139324","OM","OM","Normal","OM URen","Golden Retriever",NA,"PRJNA786469","Pass QC"
"CCB030232_URen","SRR17139322","OM","OM","Normal","OM URen","Golden Retriever",NA,"PRJNA786469","Pass QC"
"CCB030269_URen","SRR17139319","OM","OM","Normal","OM URen","Labrador Retriever",NA,"PRJNA786469","Pass QC"
"CCB030273_URen","SRR17139317","OM","OM","Normal","OM URen","Golden Retriever",NA,"PRJNA786469","Pass QC"
"CCB030342_URen","SRR17139315","OM","OM","Normal","OM URen","Golden Retriever",NA,"PRJNA786469","Pass QC"
"CCB040334_URen","SRR17139313","OM","OM","Normal","OM URen","Labrador Retriever",NA,"PRJNA786469","Pass QC"
"CCB050007_URen","SRR17139311","OM","OM","Normal","OM URen","Golden Retriever",NA,"PRJNA786469","Pass QC"
"CCB050023_URen","SRR17139308","OM","OM","Normal","OM URen","Labrador Retriever",NA,"PRJNA786469","Pass QC"
"CCB050031_URen","SRR17139306","OM","OM","Normal","OM URen","Labrador Retriever",NA,"PRJNA786469","Pass QC"
"CCB050042_URen","SRR17139304","OM","OM","Normal","OM URen","Labrador Retriever",NA,"PRJNA786469","Pass QC"
"CCB050061_URen","SRR17139302","OM","OM","Normal","OM URen","Golden Retriever",NA,"PRJNA786469","Pass QC"
"CCB050096_URen","SRR17139300","OM","OM","Normal","OM URen","Labrador Retriever",NA,"PRJNA786469","Pass QC"
"CCB050228_URen","SRR17139297","OM","OM","Normal","OM URen","Labrador Retriever",NA,"PRJNA786469","Pass QC"
"CCB050351_URen","SRR17139295","OM","OM","Normal","OM URen","Golden Retriever",NA,"PRJNA786469","Pass QC"
"CCB070213_URen","SRR17139293","OM","OM","Normal","OM URen","Poodle",NA,"PRJNA786469","Pass QC"
"6SBR","SRR15461424","LYM","BCL","Normal","BCL UPad","German Shepherd",NA,"PRJNA752630","Unique CDS mapping rate < 0.3"
"61RAP","SRR15461425","LYM","BCL","Normal","BCL UPad","Weimaraner",NA,"PRJNA752630","Unique CDS mapping rate < 0.3"
"38GOV","SRR15461426","LYM","BCL","Normal","BCL UPad","German Shepherd",NA,"PRJNA752630","Unique CDS mapping rate < 0.3"
"59PIO","SRR15461427","LYM","BCL","Normal","BCL UPad","Welsh Corgi",NA,"PRJNA752630","Unique CDS mapping rate < 0.3"
"58RIS","SRR15461428","LYM","BCL","Normal","BCL UPad","Mixed",NA,"PRJNA752630","Unique CDS mapping rate < 0.3"
"57DIL","SRR15461429","LYM","BCL","Normal","BCL UPad","Mixed",NA,"PRJNA752630","Unique CDS mapping rate < 0.3"
"56GAL","SRR15461431","LYM","BCL","Normal","BCL UPad","Beagle",NA,"PRJNA752630","Unique CDS mapping rate < 0.3"
"55DIA","SRR15461432","LYM","BCL","Normal","BCL UPad","Great Dane",NA,"PRJNA752630","Unique CDS mapping rate < 0.3"
"53GUE","SRR15461433","LYM","BCL","Normal","BCL UPad","Labrador Retriever",NA,"PRJNA752630","Unique CDS mapping rate < 0.3"
"52SOL","SRR15461434","LYM","BCL","Normal","BCL UPad","Rottweiler",NA,"PRJNA752630","Unique CDS mapping rate < 0.3"
"50RUZ","SRR15461435","LYM","BCL","Normal","BCL UPad","German Shepherd",NA,"PRJNA752630","Unique CDS mapping rate < 0.3"
"4DIG","SRR15461436","LYM","BCL","Normal","BCL UPad","Mixed",NA,"PRJNA752630","Unique CDS mapping rate < 0.3"
"49CAV","SRR15461437","LYM","BCL","Normal","BCL UPad","Golden Retriever",NA,"PRJNA752630","Unique CDS mapping rate < 0.3"
"48CAS","SRR15461438","LYM","BCL","Normal","BCL UPad","Mixed",NA,"PRJNA752630","Unique CDS mapping rate < 0.3"
"47GIA","SRR15461439","LYM","BCL","Normal","BCL UPad","Basset Hound",NA,"PRJNA752630","Unique CDS mapping rate < 0.3"
"46MAR","SRR15461440","LYM","BCL","Normal","BCL UPad","Golden Retriever",NA,"PRJNA752630","Unique CDS mapping rate < 0.3"
"45FON","SRR15461442","LYM","BCL","Normal","BCL UPad","Fox Terrier",NA,"PRJNA752630","Unique CDS mapping rate < 0.3"
"44GHE","SRR15461443","LYM","BCL","Normal","BCL UPad","Bloodhound",NA,"PRJNA752630","Unique CDS mapping rate < 0.3"
"43GIA","SRR15461444","LYM","BCL","Normal","BCL UPad","Dobermann",NA,"PRJNA752630","Unique CDS mapping rate < 0.3"
"41RAI","SRR15461445","LYM","BCL","Normal","BCL UPad","Mixed",NA,"PRJNA752630","Uniq mapping rate < 0.5"
"40PIN","SRR15461446","LYM","BCL","Normal","BCL UPad","German Shepherd",NA,"PRJNA752630","Unique CDS mapping rate < 0.3"
"39BER","SRR15461447","LYM","BCL","Normal","BCL UPad","Mountain",NA,"PRJNA752630","Unique CDS mapping rate < 0.3"
"37BEG","SRR15461448","LYM","BCL","Normal","BCL UPad","American Staffordshire Terrier",NA,"PRJNA752630","Unique CDS mapping rate < 0.3"
"36REI","SRR15461449","LYM","BCL","Normal","BCL UPad","French Bulldog",NA,"PRJNA752630","Unique CDS mapping rate < 0.3"
"35ANG","SRR15461450","LYM","BCL","Normal","BCL UPad","Mixed",NA,"PRJNA752630","Unique CDS mapping rate < 0.3"
"34BOR","SRR15461451","LYM","BCL","Normal","BCL UPad","Golden Retriever",NA,"PRJNA752630","Unique CDS mapping rate < 0.3"
"33DIG","SRR15461453","LYM","BCL","Normal","BCL UPad","Golden Retriever",NA,"PRJNA752630","Unique CDS mapping rate < 0.3"
"32TEB","SRR15461454","LYM","BCL","Normal","BCL UPad","Rottweiler",NA,"PRJNA752630","Unique CDS mapping rate < 0.3"
"30CER","SRR15461455","LYM","BCL","Normal","BCL UPad","Mountain",NA,"PRJNA752630","Unique CDS mapping rate < 0.3"
"2VOL","SRR15461456","LYM","BCL","Normal","BCL UPad","Mixed",NA,"PRJNA752630","Unique CDS mapping rate < 0.3"
"28MAN","SRR15461457","LYM","BCL","Normal","BCL UPad","German Shepherd",NA,"PRJNA752630","Unique CDS mapping rate < 0.3"
"26PAS","SRR15461458","LYM","BCL","Normal","BCL UPad","German Shepherd",NA,"PRJNA752630","Unique CDS mapping rate < 0.3"
"24ERM","SRR15461459","LYM","BCL","Normal","BCL UPad","Mixed",NA,"PRJNA752630","Unique CDS mapping rate < 0.3"
"23RAI","SRR15461460","LYM","BCL","Normal","BCL UPad","American Staffordshire Terrier",NA,"PRJNA752630","Unique CDS mapping rate < 0.3"
"21STA","SRR15461461","LYM","BCL","Normal","BCL UPad","Jack Russel",NA,"PRJNA752630","Unique CDS mapping rate < 0.3"
"19DON","SRR15461462","LYM","BCL","Normal","BCL UPad","English Setter",NA,"PRJNA752630","Unique CDS mapping rate < 0.3"
"18COR","SRR15461464","LYM","BCL","Normal","BCL UPad","Border Collie",NA,"PRJNA752630","Unique CDS mapping rate < 0.3"
"17CAN","SRR15461465","LYM","BCL","Normal","BCL UPad","Rottweiler",NA,"PRJNA752630","Unique CDS mapping rate < 0.3"
"16RIG","SRR15461466","LYM","BCL","Normal","BCL UPad","Poodle",NA,"PRJNA752630","Unique CDS mapping rate < 0.3"
"13ZOP","SRR15461467","LYM","BCL","Normal","BCL UPad","Yorkshire Terrier",NA,"PRJNA752630","Unique CDS mapping rate < 0.3"
"12CAN","SRR15461468","LYM","BCL","Normal","BCL UPad","Poodle",NA,"PRJNA752630","Unique CDS mapping rate < 0.3"
"11DES","SRR15461469","LYM","BCL","Normal","BCL UPad","Boxer",NA,"PRJNA752630","Unique CDS mapping rate < 0.3"
"10BIN","SRR15461470","LYM","BCL","Normal","BCL UPad","Cocker Spaniel",NA,"PRJNA752630","Unique CDS mapping rate < 0.3"
"10RIN_dlbcl","SRR15508608","LYM","BCL","Normal","BCL UPad","Mixed",NA,"PRJNA752630","Unique CDS mapping rate < 0.3"
"9DAN_dlbcl","SRR15508609","LYM","BCL","Normal","BCL UPad","Amstaff",NA,"PRJNA752630","Unique CDS mapping rate < 0.3"
"8SCA_dlbcl","SRR15508610","LYM","BCL","Normal","BCL UPad","Viszla",NA,"PRJNA752630","Unique CDS mapping rate < 0.3"
"7POL_dlbcl","SRR15508611","LYM","BCL","Normal","BCL UPad","Mixed",NA,"PRJNA752630","Unique CDS mapping rate < 0.3"
"6MEL_dlbcl","SRR15508612","LYM","BCL","Normal","BCL UPad","German Shepherd",NA,"PRJNA752630","Unique CDS mapping rate < 0.3"
"5MIC_dlbcl","SRR15508613","LYM","BCL","Normal","BCL UPad","Whwt",NA,"PRJNA752630","Unique CDS mapping rate < 0.3"
"34PAG_dlbcl","SRR15508614","LYM","BCL","Normal","BCL UPad","Bernese Mountain",NA,"PRJNA752630","Unique CDS mapping rate < 0.3"
"33GIA_dlbcl","SRR15508615","LYM","BCL","Normal","BCL UPad","Mixed",NA,"PRJNA752630","Unique CDS mapping rate < 0.3"
"32ROB_dlbcl","SRR15508616","LYM","BCL","Normal","BCL UPad","Rottweiler",NA,"PRJNA752630","Unique CDS mapping rate < 0.3"
"31GIU_dlbcl","SRR15508617","LYM","BCL","Normal","BCL UPad","Mixed",NA,"PRJNA752630","Unique CDS mapping rate < 0.3"
"4CEC_dlbcl","SRR15508618","LYM","BCL","Normal","BCL UPad","Rottweiler",NA,"PRJNA752630","Pass QC"
"30BEL_dlbcl","SRR15508619","LYM","BCL","Normal","BCL UPad","Mixed",NA,"PRJNA752630","Unique CDS mapping rate < 0.3"
"29LEO_dlbcl","SRR15508620","LYM","BCL","Normal","BCL UPad","Mixed",NA,"PRJNA752630","Unique CDS mapping rate < 0.3"
"28DRI_dlbcl","SRR15508621","LYM","BCL","Normal","BCL UPad","Mixed",NA,"PRJNA752630","Unique CDS mapping rate < 0.3"
"27RAF_dlbcl","SRR15508622","LYM","BCL","Normal","BCL UPad","Bullmastiff",NA,"PRJNA752630","Unique CDS mapping rate < 0.3"
"26BLG_dlbcl","SRR15508623","LYM","BCL","Normal","BCL UPad","Irish Setter",NA,"PRJNA752630","Unique CDS mapping rate < 0.3"
"25CON_dlbcl","SRR15508624","LYM","BCL","Normal","BCL UPad","Rottweiler",NA,"PRJNA752630","Unique CDS mapping rate < 0.3"
"24STI_dlbcl","SRR15508625","LYM","BCL","Normal","BCL UPad","English Setter",NA,"PRJNA752630","Unique CDS mapping rate < 0.3"
"23MAT_dlbcl","SRR15508626","LYM","BCL","Normal","BCL UPad","Belgian Shepherd",NA,"PRJNA752630","Unique CDS mapping rate < 0.3"
"22ZAG_dlbcl","SRR15508627","LYM","BCL","Normal","BCL UPad","Mixed",NA,"PRJNA752630","Unique CDS mapping rate < 0.3"
"21BRB_dlbcl","SRR15508628","LYM","BCL","Normal","BCL UPad","French Bulldog",NA,"PRJNA752630","Pass QC"
"3MAT_dlbcl","SRR15508629","LYM","BCL","Normal","BCL UPad","Dachshund",NA,"PRJNA752630","Unique CDS mapping rate < 0.3"
"20MAR_dlbcl","SRR15508630","LYM","BCL","Normal","BCL UPad","Mixed",NA,"PRJNA752630","Unique CDS mapping rate < 0.3"
"19BAR_dlbcl","SRR15508631","LYM","BCL","Normal","BCL UPad","Border Collie",NA,"PRJNA752630","Unique CDS mapping rate < 0.3"
"18RUS_dlbcl","SRR15508632","LYM","BCL","Normal","BCL UPad","Rottweiler",NA,"PRJNA752630","Unique CDS mapping rate < 0.3"
"17MIN_dlbcl","SRR15508633","LYM","BCL","Normal","BCL UPad","Jack Russell",NA,"PRJNA752630","Unique CDS mapping rate < 0.3"
"16BUR_dlbcl","SRR15508634","LYM","BCL","Normal","BCL UPad","Mixed",NA,"PRJNA752630","Unique CDS mapping rate < 0.3"
"15DES_dlbcl","SRR15508635","LYM","BCL","Normal","BCL UPad","Beagle",NA,"PRJNA752630","Unique CDS mapping rate < 0.3"
"14ALB_dlbcl","SRR15508636","LYM","BCL","Normal","BCL UPad","Dobermann",NA,"PRJNA752630","Unique CDS mapping rate < 0.3"
"13BAR_dlbcl","SRR15508637","LYM","BCL","Normal","BCL UPad","Mixed",NA,"PRJNA752630","Unique CDS mapping rate < 0.3"
"12DIG_dlbcl","SRR15508638","LYM","BCL","Normal","BCL UPad","German Shepherd",NA,"PRJNA752630","Unique CDS mapping rate < 0.3"
"11CAR_dlbcl","SRR15508639","LYM","BCL","Normal","BCL UPad","Dobermann",NA,"PRJNA752630","Unique CDS mapping rate < 0.3"
"2WHA_dlbcl","SRR15508640","LYM","BCL","Normal","BCL UPad","Bullmastiff",NA,"PRJNA752630","Unique CDS mapping rate < 0.3"
"1BAC_dlbcl","SRR15508641","LYM","BCL","Normal","BCL UPad","German Shepherd",NA,"PRJNA752630","Unique CDS mapping rate < 0.3"
"FFPE_2","SRR13674709","OSA","OSA","Normal","OSA UPad","Schnauzer","FFPE","PRJNA701141","Uniq mapping rate < 0.5"
"4152","SRR13571580","LYM","BCL","Normal","BCL CU","Golden Retriever","refrigerated EDTA blood","PRJNA695534","coverage < 30"
"4151","SRR13571582","LYM","BCL","Normal","BCL CU","Jack Russell Terrier","refrigerated EDTA blood","PRJNA695534","coverage < 30"
"4150","SRR13571584","LYM","BCL","Normal","BCL CU","Golden Retriever","refrigerated EDTA blood","PRJNA695534","coverage < 30"
"4148","SRR13571586","LYM","BCL","Normal","BCL CU","Labrador Retriever","refrigerated EDTA blood","PRJNA695534","coverage < 30"
"4147","SRR13571588","LYM","BCL","Normal","BCL CU","German Shepherd","refrigerated EDTA blood","PRJNA695534","coverage < 30"
"4103","SRR13571590","LYM","BCL","Normal","BCL CU","Miniature Schnauzer","refrigerated EDTA blood","PRJNA695534","coverage < 30"
"4146","SRR13571591","LYM","BCL","Normal","BCL CU","Boxer","refrigerated EDTA blood","PRJNA695534","coverage < 30"
"4145","SRR13571593","LYM","BCL","Normal","BCL CU","Beagle","refrigerated EDTA blood","PRJNA695534","Pass QC"
"4144","SRR13571595","LYM","BCL","Normal","BCL CU","Australian Shepherd","refrigerated EDTA blood","PRJNA695534","Pass QC"
"4142","SRR13571597","LYM","BCL","Normal","BCL CU","Yorkshire Terrier","refrigerated EDTA blood","PRJNA695534","Pass QC"
"4140","SRR13571599","LYM","BCL","Normal","BCL CU","Mixed","refrigerated EDTA blood","PRJNA695534","coverage < 30"
"4136","SRR13571602","LYM","BCL","Normal","BCL CU","Boykin Spaniel","refrigerated EDTA blood","PRJNA695534","Pass QC"
"4197","SRR13571606","LYM","BCL","Normal","BCL CU","Golden Retriever","refrigerated EDTA blood","PRJNA695534","coverage < 30"
"4195","SRR13571608","LYM","BCL","Normal","BCL CU","Golden Retriever","refrigerated EDTA blood","PRJNA695534","coverage < 30"
"4194","SRR13571610","LYM","BCL","Normal","BCL CU","Belgian Malinois","refrigerated EDTA blood","PRJNA695534","coverage < 30"
"4191","SRR13571612","LYM","BCL","Normal","BCL CU","Golden Retriever","refrigerated EDTA blood","PRJNA695534","coverage < 30"
"4189","SRR13571614","LYM","BCL","Normal","BCL CU","Golden Retriever","refrigerated EDTA blood","PRJNA695534","Pass QC"
"4107","SRR13571616","LYM","BCL","Normal","BCL CU","Labrador Retriever","refrigerated EDTA blood","PRJNA695534","coverage < 30"
"4188","SRR13571617","LYM","BCL","Normal","BCL CU","Golden Retriever","refrigerated EDTA blood","PRJNA695534","Pass QC"
"4186","SRR13571619","LYM","BCL","Normal","BCL CU","Golden Retriever","refrigerated EDTA blood","PRJNA695534","coverage < 30"
"4184","SRR13571621","LYM","BCL","Normal","BCL CU","Nova Scotia Duck Tolling Retriever","refrigerated EDTA blood","PRJNA695534","Pass QC"
"4181","SRR13571623","LYM","BCL","Normal","BCL CU","Maltese","refrigerated EDTA blood","PRJNA695534","Pass QC"
"4179","SRR13571625","LYM","BCL","Normal","BCL CU","Labrador Retriever","refrigerated EDTA blood","PRJNA695534","Pass QC"
"4132","SRR13571628","LYM","BCL","Normal","BCL CU","Pekingese","refrigerated EDTA blood","PRJNA695534","Pass QC"
"4131","SRR13571630","LYM","BCL","Normal","BCL CU","Golden Retriever","refrigerated EDTA blood","PRJNA695534","Pass QC"
"4130","SRR13571632","LYM","BCL","Normal","BCL CU","English Bulldog","refrigerated EDTA blood","PRJNA695534","Pass QC"
"4129","SRR13571634","LYM","BCL","Normal","BCL CU","Labrador Retriever","refrigerated EDTA blood","PRJNA695534","Pass QC"
"4102","SRR13571636","LYM","BCL","Normal","BCL CU","Shih Tzu","refrigerated EDTA blood","PRJNA695534","coverage < 30"
"4128","SRR13571637","LYM","BCL","Normal","BCL CU","Fox Terrier","refrigerated EDTA blood","PRJNA695534","Pass QC"
"4127","SRR13571639","LYM","BCL","Normal","BCL CU","American Staffordshire Terrier","refrigerated EDTA blood","PRJNA695534","Pass QC"
"4126","SRR13571641","LYM","BCL","Normal","BCL CU","Toy Poodle","refrigerated EDTA blood","PRJNA695534","Pass QC"
"4125","SRR13571643","LYM","BCL","Normal","BCL CU","Bull Terrier","refrigerated EDTA blood","PRJNA695534","Pass QC"
"4123","SRR13571645","LYM","BCL","Normal","BCL CU","Cardigan Welsh Corgi","refrigerated EDTA blood","PRJNA695534","Pass QC"
"4122","SRR13571648","LYM","BCL","Normal","BCL CU","Bernese Mountain","refrigerated EDTA blood","PRJNA695534","Pass QC"
"4121","SRR13571650","LYM","BCL","Normal","BCL CU","Australian Shepherd","refrigerated EDTA blood","PRJNA695534","Pass QC"
"4120","SRR13571652","LYM","BCL","Normal","BCL CU","Hound","refrigerated EDTA blood","PRJNA695534","Pass QC"
"4119","SRR13571654","LYM","BCL","Normal","BCL CU","Border Collie","refrigerated EDTA blood","PRJNA695534","Pass QC"
"4118","SRR13571656","LYM","BCL","Normal","BCL CU","Golden Retriever","refrigerated EDTA blood","PRJNA695534","Pass QC"
"4101","SRR13571658","LYM","BCL","Normal","BCL CU","Kerry Blue Terrier","refrigerated EDTA blood","PRJNA695534","coverage < 30"
"4117","SRR13571659","LYM","BCL","Normal","BCL CU","German Shepherd","refrigerated EDTA blood","PRJNA695534","coverage < 30"
"4116","SRR13571661","LYM","BCL","Normal","BCL CU","Cocker Spaniel","refrigerated EDTA blood","PRJNA695534","Pass QC"
"4115","SRR13571663","LYM","BCL","Normal","BCL CU","German Shepherd","refrigerated EDTA blood","PRJNA695534","coverage < 30"
"4113","SRR13571665","LYM","BCL","Normal","BCL CU","Terrier","refrigerated EDTA blood","PRJNA695534","coverage < 30"
"4112","SRR13571667","LYM","BCL","Normal","BCL CU","Rat Terrier","refrigerated EDTA blood","PRJNA695534","coverage < 30"
"4111","SRR13571670","LYM","BCL","Normal","BCL CU","Boxer","refrigerated EDTA blood","PRJNA695534","coverage < 30"
"4110","SRR13571672","LYM","BCL","Normal","BCL CU","Miniature Schnauzer","refrigerated EDTA blood","PRJNA695534","coverage < 30"
"4108","SRR13571674","LYM","BCL","Normal","BCL CU","Terrier","refrigerated EDTA blood","PRJNA695534","coverage < 30"
"4199","SRR13571675","LYM","BCL","Normal","BCL CU","Rottweiler","refrigerated EDTA blood","PRJNA695534","Pass QC"
"4166","SRR13571676","LYM","BCL","Normal","BCL CU","Cocker Spaniel","refrigerated EDTA blood","PRJNA695534","coverage < 30"
"4164","SRR13571678","LYM","BCL","Normal","BCL CU","Standard Poodle","refrigerated EDTA blood","PRJNA695534","coverage < 30"
"4163","SRR13571680","LYM","BCL","Normal","BCL CU","Labrador Retriever","refrigerated EDTA blood","PRJNA695534","coverage < 30"
"4162","SRR13571682","LYM","BCL","Normal","BCL CU","Labrador Retriever","refrigerated EDTA blood","PRJNA695534","coverage < 30"
"4161","SRR13571684","LYM","BCL","Normal","BCL CU","Scottish Terrier","refrigerated EDTA blood","PRJNA695534","coverage < 30"
"4104","SRR13571686","LYM","BCL","Normal","BCL CU","Cardigan Welsh Corgi","refrigerated EDTA blood","PRJNA695534","coverage < 30"
"4160","SRR13571687","LYM","BCL","Normal","BCL CU","Newfoundland","refrigerated EDTA blood","PRJNA695534","Pass QC"
"4158","SRR13571689","LYM","BCL","Normal","BCL CU","Collie","refrigerated EDTA blood","PRJNA695534","coverage < 30"
"4156","SRR13571691","LYM","BCL","Normal","BCL CU","Shih Tzu","refrigerated EDTA blood","PRJNA695534","coverage < 30"
"4155","SRR13571693","LYM","BCL","Normal","BCL CU","French Bulldog","refrigerated EDTA blood","PRJNA695534","Pass QC"
"4154","SRR13571695","LYM","BCL","Normal","BCL CU","Bernese Mountain","refrigerated EDTA blood","PRJNA695534","coverage < 30"
"4178","SRR13571698","LYM","BCL","Normal","BCL CU","Airedale Terrier","refrigerated EDTA blood","PRJNA695534","coverage < 30"
"4175","SRR13571700","LYM","BCL","Normal","BCL CU","American Staffordshire Terrier","refrigerated EDTA blood","PRJNA695534","coverage < 30"
"4174","SRR13571702","LYM","BCL","Normal","BCL CU","Beagle","refrigerated EDTA blood","PRJNA695534","Pass QC"
"4173","SRR13571704","LYM","BCL","Normal","BCL CU","Cocker Spaniel","refrigerated EDTA blood","PRJNA695534","coverage < 30"
"4172","SRR13571706","LYM","BCL","Normal","BCL CU","English Bulldog","refrigerated EDTA blood","PRJNA695534","coverage < 30"
"4105","SRR13571708","LYM","BCL","Normal","BCL CU","Pembroke Welsh Corgi","refrigerated EDTA blood","PRJNA695534","Pass QC"
"4171","SRR13571709","LYM","BCL","Normal","BCL CU","Hound","refrigerated EDTA blood","PRJNA695534","coverage < 30"
"4170","SRR13571711","LYM","BCL","Normal","BCL CU","Saint Bernard","refrigerated EDTA blood","PRJNA695534","coverage < 30"
"4169","SRR13571713","LYM","BCL","Normal","BCL CU","West Highland White Terrier","refrigerated EDTA blood","PRJNA695534","coverage < 30"
"4168","SRR13571715","LYM","BCL","Normal","BCL CU","Pembroke Welsh Corgi","refrigerated EDTA blood","PRJNA695534","coverage < 30"
"4167","SRR13571717","LYM","BCL","Normal","BCL CU","German Shepherd","refrigerated EDTA blood","PRJNA695534","coverage < 30"
"4100","SRR13571720","LYM","BCL","Normal","BCL CU","Border Collie","refrigerated EDTA blood","PRJNA695534","Pass QC"
"1032","SRR13123343","OSA","OSA","Normal","OSA UMis","Sheepdog",NA,"PRJNA680382","Unique CDS mapping rate < 0.3"
"680","SRR13123349","OSA","OSA","Normal","OSA UMis","Labrador Retriever",NA,"PRJNA680382","Unique CDS mapping rate < 0.3"
"1166","SRR13123343","OSA","OSA","Normal","OSA UMis","Sheepdog",NA,"PRJNA680382","Unique CDS mapping rate < 0.3"
"994","SRR13123349","OSA","OSA","Normal","OSA UMis","Labrador Retriever",NA,"PRJNA680382","Unique CDS mapping rate < 0.3"
"Pt03","SRR13050752","HSA","HSA","Normal","HSA TGen","Wheaten Terrier",NA,"PRJNA677995","Pass QC"
"Pt11","SRR13050747","HSA","HSA","Normal","HSA TGen","Border Collie",NA,"PRJNA677995","Pass QC"
"Pt16","SRR13050743","HSA","HSA","Normal","HSA TGen","Mixed",NA,"PRJNA677995","Pass QC"
"Pt22","SRR13050739","HSA","HSA","Normal","HSA TGen","Mixed",NA,"PRJNA677995","Pass QC"
"TD248A1_ES","SRR11671221","NonT","NonT","Normal","NonT UHel","Great Dane",NA,"PRJNA630029","Unique CDS mapping rate < 0.3"
"TD015A1_ES","SRR11671222","NonT","NonT","Normal","NonT UHel","Great Dane",NA,"PRJNA630029","Unique CDS mapping rate < 0.3"
"TD199A1_ES","SRR11671223","NonT","NonT","Normal","NonT UHel","Great Dane",NA,"PRJNA630029","Pass QC"
"TD280A1_ES","SRR11671224","NonT","NonT","Normal","NonT UHel","Great Dane",NA,"PRJNA630029","coverage < 30"
"TD303A1_ES","SRR11671225","NonT","NonT","Normal","NonT UHel","Great Dane",NA,"PRJNA630029","coverage < 30"
"TD300A1_ES","SRR11671226","NonT","NonT","Normal","NonT UHel","Great Dane",NA,"PRJNA630029","coverage < 30"
"TD338A1_ES","SRR11671227","NonT","NonT","Normal","NonT UHel","Great Dane",NA,"PRJNA630029","Pass QC"
"TD328A1_ES","SRR11671230","NonT","NonT","Normal","NonT UHel","Great Dane",NA,"PRJNA630029","coverage < 30"
"TD472A1_ES","SRR11671235","NonT","NonT","Normal","NonT UHel","Great Dane",NA,"PRJNA630029","Unique CDS mapping rate < 0.3"
"TD406A1_ES","SRR11671236","NonT","NonT","Normal","NonT UHel","Great Dane",NA,"PRJNA630029","Unique CDS mapping rate < 0.3"
"TD365A1_ES","SRR11671237","NonT","NonT","Normal","NonT UHel","Great Dane",NA,"PRJNA630029","Unique CDS mapping rate < 0.3"
"TD355A1_ES","SRR11671238","NonT","NonT","Normal","NonT UHel","Great Dane",NA,"PRJNA630029","Pass QC"
"TD343A1_ES","SRR11671239","NonT","NonT","Normal","NonT UHel","Great Dane",NA,"PRJNA630029","Pass QC"
"TD292A1_ES","SRR11671240","NonT","NonT","Normal","NonT UHel","Great Dane",NA,"PRJNA630029","coverage < 30"
"TD341A1_ES","SRR11671241","NonT","NonT","Normal","NonT UHel","Great Dane",NA,"PRJNA630029","Pass QC"
"TD073A1_ES","SRR11671242","NonT","NonT","Normal","NonT UHel","Great Dane",NA,"PRJNA630029","coverage < 30"
"DD0174","ERR10505793-ERR10505845-ERR10505897-ERR10505949","BT","UC","Tumor","UC SI","No breed provided",NA,"PRJEB57227","Uniq mapping rate < 0.5"
"DD0175","ERR10505795-ERR10505847-ERR10505899-ERR10505951","BT","UC","Tumor","UC SI","No breed provided",NA,"PRJEB57227","Uniq mapping rate < 0.5"
"DD0176","ERR10505797-ERR10505849-ERR10505901-ERR10505953","BT","UC","Tumor","UC SI","No breed provided",NA,"PRJEB57227","Uniq mapping rate < 0.5"
"DD0179","ERR10505801-ERR10505853-ERR10505905-ERR10505957","BT","UC","Tumor","UC SI","No breed provided",NA,"PRJEB57227","Uniq mapping rate < 0.5"
"DD0181","ERR10505803-ERR10505855-ERR10505907-ERR10505959","BT","UC","Tumor","UC SI","No breed provided",NA,"PRJEB57227","Uniq mapping rate < 0.5"
"DD0186","ERR10505810-ERR10505862-ERR10505914-ERR10505966","BT","UC","Tumor","UC SI","No breed provided",NA,"PRJEB57227","Uniq mapping rate < 0.5"
"DD0187","ERR10505813-ERR10505865-ERR10505917-ERR10505969","BT","UC","Tumor","UC SI","No breed provided",NA,"PRJEB57227","Uniq mapping rate < 0.5"
"DD0188","ERR10505815-ERR10505867-ERR10505919-ERR10505971","BT","UC","Tumor","UC SI","No breed provided",NA,"PRJEB57227","Uniq mapping rate < 0.5"
"DD0189","ERR10505817-ERR10505869-ERR10505921-ERR10505973","BT","UC","Tumor","UC SI","No breed provided",NA,"PRJEB57227","Uniq mapping rate < 0.5"
"DD0191","ERR10505820-ERR10505872-ERR10505924-ERR10505976","BT","UC","Tumor","UC SI","No breed provided",NA,"PRJEB57227","Uniq mapping rate < 0.5"
"DD0192","ERR10505822-ERR10505874-ERR10505926-ERR10505978","BT","UC","Tumor","UC SI","No breed provided",NA,"PRJEB57227","Uniq mapping rate < 0.5"
"DD0195","ERR10505827-ERR10505879-ERR10505931-ERR10505983","BT","UC","Tumor","UC SI","No breed provided",NA,"PRJEB57227","Uniq mapping rate < 0.5"
"DD0194","ERR10505825-ERR10505877-ERR10505929-ERR10505981","BT","UC","Tumor","UC SI","No breed provided",NA,"PRJEB57227","Uniq mapping rate < 0.5"
"DD0196","ERR10505830-ERR10505882-ERR10505934-ERR10505986","BT","UC","Tumor","UC SI","No breed provided",NA,"PRJEB57227","Uniq mapping rate < 0.5"
"DD0202","ERR10505839-ERR10505891-ERR10505943-ERR10505995","BT","UC","Tumor","UC SI","No breed provided",NA,"PRJEB57227","Uniq mapping rate < 0.5"
"DD0201","ERR10505835-ERR10505887-ERR10505939-ERR10505991","BT","UC","Tumor","UC SI","No breed provided",NA,"PRJEB57227","Uniq mapping rate < 0.5"
"DD0253","ERR10506004-ERR10506034-ERR10506064-ERR10506094","BT","UC","Tumor","UC SI","No breed provided",NA,"PRJEB57227","Pass QC"
"DD0252","ERR10505799-ERR10505851-ERR10505903-ERR10505955","BT","UC","Tumor","UC SI","No breed provided",NA,"PRJEB57227","Pass QC"
"DD0251","ERR10506001-ERR10506031-ERR10506061-ERR10506091","BT","UC","Tumor","UC SI","No breed provided",NA,"PRJEB57227","Pass QC"
"DD0258","ERR10505805-ERR10505857-ERR10505909-ERR10505961","BT","UC","Tumor","UC SI","No breed provided",NA,"PRJEB57227","Uniq mapping rate < 0.5"
"DD0256","ERR10506005-ERR10506035-ERR10506065-ERR10506095","BT","UC","Tumor","UC SI","No breed provided",NA,"PRJEB57227","Pass QC"
"DD0260","ERR10506009-ERR10506039-ERR10506069-ERR10506099","BT","UC","Tumor","UC SI","No breed provided",NA,"PRJEB57227","Pass QC"
"DD0261","ERR10505808-ERR10505860-ERR10505912-ERR10505964","BT","UC","Tumor","UC SI","No breed provided",NA,"PRJEB57227","Uniq mapping rate < 0.5"
"DD0262","ERR10506010-ERR10506040-ERR10506070-ERR10506100","BT","UC","Tumor","UC SI","No breed provided",NA,"PRJEB57227","Pass QC"
"DD0265","ERR10506011-ERR10506041-ERR10506071-ERR10506101","BT","UC","Tumor","UC SI","No breed provided",NA,"PRJEB57227","Pass QC"
"DD0266","ERR10505818-ERR10505870-ERR10505922-ERR10505974","BT","UC","Tumor","UC SI","No breed provided",NA,"PRJEB57227","Uniq mapping rate < 0.5"
"DD0268","ERR10506014-ERR10506044-ERR10506074-ERR10506104","BT","UC","Tumor","UC SI","No breed provided",NA,"PRJEB57227","Pass QC"
"DD0270","ERR10505823-ERR10505875-ERR10505927-ERR10505979","BT","UC","Tumor","UC SI","No breed provided",NA,"PRJEB57227","Uniq mapping rate < 0.5"
"DD0273","ERR10505829-ERR10505881-ERR10505933-ERR10505985","BT","UC","Tumor","UC SI","No breed provided",NA,"PRJEB57227","Uniq mapping rate < 0.5"
"DD0272","ERR10506017-ERR10506047-ERR10506077-ERR10506107","BT","UC","Tumor","UC SI","No breed provided",NA,"PRJEB57227","Pass QC"
"DD0274","ERR10506019-ERR10506049-ERR10506079-ERR10506109","BT","UC","Tumor","UC SI","No breed provided",NA,"PRJEB57227","Pass QC"
"DD0275","ERR10505833-ERR10505885-ERR10505937-ERR10505989","BT","UC","Tumor","UC SI","No breed provided",NA,"PRJEB57227","Uniq mapping rate < 0.5"
"DD0277","ERR10506021-ERR10506051-ERR10506081-ERR10506111","BT","UC","Tumor","UC SI","No breed provided",NA,"PRJEB57227","Pass QC"
"DD0278","ERR10506023-ERR10506053-ERR10506083-ERR10506113","BT","UC","Tumor","UC SI","No breed provided",NA,"PRJEB57227","Pass QC"
"DD0281","ERR10505837-ERR10505889-ERR10505941-ERR10505993","BT","UC","Tumor","UC SI","No breed provided",NA,"PRJEB57227","Uniq mapping rate < 0.5"
"DD0285","ERR10506027-ERR10506057-ERR10506087-ERR10506117","BT","UC","Tumor","UC SI","No breed provided",NA,"PRJEB57227","Pass QC"
"DD0284","ERR10506025-ERR10506055-ERR10506085-ERR10506115","BT","UC","Tumor","UC SI","No breed provided",NA,"PRJEB57227","Pass QC"
"DD0287","ERR10506029-ERR10506059-ERR10506089-ERR10506119","BT","UC","Tumor","UC SI","No breed provided",NA,"PRJEB57227","fail pipeline"
"DD0288","ERR10506030-ERR10506060-ERR10506090-ERR10506120","BT","UC","Tumor","UC SI","No breed provided",NA,"PRJEB57227","Pass QC"
"DD0289","ERR10505843-ERR10505895-ERR10505947-ERR10505999","BT","UC","Tumor","UC SI","No breed provided",NA,"PRJEB57227","Uniq mapping rate < 0.5"
"DD0292","ERR10505593-ERR10505607-ERR10505621-ERR10505635","BT","UC","Tumor","UC SI","No breed provided",NA,"PRJEB57227","Pass QC"
"DD0294","ERR10505596-ERR10505610-ERR10505624-ERR10505638","BT","UC","Tumor","UC SI","No breed provided",NA,"PRJEB57227","Pass QC"
"DD0320","ERR10505603-ERR10505617-ERR10505631-ERR10505645","BT","UC","Tumor","UC SI","No breed provided",NA,"PRJEB57227","Pass QC"
"DD0328","ERR10505605-ERR10505619-ERR10505633-ERR10505647","BT","UC","Tumor","UC SI","No breed provided",NA,"PRJEB57227","Pass QC"
"DD0299","ERR10505597-ERR10505611-ERR10505625-ERR10505639","BT","UC","Tumor","UC SI","No breed provided",NA,"PRJEB57227","Pass QC"
"DD0306","ERR10505601-ERR10505615-ERR10505629-ERR10505643","BT","UC","Tumor","UC SI","No breed provided",NA,"PRJEB57227","Pass QC"
"DD0305","ERR10505599-ERR10505613-ERR10505627-ERR10505641","BT","UC","Tumor","UC SI","No breed provided",NA,"PRJEB57227","Pass QC"
"DD0336","ERR10506169-ERR10506199-ERR10506229","BT","UC","Tumor","UC SI","No breed provided",NA,"PRJEB57227","Pass QC"
"DD0339","ERR10506173-ERR10506203-ERR10506233","BT","UC","Tumor","UC SI","No breed provided",NA,"PRJEB57227","Pass QC"
"DD0338","ERR10506171-ERR10506201-ERR10506231","BT","UC","Tumor","UC SI","No breed provided",NA,"PRJEB57227","Pass QC"
"DD0341","ERR10506175-ERR10506205-ERR10506235","BT","UC","Tumor","UC SI","No breed provided",NA,"PRJEB57227","fail pipeline"
"DD0342","ERR10506177-ERR10506207-ERR10506237","BT","UC","Tumor","UC SI","No breed provided",NA,"PRJEB57227","Pass QC"
"DD0343","ERR10506179-ERR10506209-ERR10506239","BT","UC","Tumor","UC SI","No breed provided",NA,"PRJEB57227","Pass QC"
"DD0344","ERR10506181-ERR10506211-ERR10506241","BT","UC","Tumor","UC SI","No breed provided",NA,"PRJEB57227","Pass QC"
"DD0347","ERR10506184-ERR10506214-ERR10506244","BT","UC","Tumor","UC SI","No breed provided",NA,"PRJEB57227","Pass QC"
"DD0349","ERR10506185-ERR10506215-ERR10506245","BT","UC","Tumor","UC SI","No breed provided",NA,"PRJEB57227","Pass QC"
"DD0353","ERR10506187-ERR10506217-ERR10506247","BT","UC","Tumor","UC SI","No breed provided",NA,"PRJEB57227","Pass QC"
"DD0355","ERR10506189-ERR10506219-ERR10506249","BT","UC","Tumor","UC SI","No breed provided",NA,"PRJEB57227","Pass QC"
"DD0356","ERR10506191-ERR10506221-ERR10506251","BT","UC","Tumor","UC SI","No breed provided",NA,"PRJEB57227","Pass QC"
"DD0357","ERR10506193-ERR10506223-ERR10506253","BT","UC","Tumor","UC SI","No breed provided",NA,"PRJEB57227","Pass QC"
"DD0358","ERR10506195-ERR10506225-ERR10506255","BT","UC","Tumor","UC SI","No breed provided",NA,"PRJEB57227","Pass QC"
"DD0369","ERR10506198-ERR10506228-ERR10506258","BT","UC","Tumor","UC SI","No breed provided",NA,"PRJEB57227","Pass QC"
"DD0372","ERR10505652-ERR10505688-ERR10505724-ERR10505760","BT","UC","Tumor","UC SI","No breed provided",NA,"PRJEB57227","Pass QC"
"DD0373","ERR10506121-ERR10506133-ERR10506145-ERR10506157","BT","UC","Tumor","UC SI","No breed provided",NA,"PRJEB57227","Pass QC"
"DD0374","ERR10506123-ERR10506135-ERR10506147-ERR10506159","BT","UC","Tumor","UC SI","No breed provided",NA,"PRJEB57227","Pass QC"
"DD0375","ERR10506124-ERR10506136-ERR10506148-ERR10506160","BT","UC","Tumor","UC SI","No breed provided",NA,"PRJEB57227","Pass QC"
"DD0213","ERR10506126-ERR10506138-ERR10506150-ERR10506162","BT","UC","Tumor","UC SI","No breed provided",NA,"PRJEB57227","Pass QC"
"DD0224","ERR10506127-ERR10506139-ERR10506151-ERR10506163","BT","UC","Tumor","UC SI","No breed provided",NA,"PRJEB57227","Pass QC"
"DD0225","ERR10506128-ERR10506140-ERR10506152-ERR10506164","BT","UC","Tumor","UC SI","No breed provided",NA,"PRJEB57227","Pass QC"
"DD0236","ERR10505684-ERR10505720-ERR10505756-ERR10505792","BT","UC","Tumor","UC SI","No breed provided",NA,"PRJEB57227","Pass QC"
"DD0235","ERR10506130-ERR10506142-ERR10506154-ERR10506166","BT","UC","Tumor","UC SI","No breed provided",NA,"PRJEB57227","Pass QC"
"DD0237","ERR10505649-ERR10505685-ERR10505721-ERR10505757","BT","UC","Tumor","UC SI","No breed provided",NA,"PRJEB57227","Pass QC"
"DD0238","ERR10505653-ERR10505689-ERR10505725-ERR10505761","BT","UC","Tumor","UC SI","No breed provided",NA,"PRJEB57227","Pass QC"
"DD0240","ERR10505656-ERR10505692-ERR10505728-ERR10505764","BT","UC","Tumor","UC SI","No breed provided",NA,"PRJEB57227","Pass QC"
"DD0242","ERR10505659-ERR10505695-ERR10505731-ERR10505767","BT","UC","Tumor","UC SI","No breed provided",NA,"PRJEB57227","Pass QC"
"DD0244","ERR10505661-ERR10505697-ERR10505733-ERR10505769","BT","UC","Tumor","UC SI","No breed provided",NA,"PRJEB57227","Pass QC"
"DD0390","ERR10505671-ERR10505707-ERR10505743-ERR10505779","BT","UC","Tumor","UC SI","No breed provided",NA,"PRJEB57227","Pass QC"
"DD0392","ERR10505673-ERR10505709-ERR10505745-ERR10505781","BT","UC","Tumor","UC SI","No breed provided",NA,"PRJEB57227","Pass QC"
"DD0393","ERR10505675-ERR10505711-ERR10505747-ERR10505783","BT","UC","Tumor","UC SI","No breed provided",NA,"PRJEB57227","Pass QC"
"DD0395","ERR10505677-ERR10505713-ERR10505749-ERR10505785","BT","UC","Tumor","UC SI","No breed provided",NA,"PRJEB57227","Pass QC"
"DD0396","ERR10505679-ERR10505715-ERR10505751-ERR10505787","BT","UC","Tumor","UC SI","No breed provided",NA,"PRJEB57227","Pass QC"
"DD0398","ERR10505682-ERR10505718-ERR10505754-ERR10505790","BT","UC","Tumor","UC SI","No breed provided",NA,"PRJEB57227","Pass QC"
"DD0245","ERR10505663-ERR10505699-ERR10505735-ERR10505771","BT","UC","Tumor","UC SI","No breed provided",NA,"PRJEB57227","Pass QC"
"DD0246","ERR10505665-ERR10505701-ERR10505737-ERR10505773","BT","UC","Tumor","UC SI","No breed provided",NA,"PRJEB57227","Pass QC"
"DD0247","ERR10505667-ERR10505703-ERR10505739-ERR10505775","BT","UC","Tumor","UC SI","No breed provided",NA,"PRJEB57227","Pass QC"
"DD0248","ERR10505669-ERR10505705-ERR10505741-ERR10505777","BT","UC","Tumor","UC SI","No breed provided",NA,"PRJEB57227","Pass QC"
"1","ERR9923059","MT","MT","Tumor","MT UU","No breed provided",NA,"PRJEB53653","Unique CDS mapping rate < 0.3"
"10","ERR9923060","MT","MT","Tumor","MT UU","No breed provided",NA,"PRJEB53653","Unique CDS mapping rate < 0.3"
"11","ERR9923061","MT","MT","Tumor","MT UU","No breed provided",NA,"PRJEB53653","Unique CDS mapping rate < 0.3"
"12","ERR9923062","MT","MT","Tumor","MT UU","No breed provided",NA,"PRJEB53653","Unique CDS mapping rate < 0.3"
"13","ERR9923063","MT","MT","Tumor","MT UU","No breed provided",NA,"PRJEB53653","Unique CDS mapping rate < 0.3"
"14","ERR9923064","MT","MT","Tumor","MT UU","No breed provided",NA,"PRJEB53653","Unique CDS mapping rate < 0.3"
"15","ERR9923065","MT","MT","Tumor","MT UU","No breed provided",NA,"PRJEB53653","Unique CDS mapping rate < 0.3"
"16","ERR9923066","MT","MT","Tumor","MT UU","No breed provided",NA,"PRJEB53653","Unique CDS mapping rate < 0.3"
"17","ERR9923067","MT","MT","Tumor","MT UU","No breed provided",NA,"PRJEB53653","Unique CDS mapping rate < 0.3"
"19","ERR9923068","MT","MT","Tumor","MT UU","No breed provided",NA,"PRJEB53653","Unique CDS mapping rate < 0.3"
"2","ERR9923069","MT","MT","Tumor","MT UU","No breed provided",NA,"PRJEB53653","Unique CDS mapping rate < 0.3"
"20","ERR9923070","MT","MT","Tumor","MT UU","No breed provided",NA,"PRJEB53653","Unique CDS mapping rate < 0.3"
"21","ERR9923071","MT","MT","Tumor","MT UU","No breed provided",NA,"PRJEB53653","Unique CDS mapping rate < 0.3"
"22","ERR9923072","MT","MT","Tumor","MT UU","No breed provided",NA,"PRJEB53653","Unique CDS mapping rate < 0.3"
"23","ERR9923073","MT","MT","Tumor","MT UU","No breed provided",NA,"PRJEB53653","Unique CDS mapping rate < 0.3"
"24","ERR9923074","MT","MT","Tumor","MT UU","No breed provided",NA,"PRJEB53653","Unique CDS mapping rate < 0.3"
"25","ERR9923075","MT","MT","Tumor","MT UU","No breed provided",NA,"PRJEB53653","Unique CDS mapping rate < 0.3"
"26","ERR9923076","MT","MT","Tumor","MT UU","No breed provided",NA,"PRJEB53653","Unique CDS mapping rate < 0.3"
"27","ERR9923077","MT","MT","Tumor","MT UU","No breed provided",NA,"PRJEB53653","Unique CDS mapping rate < 0.3"
"28","ERR9923078","MT","MT","Tumor","MT UU","No breed provided",NA,"PRJEB53653","Unique CDS mapping rate < 0.3"
"29","ERR9923079","MT","MT","Tumor","MT UU","No breed provided",NA,"PRJEB53653","Unique CDS mapping rate < 0.3"
"3","ERR9923080","MT","MT","Tumor","MT UU","No breed provided",NA,"PRJEB53653","Unique CDS mapping rate < 0.3"
"30","ERR9923081","MT","MT","Tumor","MT UU","No breed provided",NA,"PRJEB53653","Unique CDS mapping rate < 0.3"
"31","ERR9923082","MT","MT","Tumor","MT UU","No breed provided",NA,"PRJEB53653","Unique CDS mapping rate < 0.3"
"32","ERR9923083","MT","MT","Tumor","MT UU","No breed provided",NA,"PRJEB53653","Unique CDS mapping rate < 0.3"
"33","ERR9923084","MT","MT","Tumor","MT UU","No breed provided",NA,"PRJEB53653","Unique CDS mapping rate < 0.3"
"34","ERR9923085","MT","MT","Tumor","MT UU","No breed provided",NA,"PRJEB53653","Unique CDS mapping rate < 0.3"
"35","ERR9923086","MT","MT","Tumor","MT UU","No breed provided",NA,"PRJEB53653","Unique CDS mapping rate < 0.3"
"36","ERR9923087","MT","MT","Tumor","MT UU","No breed provided",NA,"PRJEB53653","Unique CDS mapping rate < 0.3"
"37","ERR9923088","MT","MT","Tumor","MT UU","No breed provided",NA,"PRJEB53653","Unique CDS mapping rate < 0.3"
"38","ERR9923089","MT","MT","Tumor","MT UU","No breed provided",NA,"PRJEB53653","Unique CDS mapping rate < 0.3"
"39","ERR9923090","MT","MT","Tumor","MT UU","No breed provided",NA,"PRJEB53653","Unique CDS mapping rate < 0.3"
"4","ERR9923091","MT","MT","Tumor","MT UU","No breed provided",NA,"PRJEB53653","Unique CDS mapping rate < 0.3"
"40","ERR9923092","MT","MT","Tumor","MT UU","No breed provided",NA,"PRJEB53653","Unique CDS mapping rate < 0.3"
"41","ERR9923093","MT","MT","Tumor","MT UU","No breed provided",NA,"PRJEB53653","Unique CDS mapping rate < 0.3"
"42","ERR9923094","MT","MT","Tumor","MT UU","No breed provided",NA,"PRJEB53653","Unique CDS mapping rate < 0.3"
"43","ERR9923095","MT","MT","Tumor","MT UU","No breed provided",NA,"PRJEB53653","Unique CDS mapping rate < 0.3"
"44","ERR9923096","MT","MT","Tumor","MT UU","No breed provided",NA,"PRJEB53653","Unique CDS mapping rate < 0.3"
"45","ERR9923097","MT","MT","Tumor","MT UU","No breed provided",NA,"PRJEB53653","Unique CDS mapping rate < 0.3"
"46","ERR9923098","MT","MT","Tumor","MT UU","No breed provided",NA,"PRJEB53653","Unique CDS mapping rate < 0.3"
"47","ERR9923099","MT","MT","Tumor","MT UU","No breed provided",NA,"PRJEB53653","Unique CDS mapping rate < 0.3"
"48","ERR9923100","MT","MT","Tumor","MT UU","No breed provided",NA,"PRJEB53653","Unique CDS mapping rate < 0.3"
"5","ERR9923101","MT","MT","Tumor","MT UU","No breed provided",NA,"PRJEB53653","Unique CDS mapping rate < 0.3"
"50","ERR9923102","MT","MT","Tumor","MT UU","No breed provided",NA,"PRJEB53653","Unique CDS mapping rate < 0.3"
"51","ERR9923103","MT","MT","Tumor","MT UU","No breed provided",NA,"PRJEB53653","Unique CDS mapping rate < 0.3"
"52","ERR9923104","MT","MT","Tumor","MT UU","No breed provided",NA,"PRJEB53653","Unique CDS mapping rate < 0.3"
"54","ERR9923105","MT","MT","Tumor","MT UU","No breed provided",NA,"PRJEB53653","Unique CDS mapping rate < 0.3"
"55","ERR9923106","MT","MT","Tumor","MT UU","No breed provided",NA,"PRJEB53653","Unique CDS mapping rate < 0.3"
"56","ERR9923107","MT","MT","Tumor","MT UU","No breed provided",NA,"PRJEB53653","Unique CDS mapping rate < 0.3"
"59","ERR9923108","MT","MT","Tumor","MT UU","No breed provided",NA,"PRJEB53653","Unique CDS mapping rate < 0.3"
"6","ERR9923109","MT","MT","Tumor","MT UU","No breed provided",NA,"PRJEB53653","Unique CDS mapping rate < 0.3"
"7","ERR9923110","MT","MT","Tumor","MT UU","No breed provided",NA,"PRJEB53653","Unique CDS mapping rate < 0.3"
"75","ERR9923111","MT","MT","Tumor","MT UU","No breed provided",NA,"PRJEB53653","Unique CDS mapping rate < 0.3"
"78","ERR9923112","MT","MT","Tumor","MT UU","No breed provided",NA,"PRJEB53653","Unique CDS mapping rate < 0.3"
"79","ERR9923113","MT","MT","Tumor","MT UU","No breed provided",NA,"PRJEB53653","Unique CDS mapping rate < 0.3"
"8","ERR9923114","MT","MT","Tumor","MT UU","No breed provided",NA,"PRJEB53653","Unique CDS mapping rate < 0.3"
"9","ERR9923115","MT","MT","Tumor","MT UU","No breed provided",NA,"PRJEB53653","Unique CDS mapping rate < 0.3"
"HS1","DRR345017","HS","HS","Tumor","HS UTok","No breed provided",NA,"PRJDB10211","Pass QC"
"HS2","DRR345019","HS","HS","Tumor","HS UTok","No breed provided",NA,"PRJDB10211","Pass QC"
"HS3","DRR345021","HS","HS","Tumor","HS UTok","No breed provided",NA,"PRJDB10211","Pass QC"
"HS4","DRR345023","HS","HS","Tumor","HS UTok","No breed provided",NA,"PRJDB10211","Pass QC"
"HS5","DRR345025","HS","HS","Tumor","HS UTok","No breed provided",NA,"PRJDB10211","Pass QC"
"B00E00E-F","SRR17139343","OM","OM","Tumor","OM URen","Poodle",NA,"PRJNA786469","coverage < 30"
"B00E00G-H","SRR17139276","OM","OM","Tumor","OM URen","Poodle",NA,"PRJNA786469","Pass QC"
"B00E00I-J","SRR17139254","OM","OM","Tumor","OM URen","Poodle",NA,"PRJNA786469","Pass QC"
"B00E00K-L","SRR17139232","OM","OM","Tumor","OM URen","Poodle",NA,"PRJNA786469","Total_Pair_reads < 5M"
"B00E00M-N","SRR17139210","OM","OM","Tumor","OM URen","Poodle",NA,"PRJNA786469","Pass QC"
"B00E00O-P","SRR17139331","OM","OM","Tumor","OM URen","Poodle",NA,"PRJNA786469","Pass QC"
"B00E00Q-R","SRR17139309","OM","OM","Tumor","OM URen","Poodle",NA,"PRJNA786469","Pass QC"
"B00E00S-T","SRR17139292","OM","OM","Tumor","OM URen","Poodle",NA,"PRJNA786469","Pass QC"
"B00E00U-V","SRR17139290","OM","OM","Tumor","OM URen","Poodle",NA,"PRJNA786469","Pass QC"
"B00E00W-X","SRR17139288","OM","OM","Tumor","OM URen","Poodle",NA,"PRJNA786469","Pass QC"
"B00E00Y-Z","SRR17139285","OM","OM","Tumor","OM URen","Poodle",NA,"PRJNA786469","Pass QC"
"B00E010-1","SRR17139283","OM","OM","Tumor","OM URen","Poodle",NA,"PRJNA786469","Pass QC"
"B00E012-3","SRR17139282","OM","OM","Tumor","OM URen","Poodle",NA,"PRJNA786469","Pass QC"
"B00E014-5","SRR17139280","OM","OM","Tumor","OM URen","Poodle",NA,"PRJNA786469","Pass QC"
"B00E016-7","SRR17139278","OM","OM","Tumor","OM URen","Poodle",NA,"PRJNA786469","Pass QC"
"B00E018-9","SRR17139275","OM","OM","Tumor","OM URen","Poodle",NA,"PRJNA786469","Pass QC"
"B00E01A-B","SRR17139273","OM","OM","Tumor","OM URen","Poodle",NA,"PRJNA786469","Pass QC"
"B00E01C-D","SRR17139271","OM","OM","Tumor","OM URen","Poodle",NA,"PRJNA786469","Pass QC"
"B00E01E-F","SRR17139269","OM","OM","Tumor","OM URen","Poodle",NA,"PRJNA786469","fail pipeline"
"B00E01E-F","SRR17139268","OM","OM","Tumor","OM URen","Poodle",NA,"PRJNA786469","Pass QC"
"B00E01G-H","SRR17139266","OM","OM","Tumor","OM URen","Poodle",NA,"PRJNA786469","Pass QC"
"B00E01I-J","SRR17139263","OM","OM","Tumor","OM URen","Poodle",NA,"PRJNA786469","Pass QC"
"B00E01K-L","SRR17139261","OM","OM","Tumor","OM URen","Poodle",NA,"PRJNA786469","Pass QC"
"B00E01M-N","SRR17139259","OM","OM","Tumor","OM URen","Poodle",NA,"PRJNA786469","Pass QC"
"B00E01O-P","SRR17139257","OM","OM","Tumor","OM URen","Poodle",NA,"PRJNA786469","Pass QC"
"B00E01Q-R","SRR17139255","OM","OM","Tumor","OM URen","Golden Retriever",NA,"PRJNA786469","Pass QC"
"B00E01U-V","SRR17139252","OM","OM","Tumor","OM URen","Golden Retriever",NA,"PRJNA786469","Pass QC"
"B00E01W-X","SRR17139250","OM","OM","Tumor","OM URen","Golden Retriever",NA,"PRJNA786469","coverage < 30"
"B00E01Y-Z","SRR17139248","OM","OM","Tumor","OM URen","Labrador Retriever",NA,"PRJNA786469","Pass QC"
"B00E020-1","SRR17139246","OM","OM","Tumor","OM URen","Golden Retriever",NA,"PRJNA786469","Pass QC"
"B00E022-3","SRR17139244","OM","OM","Tumor","OM URen","Golden Retriever",NA,"PRJNA786469","Pass QC"
"B00E024-5","SRR17139241","OM","OM","Tumor","OM URen","Golden Retriever",NA,"PRJNA786469","Pass QC"
"B00E026-7","SRR17139239","OM","OM","Tumor","OM URen","Golden Retriever",NA,"PRJNA786469","Pass QC"
"B00E02A-B","SRR17139237","OM","OM","Tumor","OM URen","Golden Retriever",NA,"PRJNA786469","Pass QC"
"B00E02G-H","SRR17139234","OM","OM","Tumor","OM URen","Labrador Retriever",NA,"PRJNA786469","Pass QC"
"B00E02I-J","SRR17139231","OM","OM","Tumor","OM URen","Labrador Retriever",NA,"PRJNA786469","Pass QC"
"B00E02K-L","SRR17139229","OM","OM","Tumor","OM URen","Labrador Retriever",NA,"PRJNA786469","Pass QC"
"B00E02M-N","SRR17139227","OM","OM","Tumor","OM URen","Labrador Retriever",NA,"PRJNA786469","Pass QC"
"B00E02O-P","SRR17139225","OM","OM","Tumor","OM URen","Labrador Retriever",NA,"PRJNA786469","Pass QC"
"B00E02Q-R","SRR17139223","OM","OM","Tumor","OM URen","Labrador Retriever",NA,"PRJNA786469","Pass QC"
"B00E02S-T","SRR17139220","OM","OM","Tumor","OM URen","Labrador Retriever",NA,"PRJNA786469","Pass QC"
"B00E02U-V","SRR17139218","OM","OM","Tumor","OM URen","Labrador Retriever",NA,"PRJNA786469","Pass QC"
"B00E02W-X","SRR17139216","OM","OM","Tumor","OM URen","Labrador Retriever",NA,"PRJNA786469","Pass QC"
"B00E02Y-Z","SRR17139214","OM","OM","Tumor","OM URen","Labrador Retriever",NA,"PRJNA786469","Pass QC"
"B00E030-1","SRR17139212","OM","OM","Tumor","OM URen","Labrador Retriever",NA,"PRJNA786469","Pass QC"
"B00E032-3","SRR17139209","OM","OM","Tumor","OM URen","Labrador Retriever",NA,"PRJNA786469","Pass QC"
"CCB010032_URen","SRR17139208","OM","OM","Tumor","OM URen","Golden Retriever",NA,"PRJNA786469","Pass QC"
"CCB010284_URen","SRR17139206","OM","OM","Tumor","OM URen","Golden Retriever",NA,"PRJNA786469","Pass QC"
"CCB030002_URen","SRR17139204","OM","OM","Tumor","OM URen","Poodle",NA,"PRJNA786469","Pass QC"
"CCB030038_URen","SRR17139202","OM","OM","Tumor","OM URen","Labrador Retriever",NA,"PRJNA786469","Pass QC"
"CCB030039_URen","SRR17139200","OM","OM","Tumor","OM URen","Labrador Retriever",NA,"PRJNA786469","Pass QC"
"CCB030044_URen","SRR17139340","OM","OM","Tumor","OM URen","Golden Retriever",NA,"PRJNA786469","Pass QC"
"CCB030075_URen","SRR17139338","OM","OM","Tumor","OM URen","Golden Retriever",NA,"PRJNA786469","Pass QC"
"CCB030097_URen","SRR17139336","OM","OM","Tumor","OM URen","Labrador Retriever",NA,"PRJNA786469","Pass QC"
"CCB030120_URen","SRR17139334","OM","OM","Tumor","OM URen","Golden Retriever",NA,"PRJNA786469","Pass QC"
"CCB030165_URen","SRR17139332","OM","OM","Tumor","OM URen","Golden Retriever",NA,"PRJNA786469","Pass QC"
"CCB030183_URen","SRR17139329","OM","OM","Tumor","OM URen","Labrador Retriever",NA,"PRJNA786469","Pass QC"
"CCB030201_URen","SRR17139327","OM","OM","Tumor","OM URen","Golden Retriever",NA,"PRJNA786469","Pass QC"
"CCB030227_URen","SRR17139325","OM","OM","Tumor","OM URen","Golden Retriever",NA,"PRJNA786469","Pass QC"
"CCB030232_URen","SRR17139323","OM","OM","Tumor","OM URen","Golden Retriever",NA,"PRJNA786469","Pass QC"
"CCB030269_URen","SRR17139321","OM","OM","Tumor","OM URen","Labrador Retriever",NA,"PRJNA786469","Pass QC"
"CCB030273_URen","SRR17139318","OM","OM","Tumor","OM URen","Golden Retriever",NA,"PRJNA786469","Pass QC"
"CCB030342_URen","SRR17139316","OM","OM","Tumor","OM URen","Golden Retriever",NA,"PRJNA786469","Pass QC"
"CCB040334_URen","SRR17139314","OM","OM","Tumor","OM URen","Labrador Retriever",NA,"PRJNA786469","Pass QC"
"CCB050007_URen","SRR17139312","OM","OM","Tumor","OM URen","Golden Retriever",NA,"PRJNA786469","Pass QC"
"CCB050023_URen","SRR17139310","OM","OM","Tumor","OM URen","Labrador Retriever",NA,"PRJNA786469","Pass QC"
"CCB050031_URen","SRR17139307","OM","OM","Tumor","OM URen","Labrador Retriever",NA,"PRJNA786469","Pass QC"
"CCB050042_URen","SRR17139305","OM","OM","Tumor","OM URen","Labrador Retriever",NA,"PRJNA786469","Pass QC"
"CCB050061_URen","SRR17139303","OM","OM","Tumor","OM URen","Golden Retriever",NA,"PRJNA786469","Pass QC"
"CCB050096_URen","SRR17139301","OM","OM","Tumor","OM URen","Labrador Retriever",NA,"PRJNA786469","Pass QC"
"CCB050228_URen","SRR17139299","OM","OM","Tumor","OM URen","Labrador Retriever",NA,"PRJNA786469","Pass QC"
"CCB050351_URen","SRR17139296","OM","OM","Tumor","OM URen","Golden Retriever",NA,"PRJNA786469","Pass QC"
"CCB070213_URen","SRR17139294","OM","OM","Tumor","OM URen","Poodle",NA,"PRJNA786469","Pass QC"
"10RIN_dlbcl","SRR15464832","LYM","BCL","Tumor","BCL UPad","Mixed",NA,"PRJNA752630","Unique CDS mapping rate < 0.3"
"9DAN_dlbcl","SRR15464833","LYM","BCL","Tumor","BCL UPad","Amstaff",NA,"PRJNA752630","Unique CDS mapping rate < 0.3"
"8SCA_dlbcl","SRR15464834","LYM","BCL","Tumor","BCL UPad","Viszla",NA,"PRJNA752630","Unique CDS mapping rate < 0.3"
"7POL_dlbcl","SRR15464835","LYM","BCL","Tumor","BCL UPad","Mixed",NA,"PRJNA752630","Unique CDS mapping rate < 0.3"
"6MEL_dlbcl","SRR15464836","LYM","BCL","Tumor","BCL UPad","German Shepherd",NA,"PRJNA752630","Unique CDS mapping rate < 0.3"
"5MIC_dlbcl","SRR15464837","LYM","BCL","Tumor","BCL UPad","Whwt",NA,"PRJNA752630","Unique CDS mapping rate < 0.3"
"34PAG_dlbcl","SRR15464838","LYM","BCL","Tumor","BCL UPad","Bernese Mountain",NA,"PRJNA752630","Unique CDS mapping rate < 0.3"
"33GIA_dlbcl","SRR15464839","LYM","BCL","Tumor","BCL UPad","Mixed",NA,"PRJNA752630","Pass QC"
"32ROB_dlbcl","SRR15464840","LYM","BCL","Tumor","BCL UPad","Rottweiler",NA,"PRJNA752630","Unique CDS mapping rate < 0.3"
"31GIU_dlbcl","SRR15464841","LYM","BCL","Tumor","BCL UPad","Mixed",NA,"PRJNA752630","Unique CDS mapping rate < 0.3"
"4CEC_dlbcl","SRR15464842","LYM","BCL","Tumor","BCL UPad","Rottweiler",NA,"PRJNA752630","Unique CDS mapping rate < 0.3"
"30BEL_dlbcl","SRR15464843","LYM","BCL","Tumor","BCL UPad","Mixed",NA,"PRJNA752630","Unique CDS mapping rate < 0.3"
"29LEO_dlbcl","SRR15464844","LYM","BCL","Tumor","BCL UPad","Mixed",NA,"PRJNA752630","Unique CDS mapping rate < 0.3"
"28DRI_dlbcl","SRR15464845","LYM","BCL","Tumor","BCL UPad","Mixed",NA,"PRJNA752630","Unique CDS mapping rate < 0.3"
"27RAF_dlbcl","SRR15464846","LYM","BCL","Tumor","BCL UPad","Bullmastiff",NA,"PRJNA752630","Unique CDS mapping rate < 0.3"
"26BLG_dlbcl","SRR15464847","LYM","BCL","Tumor","BCL UPad","Irish Setter",NA,"PRJNA752630","Unique CDS mapping rate < 0.3"
"25CON_dlbcl","SRR15464848","LYM","BCL","Tumor","BCL UPad","Rottweiler",NA,"PRJNA752630","Unique CDS mapping rate < 0.3"
"24STI_dlbcl","SRR15464849","LYM","BCL","Tumor","BCL UPad","English Setter",NA,"PRJNA752630","Unique CDS mapping rate < 0.3"
"23MAT_dlbcl","SRR15464850","LYM","BCL","Tumor","BCL UPad","Belgian Shepherd",NA,"PRJNA752630","Unique CDS mapping rate < 0.3"
"22ZAG_dlbcl","SRR15464851","LYM","BCL","Tumor","BCL UPad","Mixed",NA,"PRJNA752630","Unique CDS mapping rate < 0.3"
"21BRB_dlbcl","SRR15464852","LYM","BCL","Tumor","BCL UPad","French Bulldog",NA,"PRJNA752630","Unique CDS mapping rate < 0.3"
"3MAT_dlbcl","SRR15464853","LYM","BCL","Tumor","BCL UPad","Dachshund",NA,"PRJNA752630","Unique CDS mapping rate < 0.3"
"20MAR_dlbcl","SRR15464854","LYM","BCL","Tumor","BCL UPad","Mixed",NA,"PRJNA752630","Unique CDS mapping rate < 0.3"
"19BAR_dlbcl","SRR15464855","LYM","BCL","Tumor","BCL UPad","Border Collie",NA,"PRJNA752630","Unique CDS mapping rate < 0.3"
"18RUS_dlbcl","SRR15464856","LYM","BCL","Tumor","BCL UPad","Rottweiler",NA,"PRJNA752630","Unique CDS mapping rate < 0.3"
"17MIN_dlbcl","SRR15464857","LYM","BCL","Tumor","BCL UPad","Jack Russell",NA,"PRJNA752630","Unique CDS mapping rate < 0.3"
"16BUR_dlbcl","SRR15464858","LYM","BCL","Tumor","BCL UPad","Mixed",NA,"PRJNA752630","Unique CDS mapping rate < 0.3"
"15DES_dlbcl","SRR15464859","LYM","BCL","Tumor","BCL UPad","Beagle",NA,"PRJNA752630","Unique CDS mapping rate < 0.3"
"14ALB_dlbcl","SRR15464860","LYM","BCL","Tumor","BCL UPad","Dobermann",NA,"PRJNA752630","Unique CDS mapping rate < 0.3"
"13BAR_dlbcl","SRR15464861","LYM","BCL","Tumor","BCL UPad","Mixed",NA,"PRJNA752630","Unique CDS mapping rate < 0.3"
"12DIG_dlbcl","SRR15464862","LYM","BCL","Tumor","BCL UPad","German Shepherd",NA,"PRJNA752630","Unique CDS mapping rate < 0.3"
"11CAR_dlbcl","SRR15464863","LYM","BCL","Tumor","BCL UPad","Dobermann",NA,"PRJNA752630","Unique CDS mapping rate < 0.3"
"2WHA_dlbcl","SRR15464864","LYM","BCL","Tumor","BCL UPad","Bullmastiff",NA,"PRJNA752630","Unique CDS mapping rate < 0.3"
"1BAC_dlbcl","SRR15464865","LYM","BCL","Tumor","BCL UPad","German Shepherd",NA,"PRJNA752630","Unique CDS mapping rate < 0.3"
"23RAI","SRR15461423","LYM","BCL","Tumor","BCL UPad","American Staffordshire Terrier",NA,"PRJNA752630","Unique CDS mapping rate < 0.3"
"21STA","SRR15461430","LYM","BCL","Tumor","BCL UPad","Jack Russel",NA,"PRJNA752630","Unique CDS mapping rate < 0.3"
"19DON","SRR15461441","LYM","BCL","Tumor","BCL UPad","English Setter",NA,"PRJNA752630","Unique CDS mapping rate < 0.3"
"18COR","SRR15461452","LYM","BCL","Tumor","BCL UPad","Border Collie",NA,"PRJNA752630","Unique CDS mapping rate < 0.3"
"17CAN","SRR15461463","LYM","BCL","Tumor","BCL UPad","Rottweiler",NA,"PRJNA752630","Unique CDS mapping rate < 0.3"
"6SBR","SRR15461471","LYM","BCL","Tumor","BCL UPad","German Shepherd",NA,"PRJNA752630","Unique CDS mapping rate < 0.3"
"61RAP","SRR15461472","LYM","BCL","Tumor","BCL UPad","Weimaraner",NA,"PRJNA752630","Unique CDS mapping rate < 0.3"
"38GOV","SRR15461473","LYM","BCL","Tumor","BCL UPad","German Shepherd",NA,"PRJNA752630","Unique CDS mapping rate < 0.3"
"16RIG","SRR15461474","LYM","BCL","Tumor","BCL UPad","Poodle",NA,"PRJNA752630","Unique CDS mapping rate < 0.3"
"59PIO","SRR15461475","LYM","BCL","Tumor","BCL UPad","Welsh Corgi",NA,"PRJNA752630","Unique CDS mapping rate < 0.3"
"58RIS","SRR15461476","LYM","BCL","Tumor","BCL UPad","Mixed",NA,"PRJNA752630","Unique CDS mapping rate < 0.3"
"57DIL","SRR15461477","LYM","BCL","Tumor","BCL UPad","Mixed",NA,"PRJNA752630","Unique CDS mapping rate < 0.3"
"56GAL","SRR15461478","LYM","BCL","Tumor","BCL UPad","Beagle",NA,"PRJNA752630","Unique CDS mapping rate < 0.3"
"55DIA","SRR15461479","LYM","BCL","Tumor","BCL UPad","Great Dane",NA,"PRJNA752630","Unique CDS mapping rate < 0.3"
"53GUE","SRR15461480","LYM","BCL","Tumor","BCL UPad","Labrador Retriever",NA,"PRJNA752630","Unique CDS mapping rate < 0.3"
"52SOL","SRR15461481","LYM","BCL","Tumor","BCL UPad","Rottweiler",NA,"PRJNA752630","Unique CDS mapping rate < 0.3"
"50RUZ","SRR15461482","LYM","BCL","Tumor","BCL UPad","German Shepherd",NA,"PRJNA752630","Unique CDS mapping rate < 0.3"
"4DIG","SRR15461483","LYM","BCL","Tumor","BCL UPad","Mixed",NA,"PRJNA752630","Unique CDS mapping rate < 0.3"
"49CAV","SRR15461484","LYM","BCL","Tumor","BCL UPad","Golden Retriever",NA,"PRJNA752630","Unique CDS mapping rate < 0.3"
"13ZOP","SRR15461485","LYM","BCL","Tumor","BCL UPad","Yorkshire Terrier",NA,"PRJNA752630","Unique CDS mapping rate < 0.3"
"48CAS","SRR15461486","LYM","BCL","Tumor","BCL UPad","Mixed",NA,"PRJNA752630","Unique CDS mapping rate < 0.3"
"47GIA","SRR15461487","LYM","BCL","Tumor","BCL UPad","Basset Hound",NA,"PRJNA752630","Unique CDS mapping rate < 0.3"
"46MAR","SRR15461488","LYM","BCL","Tumor","BCL UPad","Golden Retriever",NA,"PRJNA752630","Unique CDS mapping rate < 0.3"
"45FON","SRR15461489","LYM","BCL","Tumor","BCL UPad","Fox Terrier",NA,"PRJNA752630","Unique CDS mapping rate < 0.3"
"44GHE","SRR15461490","LYM","BCL","Tumor","BCL UPad","Bloodhound",NA,"PRJNA752630","Unique CDS mapping rate < 0.3"
"43GIA","SRR15461491","LYM","BCL","Tumor","BCL UPad","Dobermann",NA,"PRJNA752630","Unique CDS mapping rate < 0.3"
"41RAI","SRR15461492","LYM","BCL","Tumor","BCL UPad","Mixed",NA,"PRJNA752630","Unique CDS mapping rate < 0.3"
"40PIN","SRR15461493","LYM","BCL","Tumor","BCL UPad","German Shepherd",NA,"PRJNA752630","Unique CDS mapping rate < 0.3"
"39BER","SRR15461494","LYM","BCL","Tumor","BCL UPad","Mountain",NA,"PRJNA752630","Unique CDS mapping rate < 0.3"
"37BEG","SRR15461495","LYM","BCL","Tumor","BCL UPad","American Staffordshire Terrier",NA,"PRJNA752630","Unique CDS mapping rate < 0.3"
"12CAN","SRR15461496","LYM","BCL","Tumor","BCL UPad","Poodle",NA,"PRJNA752630","Unique CDS mapping rate < 0.3"
"36REI","SRR15461497","LYM","BCL","Tumor","BCL UPad","French Bulldog",NA,"PRJNA752630","Unique CDS mapping rate < 0.3"
"35ANG","SRR15461498","LYM","BCL","Tumor","BCL UPad","Mixed",NA,"PRJNA752630","Unique CDS mapping rate < 0.3"
"34BOR","SRR15461499","LYM","BCL","Tumor","BCL UPad","Golden Retriever",NA,"PRJNA752630","Unique CDS mapping rate < 0.3"
"33DIG","SRR15461500","LYM","BCL","Tumor","BCL UPad","Golden Retriever",NA,"PRJNA752630","Unique CDS mapping rate < 0.3"
"32TEB","SRR15461501","LYM","BCL","Tumor","BCL UPad","Rottweiler",NA,"PRJNA752630","Unique CDS mapping rate < 0.3"
"30CER","SRR15461502","LYM","BCL","Tumor","BCL UPad","Mountain",NA,"PRJNA752630","Unique CDS mapping rate < 0.3"
"2VOL","SRR15461503","LYM","BCL","Tumor","BCL UPad","Mixed",NA,"PRJNA752630","Unique CDS mapping rate < 0.3"
"28MAN","SRR15461504","LYM","BCL","Tumor","BCL UPad","German Shepherd",NA,"PRJNA752630","Unique CDS mapping rate < 0.3"
"26PAS","SRR15461505","LYM","BCL","Tumor","BCL UPad","German Shepherd",NA,"PRJNA752630","Unique CDS mapping rate < 0.3"
"24ERM","SRR15461506","LYM","BCL","Tumor","BCL UPad","Mixed",NA,"PRJNA752630","Unique CDS mapping rate < 0.3"
"11DES","SRR15461507","LYM","BCL","Tumor","BCL UPad","Boxer",NA,"PRJNA752630","Unique CDS mapping rate < 0.3"
"10BIN","SRR15461508","LYM","BCL","Tumor","BCL UPad","Cocker Spaniel",NA,"PRJNA752630","Unique CDS mapping rate < 0.3"
"FFPE_2","SRR13674710","OSA","OSA","Tumor","OSA UPad","Schnauzer","FFPE","PRJNA701141","Uniq mapping rate < 0.5"
"4152","SRR13571581","LYM","BCL","Tumor","BCL CU","Golden Retriever","FFPE","PRJNA695534","coverage < 30"
"4151","SRR13571583","LYM","BCL","Tumor","BCL CU","Jack Russell Terrier","FFPE","PRJNA695534","coverage < 30"
"4150","SRR13571585","LYM","BCL","Tumor","BCL CU","Golden Retriever","FFPE","PRJNA695534","coverage < 30"
"4148","SRR13571587","LYM","BCL","Tumor","BCL CU","Labrador Retriever","FFPE","PRJNA695534","coverage < 30"
"4147","SRR13571589","LYM","BCL","Tumor","BCL CU","German Shepherd","FFPE","PRJNA695534","coverage < 30"
"4146","SRR13571592","LYM","BCL","Tumor","BCL CU","Boxer","FFPE","PRJNA695534","coverage < 30"
"4145","SRR13571594","LYM","BCL","Tumor","BCL CU","Beagle","FFPE","PRJNA695534","coverage < 30"
"4144","SRR13571596","LYM","BCL","Tumor","BCL CU","Australian Shepherd","FFPE","PRJNA695534","Pass QC"
"4142","SRR13571598","LYM","BCL","Tumor","BCL CU","Yorkshire Terrier","FFPE","PRJNA695534","Pass QC"
"4140","SRR13571600","LYM","BCL","Tumor","BCL CU","Mixed","FFPE","PRJNA695534","coverage < 30"
"4103","SRR13571601","LYM","BCL","Tumor","BCL CU","Miniature Schnauzer","FFPE","PRJNA695534","Pass QC"
"4136","SRR13571603","LYM","BCL","Tumor","BCL CU","Boykin Spaniel","FFPE","PRJNA695534","Pass QC"
"4199","SRR13571604","LYM","BCL","Tumor","BCL CU","Rottweiler","FFPE","PRJNA695534","Pass QC"
"4108","SRR13571605","LYM","BCL","Tumor","BCL CU","Terrier","FFPE","PRJNA695534","coverage < 30"
"4197","SRR13571607","LYM","BCL","Tumor","BCL CU","Golden Retriever","FFPE","PRJNA695534","Pass QC"
"4195","SRR13571609","LYM","BCL","Tumor","BCL CU","Golden Retriever","FFPE","PRJNA695534","coverage < 30"
"4194","SRR13571611","LYM","BCL","Tumor","BCL CU","Belgian Malinois","FFPE","PRJNA695534","Pass QC"
"4191","SRR13571613","LYM","BCL","Tumor","BCL CU","Golden Retriever","FFPE","PRJNA695534","Total_Pair_reads < 5M"
"4189","SRR13571615","LYM","BCL","Tumor","BCL CU","Golden Retriever","FFPE","PRJNA695534","Uniq mapping rate < 0.5"
"4188","SRR13571618","LYM","BCL","Tumor","BCL CU","Golden Retriever","FFPE","PRJNA695534","coverage < 30"
"4186","SRR13571620","LYM","BCL","Tumor","BCL CU","Golden Retriever","FFPE","PRJNA695534","coverage < 30"
"4184","SRR13571622","LYM","BCL","Tumor","BCL CU","Nova Scotia Duck Tolling Retriever","FFPE","PRJNA695534","coverage < 30"
"4181","SRR13571624","LYM","BCL","Tumor","BCL CU","Maltese","FFPE","PRJNA695534","coverage < 30"
"4179","SRR13571626","LYM","BCL","Tumor","BCL CU","Labrador Retriever","FFPE","PRJNA695534","coverage < 30"
"4107","SRR13571627","LYM","BCL","Tumor","BCL CU","Labrador Retriever","FFPE","PRJNA695534","coverage < 30"
"4132","SRR13571629","LYM","BCL","Tumor","BCL CU","Pekingese","FFPE","PRJNA695534","coverage < 30"
"4131","SRR13571631","LYM","BCL","Tumor","BCL CU","Golden Retriever","FFPE","PRJNA695534","Pass QC"
"4130","SRR13571633","LYM","BCL","Tumor","BCL CU","English Bulldog","FFPE","PRJNA695534","Pass QC"
"4129","SRR13571635","LYM","BCL","Tumor","BCL CU","Labrador Retriever","FFPE","PRJNA695534","Pass QC"
"4128","SRR13571638","LYM","BCL","Tumor","BCL CU","Fox Terrier","FFPE","PRJNA695534","Pass QC"
"4127","SRR13571640","LYM","BCL","Tumor","BCL CU","American Staffordshire Terrier","FFPE","PRJNA695534","coverage < 30"
"4126","SRR13571642","LYM","BCL","Tumor","BCL CU","Toy Poodle","FFPE","PRJNA695534","Pass QC"
"4125","SRR13571644","LYM","BCL","Tumor","BCL CU","Bull Terrier","FFPE","PRJNA695534","coverage < 30"
"4123","SRR13571646","LYM","BCL","Tumor","BCL CU","Cardigan Welsh Corgi","FFPE","PRJNA695534","coverage < 30"
"4102","SRR13571647","LYM","BCL","Tumor","BCL CU","Shih Tzu","FFPE","PRJNA695534","Pass QC"
"4122","SRR13571649","LYM","BCL","Tumor","BCL CU","Bernese Mountain","FFPE","PRJNA695534","Pass QC"
"4121","SRR13571651","LYM","BCL","Tumor","BCL CU","Australian Shepherd","FFPE","PRJNA695534","coverage < 30"
"4120","SRR13571653","LYM","BCL","Tumor","BCL CU","Hound","FFPE","PRJNA695534","Pass QC"
"4119","SRR13571655","LYM","BCL","Tumor","BCL CU","Border Collie","FFPE","PRJNA695534","Pass QC"
"4118","SRR13571657","LYM","BCL","Tumor","BCL CU","Golden Retriever","FFPE","PRJNA695534","coverage < 30"
"4117","SRR13571660","LYM","BCL","Tumor","BCL CU","German Shepherd","FFPE","PRJNA695534","Pass QC"
"4116","SRR13571662","LYM","BCL","Tumor","BCL CU","Cocker Spaniel","FFPE","PRJNA695534","Pass QC"
"4115","SRR13571664","LYM","BCL","Tumor","BCL CU","German Shepherd","FFPE","PRJNA695534","coverage < 30"
"4113","SRR13571666","LYM","BCL","Tumor","BCL CU","Terrier","FFPE","PRJNA695534","coverage < 30"
"4112","SRR13571668","LYM","BCL","Tumor","BCL CU","Rat Terrier","FFPE","PRJNA695534","coverage < 30"
"4101","SRR13571669","LYM","BCL","Tumor","BCL CU","Kerry Blue Terrier","FFPE","PRJNA695534","coverage < 30"
"4111","SRR13571671","LYM","BCL","Tumor","BCL CU","Boxer","FFPE","PRJNA695534","coverage < 30"
"4110","SRR13571673","LYM","BCL","Tumor","BCL CU","Miniature Schnauzer","FFPE","PRJNA695534","coverage < 30"
"4166","SRR13571677","LYM","BCL","Tumor","BCL CU","Cocker Spaniel","FFPE","PRJNA695534","coverage < 30"
"4164","SRR13571679","LYM","BCL","Tumor","BCL CU","Standard Poodle","FFPE","PRJNA695534","coverage < 30"
"4163","SRR13571681","LYM","BCL","Tumor","BCL CU","Labrador Retriever","FFPE","PRJNA695534","coverage < 30"
"4162","SRR13571683","LYM","BCL","Tumor","BCL CU","Labrador Retriever","FFPE","PRJNA695534","coverage < 30"
"4161","SRR13571685","LYM","BCL","Tumor","BCL CU","Scottish Terrier","FFPE","PRJNA695534","coverage < 30"
"4160","SRR13571688","LYM","BCL","Tumor","BCL CU","Newfoundland","FFPE","PRJNA695534","coverage < 30"
"4158","SRR13571690","LYM","BCL","Tumor","BCL CU","Collie","FFPE","PRJNA695534","Total_Pair_reads < 5M"
"4156","SRR13571692","LYM","BCL","Tumor","BCL CU","Shih Tzu","FFPE","PRJNA695534","coverage < 30"
"4155","SRR13571694","LYM","BCL","Tumor","BCL CU","French Bulldog","FFPE","PRJNA695534","coverage < 30"
"4154","SRR13571696","LYM","BCL","Tumor","BCL CU","Bernese Mountain","FFPE","PRJNA695534","coverage < 30"
"4104","SRR13571697","LYM","BCL","Tumor","BCL CU","Cardigan Welsh Corgi","FFPE","PRJNA695534","coverage < 30"
"4178","SRR13571699","LYM","BCL","Tumor","BCL CU","Airedale Terrier","FFPE","PRJNA695534","coverage < 30"
"4175","SRR13571701","LYM","BCL","Tumor","BCL CU","American Staffordshire Terrier","FFPE","PRJNA695534","Pass QC"
"4174","SRR13571703","LYM","BCL","Tumor","BCL CU","Beagle","FFPE","PRJNA695534","Pass QC"
"4173","SRR13571705","LYM","BCL","Tumor","BCL CU","Cocker Spaniel","FFPE","PRJNA695534","Pass QC"
"4172","SRR13571707","LYM","BCL","Tumor","BCL CU","English Bulldog","FFPE","PRJNA695534","coverage < 30"
"4171","SRR13571710","LYM","BCL","Tumor","BCL CU","Hound","FFPE","PRJNA695534","Pass QC"
"4170","SRR13571712","LYM","BCL","Tumor","BCL CU","Saint Bernard","FFPE","PRJNA695534","coverage < 30"
"4169","SRR13571714","LYM","BCL","Tumor","BCL CU","West Highland White Terrier","FFPE","PRJNA695534","coverage < 30"
"4168","SRR13571716","LYM","BCL","Tumor","BCL CU","Pembroke Welsh Corgi","FFPE","PRJNA695534","coverage < 30"
"4167","SRR13571718","LYM","BCL","Tumor","BCL CU","German Shepherd","FFPE","PRJNA695534","coverage < 30"
"4105","SRR13571719","LYM","BCL","Tumor","BCL CU","Pembroke Welsh Corgi","FFPE","PRJNA695534","coverage < 30"
"4100","SRR13571721","LYM","BCL","Tumor","BCL CU","Border Collie","FFPE","PRJNA695534","Pass QC"
"680","SRR13123338","OSA","OSA","Tumor","OSA UMis","Labrador Retriever",NA,"PRJNA680382","Unique CDS mapping rate < 0.3"
"1166","SRR13123341","OSA","OSA","Tumor","OSA UMis","Sheepdog",NA,"PRJNA680382","Unique CDS mapping rate < 0.3"
"994","SRR13123347","OSA","OSA","Tumor","OSA UMis","Labrador Retriever",NA,"PRJNA680382","Unique CDS mapping rate < 0.3"
"1032","SRR13123352","OSA","OSA","Tumor","OSA UMis","Sheepdog",NA,"PRJNA680382","Unique CDS mapping rate < 0.3"
"Pt03","SRR13050748-SRR13050750-SRR13050751","HSA","HSA","Tumor","HSA TGen","Wheaten Terrier",NA,"PRJNA677995","Pass QC"
"Pt11","SRR13050744-SRR13050745-SRR13050746","HSA","HSA","Tumor","HSA TGen","Border Collie",NA,"PRJNA677995","Pass QC"
"Pt16","SRR13050740-SRR13050741-SRR13050742","HSA","HSA","Tumor","HSA TGen","Mixed",NA,"PRJNA677995","Pass QC"
"Pt22","SRR13050735-SRR13050736-SRR13050737","HSA","HSA","Tumor","HSA TGen","Mixed",NA,"PRJNA677995","Pass QC"
"T-735","SRR11451556","BT","BT","Tumor","BT CSU","Mixed",NA,"PRJNA616374","Pass QC"
"T-730","SRR11451557","BT","BT","Tumor","BT CSU","Mixed",NA,"PRJNA616374","Pass QC"
"T-522","SRR11451558","BT","BT","Tumor","BT CSU","Dalmatian",NA,"PRJNA616374","Pass QC"
"T-500","SRR11451559","BT","BT","Tumor","BT CSU","Shetland Sheepdog",NA,"PRJNA616374","coverage < 30"
"T-400","SRR11451560","BT","BT","Tumor","BT CSU","Mixed",NA,"PRJNA616374","Pass QC"
"T-36","SRR11451561","BT","BT","Tumor","BT CSU","Mixed",NA,"PRJNA616374","Pass QC"
"T-353","SRR11451562","BT","BT","Tumor","BT CSU","Mixed",NA,"PRJNA616374","coverage < 30"
"T-22","SRR11451563","BT","BT","Tumor","BT CSU","Dachchund - Long Haired Standard",NA,"PRJNA616374","coverage < 30"
"T-868","SRR11451564","BT","BT","Tumor","BT CSU","Mixed",NA,"PRJNA616374","Pass QC"
"T-113","SRR11451565","BT","BT","Tumor","BT CSU","Mixed",NA,"PRJNA616374","Pass QC"
"T-1025","SRR11451566","BT","BT","Tumor","BT CSU","Airedale Terrier",NA,"PRJNA616374","Pass QC"
"T-134","SRR11352506","OSA","OSA","Tumor","OSA CSU","Golden Retriever",NA,"PRJNA613479","Pass QC"
"T-1272","SRR11352507","OSA","OSA","Tumor","OSA CSU","Labrador Retriever",NA,"PRJNA613479","Pass QC"
"T-1247","SRR11352508","OSA","OSA","Tumor","OSA CSU","Labrador Retriever",NA,"PRJNA613479","Pass QC"
"T-1246","SRR11352509","OSA","OSA","Tumor","OSA CSU","Coonhound",NA,"PRJNA613479","Pass QC"
"T-1192","SRR11352510","OSA","OSA","Tumor","OSA CSU","Labrador Retriever",NA,"PRJNA613479","Pass QC"
"T-1166","SRR11352511","OSA","OSA","Tumor","OSA CSU","Old English Sheepdog",NA,"PRJNA613479","Pass QC"
"T-1096","SRR11352512","OSA","OSA","Tumor","OSA CSU","Flat-Coated Retriever",NA,"PRJNA613479","Pass QC"
"T-999","SRR11352513","OSA","OSA","Tumor","OSA CSU","Saint Bernard",NA,"PRJNA613479","Pass QC"
"T-992","SRR11352514","OSA","OSA","Tumor","OSA CSU","Mixed",NA,"PRJNA613479","Pass QC"
"T-907","SRR11352515","OSA","OSA","Tumor","OSA CSU","Leonberger",NA,"PRJNA613479","Pass QC"
"T-856","SRR11352516","OSA","OSA","Tumor","OSA CSU","Rottweiler",NA,"PRJNA613479","Pass QC"
"T-843","SRR11352517","OSA","OSA","Tumor","OSA CSU","Rottweiler",NA,"PRJNA613479","Pass QC"
"T-74","SRR11352518","OSA","OSA","Tumor","OSA CSU","Akita",NA,"PRJNA613479","Pass QC"
"T-554","SRR11352519","OSA","OSA","Tumor","OSA CSU","Labrador Retriever",NA,"PRJNA613479","Pass QC"
"T-1087","SRR11352520","OSA","OSA","Tumor","OSA CSU","Rhodesian Ridgeback",NA,"PRJNA613479","Pass QC"
"T-458","SRR11352521","OSA","OSA","Tumor","OSA CSU","Greyhound",NA,"PRJNA613479","Pass QC"
"T-424","SRR11352522","OSA","OSA","Tumor","OSA CSU","German Shorthaired Pointer",NA,"PRJNA613479","Pass QC"
"T-399","SRR11352523","OSA","OSA","Tumor","OSA CSU","Greyhound",NA,"PRJNA613479","Pass QC"
"T-346","SRR11352524","OSA","OSA","Tumor","OSA CSU","Irish Wolf Hound",NA,"PRJNA613479","Pass QC"
"T-343","SRR11352525","OSA","OSA","Tumor","OSA CSU","Mixed",NA,"PRJNA613479","Pass QC"
"T-29C","SRR11352526","OSA","OSA","Tumor","OSA CSU","Mixed",NA,"PRJNA613479","Pass QC"
"T-276","SRR11352527","OSA","OSA","Tumor","OSA CSU","Mixed",NA,"PRJNA613479","Pass QC"
"T-25","SRR11352528","OSA","OSA","Tumor","OSA CSU","Mixed",NA,"PRJNA613479","Pass QC"
"T-153","SRR11352529","OSA","OSA","Tumor","OSA CSU","Mastiff",NA,"PRJNA613479","Pass QC"
"T-149","SRR11352530","OSA","OSA","Tumor","OSA CSU","Great Dane",NA,"PRJNA613479","Pass QC"
"T-1023","SRR11352531","OSA","OSA","Tumor","OSA CSU","Labrador Retriever",NA,"PRJNA613479","Pass QC"
"M-1166","SRR11352532","OSA","OSA","Tumor","OSA CSU","Old English Sheepdog",NA,"PRJNA613479","Pass QC"
