"SampleName","Provided_Breeds","BreedQC","DiseaseAcronym","Sample_ID","BreedCluster","BreedPhylo","BreedFinal"
"CCB050025","Rottweiler","Pass QC","OSA","SAMN03436928","Rottweiler","Rottweiler","Rottweiler"
"CCB010089","Rottweiler","Pass QC","OSA","SAMN03436271","Rottweiler","Rottweiler","Rottweiler"
"T-843","Rottweiler","Pass QC","OSA","SRR11352517","Rottweiler","Other","Rottweiler"
"CCB010024","Rottweiler","Pass QC","OSA","SAMN03436817","Rottweiler","Rottweiler","Rottweiler"
"CCB060033","Rottweiler","Pass QC","OSA","SAMN03436475","Rottweiler","Rottweiler","Rottweiler"
"CCB040287","Rottweiler","Pass QC","OSA","SAMN03436528","Rottweiler","Rottweiler","Rottweiler"
"CCB010327","Rottweiler","Pass QC","OSA","SAMN03436226","Rottweiler","Rottweiler","Rottweiler"
"CCB030108","Rottweiler","Pass QC","OSA","SAMN03436857","Rottweiler","Rottweiler","Rottweiler"
"CCB020022","Rottweiler","Pass QC","OSA","SAMN03436514","Rottweiler","Rottweiler","Rottweiler"
"CCB050320","Rottweiler","Pass QC","OSA","SAMN03436933","Rottweiler","Rottweiler","Rottweiler"
"CCB070253","Rottweiler","Pass QC","OSA","SAMN03436497","Rottweiler","Rottweiler","Rottweiler"
"CCB040207","Rottweiler","Pass QC","OSA","SAMN03436930","Rottweiler","Rottweiler","Rottweiler"
"CCB010330","Rottweiler","Pass QC","OSA","SAMN03436670","Rottweiler","Rottweiler","Rottweiler"
"CCB010026","Rottweiler","Pass QC","OSA","SAMN03436827","Rottweiler","Rottweiler","Rottweiler"
"T-856","Rottweiler","Pass QC","OSA","SRR11352516","Rottweiler","Other","Rottweiler"
"CCB040464","Rottweiler","Pass QC","OSA","SAMN03436720","Rottweiler","Rottweiler","Rottweiler"
"HPCI_0045","Rottweiler","Pass QC","OSA","SRR8691824","Rottweiler","Rottweiler","Rottweiler"
"CCB030224","Rottweiler","Pass QC","OSA","SAMN03436507","Rottweiler","Rottweiler","Rottweiler"
"DD0072","Unknown/Missing","Pass QC","OM","ERR1681448-ERR1681493","Rottweiler","Rottweiler","Rottweiler"
"CCB060100","Rottweiler","Pass QC","OSA","SAMN03436469","Rottweiler","Rottweiler","Rottweiler"
"CCB050315","Rottweiler","Pass QC","OSA","SAMN03436779","Rottweiler","Rottweiler","Rottweiler"
"CCB060021","Rottweiler","Pass QC","OSA","SAMN03436689","Rottweiler","Rottweiler","Rottweiler"
"DD0064","Unknown/Missing","Pass QC","OM","ERR1672163-ERR1672250","Rottweiler","Rottweiler","Rottweiler"
"CCB070177","Rottweiler","Pass QC","OSA","SAMN03436885","Rottweiler","Rottweiler","Rottweiler"
"CCB010332","Rottweiler","Pass QC","OSA","SAMN03436705","Rottweiler","Rottweiler","Rottweiler"
"DD0074","Unknown/Missing","Pass QC","OM","ERR1672181-ERR1672268","Rottweiler","Rottweiler","Rottweiler"
"DD0061","Unknown/Missing","Pass QC","OM","ERR1672157-ERR1672244","Rottweiler","Rottweiler","Rottweiler"
"CCB010217","Rottweiler","Pass QC","OSA","SAMN03436267","Rottweiler","Rottweiler","Rottweiler"
"DD0356","Unknown/Missing","Pass QC","UC","ERR10506192-ERR10506222-ERR10506252","Rottweiler","Rottweiler","Rottweiler"
"CCB010299","Unknown/Missing","Pass QC","UCL","SAMN03436892","Rottweiler","Unknown/Missing","Rottweiler"
"DD0067","Unknown/Missing","Pass QC","OM","ERR1672169-ERR1672256","Rottweiler","Rottweiler","Rottweiler"
"CCB050023_URen","Labrador Retriever","Pass QC","OM","SRR17139308","Rottweiler","Rottweiler","Rottweiler"
"CCB050023","Unknown/Missing","Pass QC","UCL","SAMN03436698","Rottweiler","Rottweiler","Rottweiler"
"CCB030201","Unknown/Missing","Pass QC","UCL","SAMN03766270","Golden Retriever","Golden Retriever","Golden Retriever"
"CCB030201_URen","Golden Retriever","Pass QC","OM","SRR17139326","Golden Retriever","Golden Retriever","Golden Retriever"
"HSA_24","Golden Retriever","Pass QC","HSA","SRR10260903","Golden Retriever","Golden Retriever","Golden Retriever"
"CCB010289","Golden Retriever","Pass QC","TCL","SAMN03436562","Golden Retriever","Golden Retriever","Golden Retriever"
"HSA_1","Golden Retriever","Pass QC","HSA","SRR10260944","Golden Retriever","Golden Retriever","Golden Retriever"
"BITRIC","Golden Retriever","Pass QC","BCL","SAMN04009639","Golden Retriever","Golden Retriever","Golden Retriever"
"HSA_21","Golden Retriever","Pass QC","HSA","SRR10260909","Golden Retriever","Golden Retriever","Golden Retriever"
"HSA_29","Golden Retriever","Pass QC","HSA","SRR10260892","Golden Retriever","Golden Retriever","Golden Retriever"
"HSA_13","Golden Retriever","Pass QC","HSA","SRR10260927","Golden Retriever","Golden Retriever","Golden Retriever"
"HSA_47","Golden Retriever","Pass QC","HSA","SRR10260852","Golden Retriever","Golden Retriever","Golden Retriever"
"HSA_11","Golden Retriever","Pass QC","HSA","SRR10260931","Golden Retriever","Golden Retriever","Golden Retriever"
"HSA_18","Golden Retriever","Pass QC","HSA","SRR10260916","Golden Retriever","Golden Retriever","Golden Retriever"
"HSA_45","Golden Retriever","Pass QC","HSA","SRR10260857","Golden Retriever","Golden Retriever","Golden Retriever"
"HSA_26","Golden Retriever","Pass QC","HSA","SRR10260898","Golden Retriever","Golden Retriever","Golden Retriever"
"HSA_20","Golden Retriever","Pass QC","HSA","SRR10260912","Golden Retriever","Golden Retriever","Golden Retriever"
"RENJOH","Golden Retriever","Pass QC","BCL","SAMN04009642","Golden Retriever","Golden Retriever","Golden Retriever"
"HSA_30","Golden Retriever","Pass QC","HSA","SRR10260890","Golden Retriever","Golden Retriever","Golden Retriever"
"HSA_35","Golden Retriever","Pass QC","HSA","SRR10260879","Golden Retriever","Golden Retriever","Golden Retriever"
"HSA_16","Golden Retriever","Pass QC","HSA","SRR10260920","Golden Retriever","Golden Retriever","Golden Retriever"
"CCB010036","Golden Retriever","Pass QC","BCL","SAMN03436809","Golden Retriever","Golden Retriever","Golden Retriever"
"CCB040313","Unknown/Missing","Pass QC","UCL","SAMN03436846","Golden Retriever","Golden Retriever","Golden Retriever"
"CCB050007_URen","Golden Retriever","Pass QC","OM","SRR17139311","Golden Retriever","Golden Retriever","Golden Retriever"
"CCB030300","Golden Retriever","Pass QC","TCL","SAMN03436856","Golden Retriever","Golden Retriever","Golden Retriever"
"HSA_4","Golden Retriever","Pass QC","HSA","SRR10260888","Golden Retriever","Golden Retriever","Golden Retriever"
"HSA_19","Golden Retriever","Pass QC","HSA","SRR10260914","Golden Retriever","Golden Retriever","Golden Retriever"
"HSA_27","Golden Retriever","Pass QC","HSA","SRR10260896","Golden Retriever","Golden Retriever","Golden Retriever"
"HSA_8","Golden Retriever","Pass QC","HSA","SRR10260938","Golden Retriever","Golden Retriever","Golden Retriever"
"CCB040038","Golden Retriever","Pass QC","BCL","SAMN03436579","Golden Retriever","Golden Retriever","Golden Retriever"
"CCB040292","Golden Retriever","Pass QC","TCL","SAMN03436889","Golden Retriever","Golden Retriever","Golden Retriever"
"CCB040222","Golden Retriever","Pass QC","BCL","SAMN03436829","Golden Retriever","Golden Retriever","Golden Retriever"
"HSA_37","Golden Retriever","Pass QC","HSA","SRR10260874","Golden Retriever","Golden Retriever","Golden Retriever"
"HSA_42","Golden Retriever","Pass QC","HSA","SRR10260863","Golden Retriever","Golden Retriever","Golden Retriever"
"HSA_12","Golden Retriever","Pass QC","HSA","SRR10260929","Golden Retriever","Golden Retriever","Golden Retriever"
"CCB010233","Golden Retriever","Pass QC","TCL","SAMN03436654","Golden Retriever","Golden Retriever","Golden Retriever"
"HSA_41","Golden Retriever","Pass QC","HSA","SRR10260865","Golden Retriever","Golden Retriever","Golden Retriever"
"BenGal","Golden Retriever","Pass QC","BCL","SAMN04002435","Golden Retriever","Golden Retriever","Golden Retriever"
"CCB070139","Golden Retriever","Pass QC","TCL","SAMN03436557","Golden Retriever","Golden Retriever","Golden Retriever"
"PabWil","Golden Retriever","Pass QC","BCL","SAMN04002433","Golden Retriever","Golden Retriever","Golden Retriever"
"HSA_28","Golden Retriever","Pass QC","HSA","SRR10260894","Golden Retriever","Golden Retriever","Golden Retriever"
"BENTUC","Golden Retriever","Pass QC","BCL","SAMN04009644","Golden Retriever","Golden Retriever","Golden Retriever"
"CCB070080","Golden Retriever","Pass QC","TCL","SAMN03436605","Golden Retriever","Golden Retriever","Golden Retriever"
"CCB010307","Golden Retriever","Pass QC","BCL","SAMN03436888","Golden Retriever","Golden Retriever","Golden Retriever"
"CHIMUN","Golden Retriever","Pass QC","BCL","SAMN04009641","Golden Retriever","Golden Retriever","Golden Retriever"
"RAIEVA","Golden Retriever","Pass QC","BCL","SAMN04002392","Golden Retriever","Golden Retriever","Golden Retriever"
"HSA_2","Golden Retriever","Pass QC","HSA","SRR10260932","Golden Retriever","Golden Retriever","Golden Retriever"
"HSA_14","Golden Retriever","Pass QC","HSA","SRR10260925","Golden Retriever","Golden Retriever","Golden Retriever"
"HSA_31","Golden Retriever","Pass QC","HSA","SRR10260887","Golden Retriever","Golden Retriever","Golden Retriever"
"DD0001","Unknown/Missing","Pass QC","OM","ERR1681499-ERR1681454","Golden Retriever","Golden Retriever","Golden Retriever"
"N150309","Golden Retriever","Pass QC","BCL","SAMN04002432","Golden Retriever","Golden Retriever","Golden Retriever"
"CCB040033","Golden Retriever","Pass QC","OSA","SAMN03436512","Golden Retriever","Golden Retriever","Golden Retriever"
"HPCI_0003","Golden Retriever","Pass QC","OSA","SRR8691707","Golden Retriever","Golden Retriever","Golden Retriever"
"HSA_7","Golden Retriever","Pass QC","HSA","SRR10260940","Golden Retriever","Golden Retriever","Golden Retriever"
"CCB070011","Unknown/Missing","Pass QC","UCL","SAMN03436697","Golden Retriever","Golden Retriever","Golden Retriever"
"CCB050015","Golden Retriever","Pass QC","OSA","SAMN03436940","Golden Retriever","Golden Retriever","Golden Retriever"
"HSA_44","Golden Retriever","Pass QC","HSA","SRR10260859","Golden Retriever","Golden Retriever","Golden Retriever"
"HSA_23","Golden Retriever","Pass QC","HSA","SRR10260905","Golden Retriever","Golden Retriever","Golden Retriever"
"CCB030251","Golden Retriever","Pass QC","BCL","SAMN03436495","Golden Retriever","Golden Retriever","Golden Retriever"
"CCB010035","Golden Retriever","Pass QC","OSA","SAMN03436633","Golden Retriever","Golden Retriever","Golden Retriever"
"CCB070115","Golden Retriever","Pass QC","BCL","SAMN03436731","Golden Retriever","Golden Retriever","Golden Retriever"
"CCB030317","Golden Retriever","Pass QC","TCL","SAMN03436824","Golden Retriever","Golden Retriever","Golden Retriever"
"CCB010346","Golden Retriever","Pass QC","BCL","SAMN03436711","Golden Retriever","Golden Retriever","Golden Retriever"
"CASLAB","Golden Retriever","Pass QC","BCL","SAMN04002429","Golden Retriever","Golden Retriever","Golden Retriever"
"i_42D9","Golden Retriever","Pass QC","GLM","SRR10351804","Golden Retriever","Golden Retriever","Golden Retriever"
"CCB050351_URen","Golden Retriever","Pass QC","OM","SRR17139295","Golden Retriever","Golden Retriever","Golden Retriever"
"T-134","Golden Retriever","Pass QC","OSA","SRR11352506","Golden Retriever","Other","Golden Retriever"
"CCB010040","Golden Retriever","Pass QC","BCL","SAMN03436864","Golden Retriever","Golden Retriever","Golden Retriever"
"N149867","Golden Retriever","Pass QC","BCL","SAMN04002387","Golden Retriever","Golden Retriever","Golden Retriever"
"HSA_6","Golden Retriever","Pass QC","HSA","SRR10260942","Golden Retriever","Golden Retriever","Golden Retriever"
"CCB010284_URen","Golden Retriever","Pass QC","OM","SRR17139205","Golden Retriever","Golden Retriever","Golden Retriever"
"CCB010243","Golden Retriever","Pass QC","TCL","SAMN03436730","Golden Retriever","Golden Retriever","Golden Retriever"
"CCB010253","Golden Retriever","Pass QC","TCL","SAMN03436552","Golden Retriever","Golden Retriever","Golden Retriever"
"CCB010010","Golden Retriever","Pass QC","BCL","SAMN03436614","Golden Retriever","Golden Retriever","Golden Retriever"
"CCB030271","Golden Retriever","Pass QC","TCL","SAMN03436612","Golden Retriever","Golden Retriever","Golden Retriever"
"BelBer","Golden Retriever","Pass QC","BCL","SAMN04002390","Golden Retriever","Golden Retriever","Golden Retriever"
"CCB030075","Unknown/Missing","Pass QC","UCL","SAMN03766279","Golden Retriever","Golden Retriever","Golden Retriever"
"CCB030075_URen","Golden Retriever","Pass QC","OM","SRR17139337","Golden Retriever","Golden Retriever","Golden Retriever"
"CCB010060","Golden Retriever","Pass QC","OSA","SAMN03436281","Golden Retriever","Golden Retriever","Golden Retriever"
"CCB010214","Golden Retriever","Pass QC","BCL","SAMN03436554","Golden Retriever","Golden Retriever","Golden Retriever"
"HSA_33","Golden Retriever","Pass QC","HSA","SRR10260883","Golden Retriever","Golden Retriever","Golden Retriever"
"HSA_22","Golden Retriever","Pass QC","HSA","SRR10260907","Golden Retriever","Golden Retriever","Golden Retriever"
"CCB030273_URen","Golden Retriever","Pass QC","OM","SRR17139317","Golden Retriever","Golden Retriever","Golden Retriever"
"CCB030044_URen","Golden Retriever","Pass QC","OM","SRR17139339","Golden Retriever","Golden Retriever","Golden Retriever"
"DD0099","Unknown/Missing","Pass QC","OM","ERR1672214-ERR1681431","Golden Retriever","Golden Retriever","Golden Retriever"
"CCB030362","Golden Retriever","Pass QC","BCL","SAMN03436924","Golden Retriever","Golden Retriever","Golden Retriever"
"CCB030227","Unknown/Missing","Pass QC","UCL","SAMN03766275","Golden Retriever","Golden Retriever","Golden Retriever"
"CCB030227_URen","Golden Retriever","Pass QC","OM","SRR17139324","Golden Retriever","Golden Retriever","Golden Retriever"
"CCB060138","Golden Retriever","Pass QC","OSA","SAMN03732676","Golden Retriever","Golden Retriever","Golden Retriever"
"CCB060008","Golden Retriever","Pass QC","TCL","SAMN03436714","Golden Retriever","Golden Retriever","Golden Retriever"
"CCB030120_URen","Golden Retriever","Pass QC","OM","SRR17139333","Golden Retriever","Golden Retriever","Golden Retriever"
"CCB030120","Unknown/Missing","Pass QC","UCL","SAMN03766283","Golden Retriever","Golden Retriever","Golden Retriever"
"CCB050206","Golden Retriever","Pass QC","BCL","SAMN03436830","Golden Retriever","Golden Retriever","Golden Retriever"
"CCB040425","Golden Retriever","Pass QC","TCL","SAMN03436653","Golden Retriever","Golden Retriever","Golden Retriever"
"CCB070230","Golden Retriever","Pass QC","BCL","SAMN03436699","Golden Retriever","Golden Retriever","Golden Retriever"
"CCB070049","Golden Retriever","Pass QC","OSA","SAMN03732735","Golden Retriever","Golden Retriever","Golden Retriever"
"CCB010102","Golden Retriever","Pass QC","OSA","SAMN03436820","Golden Retriever","Golden Retriever","Golden Retriever"
"CCB070053","Golden Retriever","Pass QC","OSA","SAMN03732756","Golden Retriever","Golden Retriever","Golden Retriever"
"CCB020071","Golden Retriever","Pass QC","OSA","SAMN03436283","Golden Retriever","Golden Retriever","Golden Retriever"
"CCB010069","Golden Retriever","Pass QC","OSA","SAMN03436286","Golden Retriever","Golden Retriever","Golden Retriever"
"MBGRD14","Golden Retriever","Pass QC","BCL","SAMN04002431","Golden Retriever","Golden Retriever","Golden Retriever"
"HSA_39","Golden Retriever","Pass QC","HSA","SRR10260870","Golden Retriever","Golden Retriever","Golden Retriever"
"JakRan","Golden Retriever","Pass QC","BCL","SAMN04002422","Golden Retriever","Golden Retriever","Golden Retriever"
"CCB030232_URen","Golden Retriever","Pass QC","OM","SRR17139322","Golden Retriever","Golden Retriever","Golden Retriever"
"CCB030259","Golden Retriever","Pass QC","TCL","SAMN03436831","Golden Retriever","Golden Retriever","Golden Retriever"
"CCB030026","Golden Retriever","Pass QC","TCL","SAMN03436854","Golden Retriever","Golden Retriever","Golden Retriever"
"CCB030268","Golden Retriever","Pass QC","BCL","SAMN03436722","Golden Retriever","Golden Retriever","Golden Retriever"
"CCB030258","Golden Retriever","Pass QC","TCL","SAMN03436532","Golden Retriever","Golden Retriever","Golden Retriever"
"CCB010059","Golden Retriever","Pass QC","OSA","SAMN03436666","Golden Retriever","Golden Retriever","Golden Retriever"
"CCB020104","Golden Retriever","Pass QC","BCL","SAMN03436623","Golden Retriever","Golden Retriever","Golden Retriever"
"CCB060148","Golden Retriever","Pass QC","OSA","SAMN03732680","Golden Retriever","Golden Retriever","Golden Retriever"
"CCB070081","Golden Retriever","Pass QC","BCL","SAMN03436782","Golden Retriever","Golden Retriever","Golden Retriever"
"CCB010182","Golden Retriever","Pass QC","BCL","SAMN03436811","Golden Retriever","Golden Retriever","Golden Retriever"
"HPCI_0013","Golden Retriever","Pass QC","OSA","SRR8691750","Golden Retriever","Golden Retriever","Golden Retriever"
"CCB020156","Golden Retriever","Pass QC","OSA","SAMN03436595","Golden Retriever","Golden Retriever","Golden Retriever"
"CCB010023","Golden Retriever","Pass QC","OSA","SAMN03436671","Golden Retriever","Golden Retriever","Golden Retriever"
"HPCI_0001","Golden Retriever","Pass QC","OSA","SRR8691805","Golden Retriever","Golden Retriever","Golden Retriever"
"CCB030059","Golden Retriever","Pass QC","TCL","SAMN03436926","Golden Retriever","Golden Retriever","Golden Retriever"
"CCB070051","Golden Retriever","Pass QC","OSA","SAMN03732741","Golden Retriever","Golden Retriever","Golden Retriever"
"CCB060047","Golden Retriever","Pass QC","BCL","SAMN03436537","Golden Retriever","Golden Retriever","Golden Retriever"
"DD0075","Unknown/Missing","Pass QC","OM","ERR1672183-ERR1672270","Golden Retriever","Golden Retriever","Golden Retriever"
"CCB030342_URen","Golden Retriever","Pass QC","OM","SRR17139315","Golden Retriever","Golden Retriever","Golden Retriever"
"CCB030342","Unknown/Missing","Pass QC","UCL","SAMN03766284","Golden Retriever","Golden Retriever","Golden Retriever"
"CCB040497","Golden Retriever","Pass QC","BCL","SAMN03436551","Golden Retriever","Golden Retriever","Golden Retriever"
"HSA_17","Golden Retriever","Pass QC","HSA","SRR10260918","Golden Retriever","Golden Retriever","Golden Retriever"
"CCB010005","Golden Retriever","Pass QC","OSA","SAMN03436630","Golden Retriever","Golden Retriever","Golden Retriever"
"CCB070044","Golden Retriever","Pass QC","OSA","SAMN03732743","Golden Retriever","Golden Retriever","Golden Retriever"
"CCB070292","Golden Retriever","Pass QC","TCL","SAMN03436576","Golden Retriever","Golden Retriever","Golden Retriever"
"HSA_32","Golden Retriever","Pass QC","HSA","SRR10260885","Golden Retriever","Golden Retriever","Golden Retriever"
"CCB040143","Golden Retriever","Pass QC","BCL","SAMN03436816","Golden Retriever","Golden Retriever","Golden Retriever"
"CCB020009","Golden Retriever","Pass QC","BCL","SAMN03436708","Golden Retriever","Golden Retriever","Golden Retriever"
"CCB030078","Golden Retriever","Pass QC","OSA","SAMN03436855","Golden Retriever","Golden Retriever","Golden Retriever"
"CCB030130","Golden Retriever","Pass QC","BCL","SAMN03436456","Golden Retriever","Golden Retriever","Golden Retriever"
"HSA_25","Golden Retriever","Pass QC","HSA","SRR10260901","Golden Retriever","Golden Retriever","Golden Retriever"
"HSA_10","Golden Retriever","Pass QC","HSA","SRR10260934","Golden Retriever","Golden Retriever","Golden Retriever"
"CCB060052","Golden Retriever","Pass QC","BCL","SAMN03436649","Golden Retriever","Golden Retriever","Golden Retriever"
"HSA_34","Golden Retriever","Pass QC","HSA","SRR10260881","Golden Retriever","Golden Retriever","Golden Retriever"
"CCB070252","Golden Retriever","Pass QC","BCL","SAMN03436479","Golden Retriever","Golden Retriever","Golden Retriever"
"CCB010032_URen","Golden Retriever","Pass QC","OM","SRR17139207","Golden Retriever","Golden Retriever","Golden Retriever"
"P23","Golden Retriever","Pass QC","HSA","SRR6277177","Golden Retriever","Golden Retriever","Golden Retriever"
"HSA_46","Golden Retriever","Pass QC","HSA","SRR10260854","Golden Retriever","Golden Retriever","Golden Retriever"
"CCB030156","Golden Retriever","Pass QC","TCL","SAMN03436838","Golden Retriever","Golden Retriever","Golden Retriever"
"CCB050193","Golden Retriever","Pass QC","BCL","SAMN03436539","Golden Retriever","Golden Retriever","Golden Retriever"
"CCB030165_URen","Golden Retriever","Pass QC","OM","SRR17139330","Golden Retriever","Golden Retriever","Golden Retriever"
"CCB030265","Golden Retriever","Pass QC","TCL","SAMN03436683","Golden Retriever","Golden Retriever","Golden Retriever"
"DD0056","Unknown/Missing","Pass QC","OM","ERR1672147-ERR1672234","Golden Retriever","Golden Retriever","Golden Retriever"
"HSA_15","Golden Retriever","Pass QC","HSA","SRR10260923","Golden Retriever","Golden Retriever","Golden Retriever"
"HSA_38","Golden Retriever","Pass QC","HSA","SRR10260872","Golden Retriever","Golden Retriever","Golden Retriever"
"Golden7","Golden Retriever","Pass QC","UCL","SAMN03436709","Golden Retriever","Golden Retriever","Golden Retriever"
"B00E022-3","Golden Retriever","Pass QC","OM","SRR17139245","Golden Retriever","Golden Retriever","Golden Retriever"
"CCB030346","Golden Retriever","Pass QC","BCL","SAMN03436776","Golden Retriever","Golden Retriever","Golden Retriever"
"CCB060066","Golden Retriever","Pass QC","OSA","SAMN03436781","Golden Retriever","Golden Retriever","Golden Retriever"
"CCB030003","Golden Retriever","Pass QC","TCL","SAMN03436934","Golden Retriever","Golden Retriever","Golden Retriever"
"CCB030145","Golden Retriever","Pass QC","BCL","SAMN03436772","Golden Retriever","Golden Retriever","Golden Retriever"
"CCB050102","Golden Retriever","Pass QC","OSA","SAMN03436644","Golden Retriever","Golden Retriever","Golden Retriever"
"CCB070012","Golden Retriever","Pass QC","BCL","SAMN03436850","Golden Retriever","Golden Retriever","Golden Retriever"
"CCB030016","Golden Retriever","Pass QC","TCL","SAMN03436677","Golden Retriever","Golden Retriever","Golden Retriever"
"CCB070243","Golden Retriever","Pass QC","BCL","SAMN03436638","Golden Retriever","Golden Retriever","Golden Retriever"
"CCB030117","Golden Retriever","Pass QC","BCL","SAMN03436690","Golden Retriever","Golden Retriever","Golden Retriever"
"CCB050061_URen","Golden Retriever","Pass QC","OM","SRR17139302","Golden Retriever","Golden Retriever","Golden Retriever"
"CCB030061","Golden Retriever","Pass QC","OSA","SAMN03436527","Golden Retriever","Golden Retriever","Golden Retriever"
"CCB060099","Golden Retriever","Pass QC","OSA","SAMN03732684","Golden Retriever","Golden Retriever","Golden Retriever"
"CCB020249","Golden Retriever","Pass QC","BCL","SAMN03436839","Golden Retriever","Golden Retriever","Golden Retriever"
"Golden9","Golden Retriever","Pass QC","UCL","SAMN03436834","Golden Retriever","Golden Retriever","Golden Retriever"
"B00E026-7","Golden Retriever","Pass QC","OM","SRR17139240","Golden Retriever","Golden Retriever","Golden Retriever"
"Golden6","Golden Retriever","Pass QC","UCL","SAMN03436569","Golden Retriever","Golden Retriever","Golden Retriever"
"B00E020-1","Golden Retriever","Pass QC","OM","SRR17139247","Golden Retriever","Golden Retriever","Golden Retriever"
"Golden3","Golden Retriever","Pass QC","UCL","SAMN03436823","Golden Retriever","Golden Retriever","Golden Retriever"
"B00E01U-V","Golden Retriever","Pass QC","OM","SRR17139253","Golden Retriever","Golden Retriever","Golden Retriever"
"DD0081","Unknown/Missing","Pass QC","OM","ERR1681451-ERR1681496","Golden Retriever","Golden Retriever","Golden Retriever"
"4189","Golden Retriever","Pass QC","BCL","SRR13571614","Golden Retriever","Golden Retriever","Golden Retriever"
"Golden8","Golden Retriever","Pass QC","UCL","SAMN03436489","Golden Retriever","Golden Retriever","Golden Retriever"
"B00E024-5","Golden Retriever","Pass QC","OM","SRR17139242","Golden Retriever","Golden Retriever","Golden Retriever"
"Golden12","Golden Retriever","Pass QC","UCL","SAMN03436632","Golden Retriever","Golden Retriever","Golden Retriever"
"B00E02C-D","Golden Retriever","Pass QC","OM","SRR17139236","Golden Retriever","Golden Retriever","Golden Retriever"
"B00E01W-X","Golden Retriever","Pass QC","OM","SRR17139251","Golden Retriever","Golden Retriever","Golden Retriever"
"DD0305","Unknown/Missing","Pass QC","UC","ERR10505600-ERR10505614-ERR10505628-ERR10505642","Golden Retriever","Unknown/Missing","Golden Retriever"
"DD0013","Unknown/Missing","Pass QC","OM","ERR1681438-ERR1681483","Golden Retriever","Golden Retriever","Golden Retriever"
"DD0053","Unknown/Missing","Pass QC","OM","ERR1672143-ERR1672230","Golden Retriever","Golden Retriever","Golden Retriever"
"CCB050042_URen","Labrador Retriever","Pass QC","OM","SRR17139304","Golden Retriever","Golden Retriever","Golden Retriever"
"CCB050042","Unknown/Missing","Pass QC","UCL","SAMN03436484","Golden Retriever","Golden Retriever","Golden Retriever"
"B00E02A-B","Golden Retriever","Pass QC","OM","SRR17139238","Golden Retriever","Golden Retriever","Golden Retriever"
"Golden11","Golden Retriever","Pass QC","UCL","SAMN03436584","Golden Retriever","Golden Retriever","Golden Retriever"
"DD0256","Unknown/Missing","Pass QC","UC","ERR10506006-ERR10506036-ERR10506066-ERR10506096","Golden Retriever","Unknown/Missing","Golden Retriever"
"CMT-241","Shih Tzu","Pass QC","MT","SRR7780994","Shih Tzu","Shih Tzu","Shih Tzu"
"CMT-613","Shih Tzu","Pass QC","MT","SRR7780865","Shih Tzu","Shih Tzu","Shih Tzu"
"CMT-523","Shih Tzu","Pass QC","MT","SRR7781062","Shih Tzu","Shih Tzu","Shih Tzu"
"CMT-318","Shih Tzu","Pass QC","MT","SRR7781020","Shih Tzu","Shih Tzu","Shih Tzu"
"i_2C25","Shih Tzu","Pass QC","GLM","SRR10351564","Shih Tzu","Shih Tzu","Shih Tzu"
"CMT-400","Shih Tzu","Pass QC","MT","SRR7781053","Shih Tzu","Shih Tzu","Shih Tzu"
"CMT-60","Shih Tzu","Pass QC","MT","SRR7781028","Shih Tzu","Shih Tzu","Shih Tzu"
"CMT-63","Shih Tzu","Pass QC","MT","SRR7780761","Shih Tzu","Shih Tzu","Shih Tzu"
"CMT-2","Shih Tzu","Pass QC","MT","SRR7780922","Shih Tzu","Shih Tzu","Shih Tzu"
"CMT-247","Shih Tzu","Pass QC","MT","SRR7780851","Shih Tzu","Shih Tzu","Shih Tzu"
"CMT-365","Shih Tzu","Pass QC","MT","SRR7780960","Shih Tzu","Shih Tzu","Shih Tzu"
"CMT-292","Shih Tzu","Pass QC","MT","SRR7780913","Shih Tzu","Shih Tzu","Shih Tzu"
"CMT-348","Shih Tzu","Pass QC","MT","SRR7780856","Shih Tzu","Shih Tzu","Shih Tzu"
"CMT-156","Shih Tzu","Pass QC","MT","SRR7780838","Shih Tzu","Shih Tzu","Shih Tzu"
"DD0008","Unknown/Missing","Pass QC","OM","ERR2396466-ERR2496952","Shih Tzu","Shih Tzu","Shih Tzu"
"CMT-129","Shih Tzu","Pass QC","MT","SRR7781081","Shih Tzu","Shih Tzu","Shih Tzu"
"CMT-233","Shih Tzu","Pass QC","MT","SRR7781092","Shih Tzu","Shih Tzu","Shih Tzu"
"CMT-417","Shih Tzu","Pass QC","MT","SRR7780790","Shih Tzu","Shih Tzu","Shih Tzu"
"CMT-74","Shih Tzu","Pass QC","MT","SRR7780763","Shih Tzu","Shih Tzu","Shih Tzu"
"CMT-686","Shih Tzu","Pass QC","MT","SRR7781010","Shih Tzu","Shih Tzu","Shih Tzu"
"CMT-259","Unknown/Missing","Pass QC","MT","SRR7780731","Shih Tzu","Shih Tzu","Shih Tzu"
"CMT-111","Shih Tzu","Pass QC","MT","SRR7780991","Shih Tzu","Shih Tzu","Shih Tzu"
"CMT-659","Shih Tzu","Pass QC","MT","SRR7781106","Shih Tzu","Shih Tzu","Shih Tzu"
"CMT-232","Shih Tzu","Pass QC","MT","SRR7781096","Shih Tzu","Shih Tzu","Shih Tzu"
"CMT-495","Shih Tzu","Pass QC","MT","SRR7781065","Shih Tzu","Shih Tzu","Shih Tzu"
"024","Maltese","Pass QC","MT","SRR9911381","Shih Tzu","Shih Tzu","Shih Tzu"
"CMT-119","Unknown/Missing","Pass QC","MT","SRR7781083","Shih Tzu","Shih Tzu","Shih Tzu"
"CMT-184","Shih Tzu","Pass QC","MT","SRR7781042","Shih Tzu","Shih Tzu","Shih Tzu"
"DD0373","Unknown/Missing","Pass QC","UC","ERR10505654-ERR10505690-ERR10505726-ERR10505762","Shih Tzu","Shih Tzu","Shih Tzu"
"MinMei","Greyhound","Pass QC","OSA","SAMN03436617","Greyhound","Greyhound","Greyhound"
"JacMay","Greyhound","Pass QC","OSA","SAMN03436724","Greyhound","Greyhound","Greyhound"
"PepRey","Greyhound","Pass QC","OSA","SAMN03436938","Greyhound","Greyhound","Greyhound"
"JoeVar","Greyhound","Pass QC","OSA","SAMN03732677","Greyhound","Greyhound","Greyhound"
"PhaMor","Greyhound","Pass QC","OSA","SAMN03436499","Greyhound","Greyhound","Greyhound"
"AleKee","Greyhound","Pass QC","OSA","SAMN03732738","Greyhound","Greyhound","Greyhound"
"GalLyo","Greyhound","Pass QC","OSA","SAMN03732750","Greyhound","Greyhound","Greyhound"
"AllSmi","Greyhound","Pass QC","OSA","SAMN03436686","Greyhound","Greyhound","Greyhound"
"ShaRin","Greyhound","Pass QC","OSA","SAMN03436627","Greyhound","Greyhound","Greyhound"
"TacRei","Greyhound","Pass QC","OSA","SAMN03436610","Greyhound","Greyhound","Greyhound"
"HPCI_0005","Greyhound","Pass QC","OSA","SRR8691815","Greyhound","Greyhound","Greyhound"
"GarLar","Greyhound","Pass QC","OSA","SAMN03436645","Greyhound","Greyhound","Greyhound"
"HBB","Greyhound","Pass QC","OSA","SAMN03732749","Greyhound","Greyhound","Greyhound"
"FBB","Greyhound","Pass QC","OSA","SAMN03436470","Greyhound","Greyhound","Greyhound"
"AlvWen","Greyhound","Pass QC","OSA","SAMN03732751","Greyhound","Greyhound","Greyhound"
"SanSte","Greyhound","Pass QC","OSA","SAMN03436506","Greyhound","Greyhound","Greyhound"
"GenCon","Greyhound","Pass QC","OSA","SAMN03436710","Greyhound","Greyhound","Greyhound"
"PurRow","Greyhound","Pass QC","OSA","SAMN03436544","Greyhound","Greyhound","Greyhound"
"ColWym","Greyhound","Pass QC","OSA","SAMN03436669","Greyhound","Greyhound","Greyhound"
"T-458","Greyhound","Pass QC","OSA","SRR11352521","Greyhound","Other","Greyhound"
"JohMar","Greyhound","Pass QC","OSA","SAMN03436887","Greyhound","Greyhound","Greyhound"
"HemBig","Greyhound","Pass QC","OSA","SAMN03732736","Greyhound","Greyhound","Greyhound"
"TriPar","Greyhound","Pass QC","OSA","SAMN03436640","Greyhound","Greyhound","Greyhound"
"DiaPar","Greyhound","Pass QC","OSA","SAMN03732683","Greyhound","Greyhound","Greyhound"
"HPCI_0044","Greyhound","Pass QC","OSA","SRR8691826","Greyhound","Greyhound","Greyhound"
"GraWie","Greyhound","Pass QC","OSA","SAMN03436546","Greyhound","Greyhound","Greyhound"
"DD0294","Unknown/Missing","Pass QC","UC","ERR10505595-ERR10505609-ERR10505623-ERR10505637","Greyhound","Unknown/Missing","Greyhound"
"P6","Labrador Retriever","Pass QC","HSA","SRR6277200","Labrador Retriever","Other","Labrador Retriever"
"B00E030-1","Labrador Retriever","Pass QC","OM","SRR17139213","Labrador Retriever","Labrador Retriever","Labrador Retriever"
"B00E02K-L","Labrador Retriever","Pass QC","OM","SRR17139230","Labrador Retriever","Labrador Retriever","Labrador Retriever"
"B00E02Q-R","Labrador Retriever","Pass QC","OM","SRR17139224","Labrador Retriever","Labrador Retriever","Labrador Retriever"
"B00E01Y-Z","Labrador Retriever","Pass QC","OM","SRR17139249","Labrador Retriever","Labrador Retriever","Labrador Retriever"
"Golden5","Golden Retriever","Pass QC","UCL","SAMN03436821","Labrador Retriever","Labrador Retriever","Labrador Retriever"
"B00E02S-T","Labrador Retriever","Pass QC","OM","SRR17139222","Labrador Retriever","Labrador Retriever","Labrador Retriever"
"B00E02W-X","Labrador Retriever","Pass QC","OM","SRR17139217","Labrador Retriever","Labrador Retriever","Labrador Retriever"
"CCB060128","Unknown/Missing","Pass QC","UCL","SAMN03732747","Labrador Retriever","Labrador Retriever","Labrador Retriever"
"B00E02U-V","Labrador Retriever","Pass QC","OM","SRR17139219","Labrador Retriever","Labrador Retriever","Labrador Retriever"
"Labrador2","Labrador Retriever","Pass QC","UCL","SAMN03436925","Labrador Retriever","Other","Labrador Retriever"
"B00E02G-H","Labrador Retriever","Pass QC","OM","SRR17139235","Labrador Retriever","Labrador Retriever","Labrador Retriever"
"DD0252","Unknown/Missing","Pass QC","UC","ERR10506003-ERR10506033-ERR10506063-ERR10506093","Labrador Retriever","Labrador Retriever","Labrador Retriever"
"CCB050228_URen","Labrador Retriever","Pass QC","OM","SRR17139297","Labrador Retriever","Labrador Retriever","Labrador Retriever"
"CCB050228","Unknown/Missing","Pass QC","UCL","SAMN03436615","Labrador Retriever","Labrador Retriever","Labrador Retriever"
"B00E02O-P","Labrador Retriever","Pass QC","OM","SRR17139226","Labrador Retriever","Labrador Retriever","Labrador Retriever"
"T-1192","Labrador Retriever","Pass QC","OSA","SRR11352510","Labrador Retriever","Other","Labrador Retriever"
"DD0086","Unknown/Missing","Pass QC","OM","ERR2436314-ERR2496961","Labrador Retriever","Labrador Retriever","Labrador Retriever"
"CCB050096_URen","Labrador Retriever","Pass QC","OM","SRR17139300","Labrador Retriever","Labrador Retriever","Labrador Retriever"
"CCB050096","Unknown/Missing","Pass QC","UCL","SAMN03436704","Labrador Retriever","Labrador Retriever","Labrador Retriever"
"i_8228","Labrador Retriever","Pass QC","GLM","SRR10351761","Labrador Retriever","Other","Labrador Retriever"
"P21","Labrador Retriever","Pass QC","HSA","SRR6277181","Labrador Retriever","Other","Labrador Retriever"
"T-399","Greyhound","Pass QC","OSA","SRR11352523","Labrador Retriever","Other","Labrador Retriever"
"T-554","Labrador Retriever","Pass QC","OSA","SRR11352519","Labrador Retriever","Other","Labrador Retriever"
"CCB070280","Golden Retriever","Pass QC","BCL","SAMN03436805","Labrador Retriever","Labrador Retriever","Labrador Retriever"
"DD0045","Unknown/Missing","Pass QC","OM","ERR1681442-ERR1681487","Labrador Retriever","Labrador Retriever","Labrador Retriever"
"CCB030269","Unknown/Missing","Pass QC","UCL","SAMN03436519","Labrador Retriever","Labrador Retriever","Labrador Retriever"
"CCB030269_URen","Labrador Retriever","Pass QC","OM","SRR17139319","Labrador Retriever","Labrador Retriever","Labrador Retriever"
"B00E032-3","Labrador Retriever","Pass QC","OM","SRR17139211","Labrador Retriever","Labrador Retriever","Labrador Retriever"
"DD0092","Unknown/Missing","Pass QC","OM","ERR2436312-ERR2496959","Labrador Retriever","Labrador Retriever","Labrador Retriever"
"CCB030039_URen","Labrador Retriever","Pass QC","OM","SRR17139341","Labrador Retriever","Labrador Retriever","Labrador Retriever"
"CCB030039","Unknown/Missing","Pass QC","UCL","SAMN03436526","Labrador Retriever","Labrador Retriever","Labrador Retriever"
"B00E02Y-Z","Labrador Retriever","Pass QC","OM","SRR17139215","Labrador Retriever","Labrador Retriever","Labrador Retriever"
"DD0005-1","Unknown/Missing","Pass QC","OM","ERR1681462-ERR1681507","Labrador Retriever","Labrador Retriever","Labrador Retriever"
"DD0005","Unknown/Missing","Pass QC","OM","ERR1681462-ERR1681507","Labrador Retriever","Labrador Retriever","Labrador Retriever"
"CCB040334_URen","Labrador Retriever","Pass QC","OM","SRR17139313","Labrador Retriever","Labrador Retriever","Labrador Retriever"
"CCB040334","Unknown/Missing","Pass QC","UCL","SAMN03436473","Labrador Retriever","Labrador Retriever","Labrador Retriever"
"CCB030183_URen","Labrador Retriever","Pass QC","OM","SRR17139328","Labrador Retriever","Labrador Retriever","Labrador Retriever"
"CCB030183","Unknown/Missing","Pass QC","UCL","SAMN03436481","Labrador Retriever","Labrador Retriever","Labrador Retriever"
"i_750B","Labrador Retriever","Pass QC","GLM","SRR10351766","Labrador Retriever","Other","Labrador Retriever"
"T-1247","Labrador Retriever","Pass QC","OSA","SRR11352508","Labrador Retriever","Other","Labrador Retriever"
"CCB030097","Unknown/Missing","Pass QC","UCL","SAMN03436650","Labrador Retriever","Labrador Retriever","Labrador Retriever"
"CCB030097_URen","Labrador Retriever","Pass QC","OM","SRR17139335","Labrador Retriever","Labrador Retriever","Labrador Retriever"
"CCB030038_URen","Labrador Retriever","Pass QC","OM","SRR17139201","Labrador Retriever","Labrador Retriever","Labrador Retriever"
"CCB030038","Unknown/Missing","Pass QC","UCL","SAMN03436624","Labrador Retriever","Labrador Retriever","Labrador Retriever"
"T-1272","Labrador Retriever","Pass QC","OSA","SRR11352507","Labrador Retriever","Other","Labrador Retriever"
"T-1023","Labrador Retriever","Pass QC","OSA","SRR11352531","Labrador Retriever","Other","Labrador Retriever"
"DD0374","Unknown/Missing","Pass QC","UC","ERR10506122-ERR10506134-ERR10506146-ERR10506158","Labrador Retriever","Yorkshire Terrier","Other"
"DD0390","Unknown/Missing","Pass QC","UC","ERR10505672-ERR10505708-ERR10505744-ERR10505780","Labrador Retriever","Unknown/Missing","Labrador Retriever"
"B00E02I-J","Labrador Retriever","Pass QC","OM","SRR17139233","Labrador Retriever","Labrador Retriever","Labrador Retriever"
"CMT-118","Schnauzer","Pass QC","MT","SRR7780983","Schnauzer","Schnauzer","Schnauzer"
"008","Schnauzer","Pass QC","MT","SRR9911360","Schnauzer","Schnauzer","Schnauzer"
"063","Schnauzer","Pass QC","MT","SRR9911354","Schnauzer","Schnauzer","Schnauzer"
"125","Schnauzer","Pass QC","MT","SRR9911342","Schnauzer","Schnauzer","Schnauzer"
"HS4","Unknown/Missing","Pass QC","HS","DRR345022","Schnauzer","Schnauzer","Schnauzer"
"CMT-644","Schnauzer","Pass QC","MT","SRR7780749","Schnauzer","Schnauzer","Schnauzer"
"CMT-92","Schnauzer","Pass QC","MT","SRR7780874","Schnauzer","Schnauzer","Schnauzer"
"DD0339","Unknown/Missing","Pass QC","UC","ERR10506174-ERR10506204-ERR10506234","Schnauzer","Unknown/Missing","Schnauzer"
"088","Schnauzer","Pass QC","MT","SRR9911356","Schnauzer","Schnauzer","Schnauzer"
"CMT-26","Schnauzer","Pass QC","MT","SRR7780828","Schnauzer","Schnauzer","Schnauzer"
"026","Schnauzer","Pass QC","MT","SRR9911379","Schnauzer","Schnauzer","Schnauzer"
"062","Schnauzer","Pass QC","MT","SRR9911370","Schnauzer","Schnauzer","Schnauzer"
"DD0066","Unknown/Missing","Pass QC","OM","ERR1672168-ERR1672255","Schnauzer","Schnauzer","Schnauzer"
"CMT-193","Schnauzer","Pass QC","MT","SRR7780889","Schnauzer","Schnauzer","Schnauzer"
"DD0238","Unknown/Missing","Pass QC","UC","ERR10505655-ERR10505691-ERR10505727-ERR10505763","Schnauzer","Schnauzer","Schnauzer"
"047","Schnauzer","Pass QC","MT","SRR9911380","Schnauzer","Schnauzer","Schnauzer"
"CMT-577","Schnauzer","Pass QC","MT","SRR7780969","Schnauzer","Schnauzer","Schnauzer"
"DD0392","Unknown/Missing","Pass QC","UC","ERR10505674-ERR10505710-ERR10505746-ERR10505782","Schnauzer","Labrador Retriever","Other"
"004","Schnauzer","Pass QC","MT","SRR9911377","Schnauzer","Schnauzer","Schnauzer"
"CMT-53","Maltese","Pass QC","MT","SRR7781036","Maltese","Maltese","Maltese"
"CMT-162","Maltese","Pass QC","MT","SRR7780769","Maltese","Maltese","Maltese"
"CMT-414","Maltese","Pass QC","MT","SRR7780788","Maltese","Maltese","Maltese"
"CMT-217","Maltese","Pass QC","MT","SRR7781098","Maltese","Maltese","Maltese"
"DD0398","Unknown/Missing","Pass QC","UC","ERR10505683-ERR10505719-ERR10505755-ERR10505791","Maltese","Unknown/Missing","Maltese"
"CMT-99","Maltese","Pass QC","MT","SRR7780974","Maltese","Maltese","Maltese"
"CMT-374","Maltese","Pass QC","MT","SRR7780956","Maltese","Maltese","Maltese"
"CMT-207","Maltese","Pass QC","MT","SRR7780776","Maltese","Maltese","Maltese"
"022","Maltese","Pass QC","MT","SRR9911365","Maltese","Maltese","Maltese"
"072","Maltese","Pass QC","MT","SRR9911357","Maltese","Maltese","Maltese"
"CMT-725","Maltese","Pass QC","MT","SRR7780902","Maltese","Maltese","Maltese"
"CMT-719","Maltese","Pass QC","MT","SRR7780906","Maltese","Maltese","Maltese"
"CMT-91","Maltese","Pass QC","MT","SRR7780872","Maltese","Maltese","Maltese"
"CMT-405","Maltese","Pass QC","MT","SRR7781057","Maltese","Maltese","Maltese"
"119","Maltese","Pass QC","MT","SRR9911344","Maltese","Maltese","Maltese"
"CMT-392","Maltese","Pass QC","MT","SRR7781055","Maltese","Maltese","Maltese"
"CMT-272","Maltese","Pass QC","MT","SRR7780816","Maltese","Maltese","Maltese"
"CMT-173","Maltese","Pass QC","MT","SRR7780775","Maltese","Maltese","Maltese"
"CMT-278","Maltese","Pass QC","MT","SRR7780812","Maltese","Maltese","Maltese"
"CMT-107","Maltese","Pass QC","MT","SRR7781078","Maltese","Maltese","Maltese"
"CMT-114","Maltese","Pass QC","MT","SRR7780987","Maltese","Maltese","Maltese"
"CMT-97","Maltese","Pass QC","MT","SRR7780972","Maltese","Maltese","Maltese"
"CMT-776","Maltese","Pass QC","MT","SRR7780804","Maltese","Maltese","Maltese"
"CMT-190","Maltese","Pass QC","MT","SRR7780883","Maltese","Maltese","Maltese"
"073","Maltese","Pass QC","MT","SRR9911350","Maltese","Maltese","Maltese"
"CMT-724","Maltese","Pass QC","MT","SRR7780958","Maltese","Maltese","Maltese"
"CMT-730","Maltese","Pass QC","MT","SRR7780900","Maltese","Maltese","Maltese"
"CMT-651","Maltese","Pass QC","MT","SRR7780806","Maltese","Maltese","Maltese"
"CMT-197","Maltese","Pass QC","MT","SRR7780887","Maltese","Maltese","Maltese"
"CMT-756","Maltese","Pass QC","MT","SRR7780799","Maltese","Maltese","Maltese"
"CMT-234","Unknown/Missing","Pass QC","MT","SRR7781000","Maltese","Maltese","Maltese"
"CMT-480","Maltese","Pass QC","MT","SRR7781006","Maltese","Maltese","Maltese"
"CMT-48","Maltese","Pass QC","MT","SRR7780933","Maltese","Maltese","Maltese"
"132","Maltese","Pass QC","MT","SRR9911373","Maltese","Maltese","Maltese"
"CMT-452","Maltese","Pass QC","MT","SRR7780894","Maltese","Maltese","Maltese"
"CMT-276","Maltese","Pass QC","MT","SRR7780818","Maltese","Maltese","Maltese"
"CMT-774","Maltese","Pass QC","MT","SRR7780802","Maltese","Maltese","Maltese"
"CMT-57","Maltese","Pass QC","MT","SRR7781032","Maltese","Maltese","Maltese"
"CMT-103","Maltese","Pass QC","MT","SRR7780980","Maltese","Maltese","Maltese"
"CMT-93","Maltese","Pass QC","MT","SRR7780880","Maltese","Maltese","Maltese"
"CMT-236","Unknown/Missing","Pass QC","MT","SRR7780998","Maltese","Maltese","Maltese"
"CMT-59","Maltese","Pass QC","MT","SRR7781030","Maltese","Maltese","Maltese"
"CMT-262","Maltese","Pass QC","MT","SRR7780733","Maltese","Maltese","Maltese"
"CMT-188","Maltese","Pass QC","MT","SRR7780885","Maltese","Maltese","Maltese"
"CMT-377","Maltese","Pass QC","MT","SRR7780954","Maltese","Maltese","Maltese"
"CMT-381","Maltese","Pass QC","MT","SRR7780952","Maltese","Maltese","Maltese"
"CMT-685","Maltese","Pass QC","MT","SRR7781012","Maltese","Maltese","Maltese"
"009","Maltese","Pass QC","MT","SRR9911352","Maltese","Maltese","Maltese"
"CMT-201","Maltese","Pass QC","MT","SRR7780891","Maltese","Maltese","Maltese"
"CMT-227","Maltese","Pass QC","MT","SRR7781100","Maltese","Maltese","Maltese"
"CMT-112","Maltese","Pass QC","MT","SRR7780989","Maltese","Maltese","Maltese"
"CMT-239","Maltese","Pass QC","MT","SRR7780996","Maltese","Maltese","Maltese"
"CMT-311","Maltese","Pass QC","MT","SRR7781024","Maltese","Maltese","Maltese"
"CMT-667","Maltese","Pass QC","MT","SRR7781110","Maltese","Maltese","Maltese"
"153","Maltese","Pass QC","MT","SRR9911375","Maltese","Maltese","Maltese"
"007","Maltese","Pass QC","MT","SRR9911361","Maltese","Maltese","Maltese"
"CMT-102","Maltese","Pass QC","MT","SRR7780978","Maltese","Maltese","Maltese"
"4184","Maltese","Pass QC","BCL","SRR13571621","Maltese","Other","Maltese"
"CMT-21","Maltese","Pass QC","MT","SRR7780824","Maltese","Maltese","Maltese"
"CMT-149","Maltese","Pass QC","MT","SRR7780948","Maltese","Maltese","Maltese"
"CMT-182","Maltese","Pass QC","MT","SRR7781038","Maltese","Maltese","Maltese"
"CMT-355","Maltese","Pass QC","MT","SRR7780863","Maltese","Maltese","Maltese"
"CMT-642","Maltese","Pass QC","MT","SRR7780747","Maltese","Maltese","Maltese"
"CMT-178","Maltese","Pass QC","MT","SRR7781040","Maltese","Maltese","Maltese"
"013","Maltese","Pass QC","MT","SRR9911363","Maltese","Maltese","Maltese"
"095","Maltese","Pass QC","MT","SRR9911348","Maltese","Maltese","Maltese"
"CMT-9","Maltese","Pass QC","MT","SRR7780920","Maltese","Maltese","Maltese"
"CMT-30","Maltese","Pass QC","MT","SRR7780830","Maltese","Maltese","Maltese"
"CMT-505","Maltese","Pass QC","MT","SRR7781061","Maltese","Maltese","Maltese"
"CMT-168","Maltese","Pass QC","MT","SRR7780771","Maltese","Maltese","Maltese"
"CMT-43","Unknown/Missing","Pass QC","MT","SRR7780931","Maltese","Maltese","Maltese"
"CMT-332","Maltese","Pass QC","MT","SRR7780744","Maltese","Maltese","Maltese"
"DD0358","Unknown/Missing","Pass QC","UC","ERR10506196-ERR10506226-ERR10506256","Maltese","Maltese","Maltese"
"i_B023","Boston Terrier","Pass QC","GLM","SRR10351742","Boston Terrier","Boston Terrier","Boston Terrier"
"i_A71E","Boston Terrier","Pass QC","GLM","SRR10351748","Boston Terrier","Boston Terrier","Boston Terrier"
"i_6E45","Boston Terrier","Pass QC","GLM","SRR10351768","Boston Terrier","Boston Terrier","Boston Terrier"
"i_FC65","Boston Terrier","Pass QC","GLM","SRR10351693","Boston Terrier","Boston Terrier","Boston Terrier"
"i_F840","Boston Terrier","Pass QC","GLM","SRR10351695","Boston Terrier","Boston Terrier","Boston Terrier"
"i_2C4F","Boston Terrier","Pass QC","GLM","SRR10351562","Boston Terrier","Other","Boston Terrier"
"i_0FF0","Boston Terrier","Pass QC","GLM","SRR10351580","Boston Terrier","Boston Terrier","Boston Terrier"
"i_E7AB","Boston Terrier","Pass QC","GLM","SRR10351703","Boston Terrier","Boston Terrier","Boston Terrier"
"i_1793","Boston Terrier","Pass QC","GLM","SRR10351571","Boston Terrier","Boston Terrier","Boston Terrier"
"i_49E6","Boston Terrier","Pass QC","GLM","SRR10351800","Boston Terrier","Boston Terrier","Boston Terrier"
"CMT-106","Yorkshire Terrier","Pass QC","MT","SRR7781072","Yorkshire Terrier","Yorkshire Terrier","Yorkshire Terrier"
"CMT-124","Yorkshire Terrier","Pass QC","MT","SRR7781087","Yorkshire Terrier","Yorkshire Terrier","Yorkshire Terrier"
"DD0353","Unknown/Missing","Pass QC","UC","ERR10506188-ERR10506218-ERR10506248","Yorkshire Terrier","Unknown/Missing","Yorkshire Terrier"
"CMT-109","Yorkshire Terrier","Pass QC","MT","SRR7781079","Yorkshire Terrier","Yorkshire Terrier","Yorkshire Terrier"
"CMT-153","Yorkshire Terrier","Pass QC","MT","SRR7780836","Yorkshire Terrier","Yorkshire Terrier","Yorkshire Terrier"
"CMT-638","Yorkshire Terrier","Pass QC","MT","SRR7780753","Yorkshire Terrier","Yorkshire Terrier","Yorkshire Terrier"
"CMT-538","Yorkshire Terrier","Pass QC","MT","SRR7781069","Yorkshire Terrier","Yorkshire Terrier","Yorkshire Terrier"
"CMT-340","Yorkshire Terrier","Pass QC","MT","SRR7780740","Yorkshire Terrier","Yorkshire Terrier","Yorkshire Terrier"
"CMT-116","Yorkshire Terrier","Pass QC","MT","SRR7780985","Yorkshire Terrier","Yorkshire Terrier","Yorkshire Terrier"
"DD0087","Unknown/Missing","Pass QC","OM","ERR1672198-ERR1672285","Yorkshire Terrier","Yorkshire Terrier","Yorkshire Terrier"
"CMT-353","Yorkshire Terrier","Pass QC","MT","SRR7781049","Yorkshire Terrier","Yorkshire Terrier","Yorkshire Terrier"
"CMT-136","Yorkshire Terrier","Pass QC","MT","SRR7780945","Yorkshire Terrier","Yorkshire Terrier","Yorkshire Terrier"
"CMT-24","Yorkshire Terrier","Pass QC","MT","SRR7780826","Yorkshire Terrier","Yorkshire Terrier","Yorkshire Terrier"
"CMT-634","Yorkshire Terrier","Pass QC","MT","SRR7780751","Yorkshire Terrier","Yorkshire Terrier","Yorkshire Terrier"
"070","Maltese","Pass QC","MT","SRR9911346","Yorkshire Terrier","Yorkshire Terrier","Yorkshire Terrier"
"CMT-33","Yorkshire Terrier","Pass QC","MT","SRR7780937","Yorkshire Terrier","Yorkshire Terrier","Yorkshire Terrier"
"CCB060153","Golden Retriever","Pass QC","BCL","SAMN03436787","Unknown/Missing","Unknown/Missing","Unknown/Missing"
"B00E014-5","Poodle","Pass QC","OM","SRR17139279","Poodle","Poodle","Poodle"
"B00E00K-L","Poodle","Pass QC","OM","SRR17139243","Poodle","Poodle","Poodle"
"B00E00S-T","Poodle","Pass QC","OM","SRR17139298","Poodle","Poodle","Poodle"
"Poodle8","Poodle","Pass QC","UCL","SAMN03436681","Poodle","Poodle","Poodle"
"CMT-307","Poodle","Pass QC","MT","SRR7780915","Poodle","Poodle","Poodle"
"Poodle22","Poodle","Pass QC","UCL","SAMN03436472","Poodle","Poodle","Poodle"
"B00E01M-N","Poodle","Pass QC","OM","SRR17139260","Poodle","Poodle","Poodle"
"Poodle18","Poodle","Pass QC","UCL","SAMN03436597","Poodle","Poodle","Poodle"
"B00E01C-D","Poodle","Pass QC","OM","SRR17139270","Poodle","Poodle","Poodle"
"B00E012-3","Poodle","Pass QC","OM","SRR17139281","Poodle","Poodle","Poodle"
"Poodle6","Poodle","Pass QC","UCL","SAMN03436726","Poodle","Poodle","Poodle"
"B00E00O-P","Poodle","Pass QC","OM","SRR17139342","Poodle","Poodle","Poodle"
"CMT-54","Poodle","Pass QC","MT","SRR7781034","Poodle","Poodle","Poodle"
"B00E010-1","Poodle","Pass QC","OM","SRR17139284","Poodle","Poodle","Poodle"
"CCB070213_URen","Poodle","Pass QC","OM","SRR17139293","Poodle","Poodle","Poodle"
"B00E00I-J","Poodle","Pass QC","OM","SRR17139265","Poodle","Poodle","Poodle"
"CMT-456","Poodle","Pass QC","MT","SRR7780904","Poodle","Poodle","Poodle"
"CMT-210","Poodle","Pass QC","MT","SRR7780778","Poodle","Poodle","Poodle"
"B00E01I-J","Poodle","Pass QC","OM","SRR17139264","Poodle","Poodle","Poodle"
"Poodle2","Poodle","Pass QC","UCL","SAMN03436608","Poodle","Poodle","Poodle"
"B00E00G-H","Poodle","Pass QC","OM","SRR17139287","Poodle","Poodle","Poodle"
"CMT-252","Poodle","Pass QC","MT","SRR7780847","Poodle","Poodle","Poodle"
"DD0284","Unknown/Missing","Pass QC","UC","ERR10506026-ERR10506056-ERR10506086-ERR10506116","Poodle","Unknown/Missing","Poodle"
"CMT-360","Poodle","Pass QC","MT","SRR7781068","Poodle","Poodle","Poodle"
"DD0270","Unknown/Missing","Pass QC","UC","ERR10506016-ERR10506046-ERR10506076-ERR10506106","Poodle","Unknown/Missing","Poodle"
"DD0275","Unknown/Missing","Pass QC","UC","ERR10505834-ERR10505886-ERR10505938-ERR10505990","Poodle","Unknown/Missing","Poodle"
"B00E00Y-Z","Poodle","Pass QC","OM","SRR17139286","Poodle","Unknown/Missing","Poodle"
"B00E00E-F","Poodle","Pass QC","OM","SRR17139344","Poodle","Poodle","Poodle"
"Poodle9","Poodle","Pass QC","UCL","SAMN03436222","Poodle","Poodle","Poodle"
"B00E00U-V","Poodle","Pass QC","OM","SRR17139291","Poodle","Poodle","Poodle"
"CMT-246","Poodle","Pass QC","MT","SRR7780853","Poodle","Poodle","Poodle"
"CMT-652","Poodle","Pass QC","MT","SRR7781104","Poodle","Poodle","Poodle"
"B00E016-7","Poodle","Pass QC","OM","SRR17139277","Poodle","Poodle","Poodle"
"Poodle7","Poodle","Pass QC","UCL","SAMN03436651","Poodle","Poodle","Poodle"
"B00E00Q-R","Poodle","Pass QC","OM","SRR17139320","Poodle","Poodle","Poodle"
"CMT-250","Poodle","Pass QC","MT","SRR7780849","Poodle","Poodle","Poodle"
"CMT-257","Poodle","Pass QC","MT","SRR7781111","Poodle","Poodle","Poodle"
"CMT-215","Poodle","Pass QC","MT","SRR7780784","Poodle","Poodle","Poodle"
"CMT-695","Poodle","Pass QC","MT","SRR7781015","Poodle","Poodle","Poodle"
"CMT-271","Poodle","Pass QC","MT","SRR7780737","Poodle","Poodle","Poodle"
"DD0342","Unknown/Missing","Pass QC","UC","ERR10506178-ERR10506208-ERR10506238","Poodle","Poodle","Poodle"
"CMT-606","Poodle","Pass QC","MT","SRR7780867","Poodle","Poodle","Poodle"
"DD0349","Unknown/Missing","Pass QC","UC","ERR10506186-ERR10506216-ERR10506246","Poodle","Unknown/Missing","Poodle"
"B00E018-9","Poodle","Pass QC","OM","SRR17139274","Poodle","Poodle","Poodle"
"Poodle17","Poodle","Pass QC","UCL","SAMN03436264","Poodle","Poodle","Poodle"
"B00E01A-B","Poodle","Pass QC","OM","SRR17139272","Poodle","Poodle","Poodle"
"CMT-660","Poodle","Pass QC","MT","SRR7781108","Poodle","Poodle","Poodle"
"B00E00W-X","Poodle","Pass QC","OM","SRR17139289","Poodle","Poodle","Poodle"
"Poodle10","Poodle","Pass QC","UCL","SAMN03436488","Poodle","Poodle","Poodle"
"B00E01G-H","Poodle","Pass QC","OM","SRR17139267","Poodle","Poodle","Poodle"
"Poodle19","Poodle","Pass QC","UCL","SAMN03436826","Poodle","Poodle","Poodle"
"B00E00M-N","Poodle","Pass QC","OM","SRR17139221","Poodle","Poodle","Poodle"
"Poodle5","Poodle","Pass QC","UCL","SAMN03436680","Poodle","Poodle","Poodle"
"DD0224","Unknown/Missing","Pass QC","UC","ERR10505681-ERR10505717-ERR10505753-ERR10505789","Unknown/Missing","Unknown/Missing","Unknown/Missing"
"DD0049","Unknown/Missing","Pass QC","OM","ERR1672135-ERR1672222","Unknown/Missing","Unknown/Missing","Unknown/Missing"
"HS1","Unknown/Missing","Pass QC","HS","DRR345016","Unknown/Missing","Unknown/Missing","Unknown/Missing"
"DD0328","Unknown/Missing","Pass QC","UC","ERR10505606-ERR10505620-ERR10505634-ERR10505648","Unknown/Missing","Unknown/Missing","Unknown/Missing"
"CCB060151","Golden Retriever","Pass QC","TCL","SAMN03436734","Unknown/Missing","Golden Retriever","Golden Retriever"
"DD0095","Unknown/Missing","Pass QC","OM","ERR1672206-ERR1681423","Unknown/Missing","Maltese","Maltese"
"CMT-711","Yorkshire Terrier","Pass QC","MT","SRR7781005","Unknown/Missing","Yorkshire Terrier","Yorkshire Terrier"
"CMT-128","Yorkshire Terrier","Pass QC","MT","SRR7781089","Unknown/Missing","Yorkshire Terrier","Yorkshire Terrier"
"DD0261","Unknown/Missing","Pass QC","UC","ERR10505809-ERR10505861-ERR10505913-ERR10505965","Unknown/Missing","Yorkshire Terrier","Yorkshire Terrier"
"HS2","Unknown/Missing","Pass QC","HS","DRR345018","Unknown/Missing","Unknown/Missing","Unknown/Missing"
"DD0285","Unknown/Missing","Pass QC","UC","ERR10506028-ERR10506058-ERR10506088-ERR10506118","Unknown/Missing","Poodle","Poodle"
"DD0096","Unknown/Missing","Pass QC","OM","ERR1672208-ERR1681425","Unknown/Missing","Unknown/Missing","Unknown/Missing"
"Golden1","Golden Retriever","Pass QC","UCL","SAMN03436667","Unknown/Missing","Unknown/Missing","Unknown/Missing"
"B00E01Q-R","Golden Retriever","Pass QC","OM","SRR17139256","Unknown/Missing","Unknown/Missing","Unknown/Missing"
"DD0237","Unknown/Missing","Pass QC","UC","ERR10505651-ERR10505687-ERR10505723-ERR10505759","Unknown/Missing","Unknown/Missing","Unknown/Missing"
"DD0002","Unknown/Missing","Pass QC","OM","ERR1681456-ERR1681501","Unknown/Missing","Unknown/Missing","Unknown/Missing"
"DD0002-1","Unknown/Missing","Pass QC","OM","ERR1681456-ERR1681501","Unknown/Missing","Unknown/Missing","Unknown/Missing"
"DD0065","Unknown/Missing","Pass QC","OM","ERR1672165-ERR1672252","Unknown/Missing","Unknown/Missing","Unknown/Missing"
"DD0266","Unknown/Missing","Pass QC","UC","ERR10506013-ERR10506043-ERR10506073-ERR10506103","Unknown/Missing","Unknown/Missing","Unknown/Missing"
"DD0058","Unknown/Missing","Pass QC","OM","ERR1672151-ERR1672238","Unknown/Missing","Unknown/Missing","Unknown/Missing"
"DD0084","Unknown/Missing","Pass QC","OM","ERR2396465-ERR2496951","Unknown/Missing","Unknown/Missing","Unknown/Missing"
"DD0260","Unknown/Missing","Pass QC","UC","ERR10505807-ERR10505859-ERR10505911-ERR10505963","Unknown/Missing","Unknown/Missing","Unknown/Missing"
"DD0068","Unknown/Missing","Pass QC","OM","ERR1672171-ERR1672258","Unknown/Missing","Labrador Retriever","Labrador Retriever"
"DD0046","Unknown/Missing","Pass QC","OM","ERR1672131-ERR1672218","Unknown/Missing","Unknown/Missing","Unknown/Missing"
"DD0010","Unknown/Missing","Pass QC","OM","ERR2436319-ERR2496966","Unknown/Missing","Unknown/Missing","Unknown/Missing"
"DD0336","Unknown/Missing","Pass QC","UC","ERR10506170-ERR10506200-ERR10506230","Unknown/Missing","Unknown/Missing","Unknown/Missing"
"DD0091","Unknown/Missing","Pass QC","OM","ERR1672205-ERR1672292","Unknown/Missing","Unknown/Missing","Unknown/Missing"
"13ZOP","Rottweiler","Pass QC","BCL","SRR15461467","Unknown/Missing","Other","Unknown/Missing"
"DD0071","Unknown/Missing","Pass QC","OM","ERR1672177-ERR1672264","Unknown/Missing","Unknown/Missing","Unknown/Missing"
"DD0052","Unknown/Missing","Pass QC","OM","ERR1672141-ERR1672228","Unknown/Missing","Shih Tzu","Shih Tzu"
"DD0012","Unknown/Missing","Pass QC","OM","ERR2436317-ERR2496964","Unknown/Missing","Shih Tzu","Shih Tzu"
"CMT-344","Yorkshire Terrier","Pass QC","MT","SRR7780742","Unknown/Missing","Shih Tzu","Shih Tzu"
"DD0014-1","Unknown/Missing","Pass QC","OM","ERR1681471-ERR1681516","Unknown/Missing","Unknown/Missing","Unknown/Missing"
"DD0014","Unknown/Missing","Pass QC","OM","ERR1681471-ERR1681516","Unknown/Missing","Unknown/Missing","Unknown/Missing"
"DD0041","Unknown/Missing","Pass QC","OM","ERR1681435-ERR1681480","Unknown/Missing","Unknown/Missing","Unknown/Missing"
"CMT-84","Unknown/Missing","Pass QC","MT","SRR7780878","Unknown/Missing","Unknown/Missing","Unknown/Missing"
"DD0355","Unknown/Missing","Pass QC","UC","ERR10506190-ERR10506220-ERR10506250","Unknown/Missing","Yorkshire Terrier","Yorkshire Terrier"
"DD0273","Unknown/Missing","Pass QC","UC","ERR10505831-ERR10505883-ERR10505935-ERR10505987","Unknown/Missing","Other","Unknown/Missing"
"DD0268","Unknown/Missing","Pass QC","UC","ERR10506015-ERR10506045-ERR10506075-ERR10506105","Unknown/Missing","Unknown/Missing","Unknown/Missing"
"DD0306","Unknown/Missing","Pass QC","UC","ERR10505602-ERR10505616-ERR10505630-ERR10505644","Unknown/Missing","Golden Retriever","Golden Retriever"
"DD0078","Unknown/Missing","Pass QC","OM","ERR1672186-ERR1672273","Unknown/Missing","Unknown/Missing","Unknown/Missing"
"DD0051","Unknown/Missing","Pass QC","OM","ERR1672139-ERR1672226","Unknown/Missing","Unknown/Missing","Unknown/Missing"
"HPCI_0004","Labrador Retriever","Pass QC","OSA","SRR8691706","Unknown/Missing","Other","Unknown/Missing"
"HPCI_0008","Labrador Retriever","Pass QC","OSA","SRR8691818","Unknown/Missing","Other","Unknown/Missing"
"DD0265","Unknown/Missing","Pass QC","UC","ERR10506012-ERR10506042-ERR10506072-ERR10506102","Unknown/Missing","Unknown/Missing","Unknown/Missing"
"DD0281","Unknown/Missing","Pass QC","UC","ERR10505838-ERR10505890-ERR10505942-ERR10505994","Unknown/Missing","Unknown/Missing","Unknown/Missing"
"DD0248","Unknown/Missing","Pass QC","UC","ERR10505670-ERR10505706-ERR10505742-ERR10505778","Unknown/Missing","Unknown/Missing","Unknown/Missing"
"DD0299","Unknown/Missing","Pass QC","UC","ERR10505598-ERR10505612-ERR10505626-ERR10505640","Unknown/Missing","Unknown/Missing","Unknown/Missing"
"DD0253","Unknown/Missing","Pass QC","UC","ERR10505800-ERR10505852-ERR10505904-ERR10505956","Unknown/Missing","Other","Unknown/Missing"
"DD0247","Unknown/Missing","Pass QC","UC","ERR10505668-ERR10505704-ERR10505740-ERR10505776","Unknown/Missing","Unknown/Missing","Unknown/Missing"
"DD0080","Unknown/Missing","Pass QC","OM","ERR1672191-ERR1672278","Unknown/Missing","Unknown/Missing","Unknown/Missing"
"DD0069","Unknown/Missing","Pass QC","OM","ERR1672173-ERR1672260","Unknown/Missing","Unknown/Missing","Unknown/Missing"
"DD0079","Unknown/Missing","Pass QC","OM","ERR1672188-ERR1672275","Unknown/Missing","Unknown/Missing","Unknown/Missing"
"DD0055","Unknown/Missing","Pass QC","OM","ERR1672145-ERR1672232","Unknown/Missing","Unknown/Missing","Unknown/Missing"
"DD0060","Unknown/Missing","Pass QC","OM","ERR1672155-ERR1672242","Unknown/Missing","Unknown/Missing","Unknown/Missing"
"DD0100","Unknown/Missing","Pass QC","OM","ERR1681433-ERR1681478","Unknown/Missing","Unknown/Missing","Unknown/Missing"
"CMT-319","Unknown/Missing","Pass QC","MT","SRR7781018","Unknown/Missing","Unknown/Missing","Unknown/Missing"
"DD0015","Unknown/Missing","Pass QC","OM","ERR2436315-ERR2496962","Unknown/Missing","Unknown/Missing","Unknown/Missing"
"DD0057","Unknown/Missing","Pass QC","OM","ERR1672149-ERR1672236","Unknown/Missing","Unknown/Missing","Unknown/Missing"
"DD0344","Unknown/Missing","Pass QC","UC","ERR10506182-ERR10506212-ERR10506242","Unknown/Missing","Unknown/Missing","Unknown/Missing"
"DD0213","Unknown/Missing","Pass QC","UC","ERR10506125-ERR10506137-ERR10506149-ERR10506161","Unknown/Missing","Unknown/Missing","Unknown/Missing"
"DD0395","Unknown/Missing","Pass QC","UC","ERR10505678-ERR10505714-ERR10505750-ERR10505786","Unknown/Missing","Unknown/Missing","Unknown/Missing"
"DD0044","Unknown/Missing","Pass QC","OM","ERR1672129-ERR1672216","Unknown/Missing","Unknown/Missing","Unknown/Missing"
"DD0277","Unknown/Missing","Pass QC","UC","ERR10506022-ERR10506052-ERR10506082-ERR10506112","Unknown/Missing","Poodle","Poodle"
"DD0338","Unknown/Missing","Pass QC","UC","ERR10506172-ERR10506202-ERR10506232","Unknown/Missing","Schnauzer","Schnauzer"
"DD0062","Unknown/Missing","Pass QC","OM","ERR1672159-ERR1672246","Unknown/Missing","Unknown/Missing","Unknown/Missing"
"B00E01O-P","Poodle","Pass QC","OM","SRR17139258","Unknown/Missing","Poodle","Poodle"
"Poodle23","Poodle","Pass QC","UCL","SAMN03436573","Unknown/Missing","Poodle","Poodle"
"DD0016","Unknown/Missing","Pass QC","OM","ERR1681439-ERR1681484","Unknown/Missing","Unknown/Missing","Unknown/Missing"
"DD0288","Unknown/Missing","Pass QC","UC","ERR10505842-ERR10505894-ERR10505946-ERR10505998","Unknown/Missing","Other","Unknown/Missing"
"DD0274","Unknown/Missing","Pass QC","UC","ERR10506020-ERR10506050-ERR10506080-ERR10506110","Unknown/Missing","Unknown/Missing","Unknown/Missing"
"DD0048","Unknown/Missing","Pass QC","OM","ERR1681444-ERR1681489","Unknown/Missing","Unknown/Missing","Unknown/Missing"
"B00E02M-N","Labrador Retriever","Pass QC","OM","SRR17139228","Unknown/Missing","Unknown/Missing","Unknown/Missing"
"CCB030002_URen","Poodle","Pass QC","OM","SRR17139203","Unknown/Missing","Unknown/Missing","Unknown/Missing"
"DD0244","Unknown/Missing","Pass QC","UC","ERR10505662-ERR10505698-ERR10505734-ERR10505770","Unknown/Missing","Poodle","Poodle"
"DD0098","Unknown/Missing","Pass QC","OM","ERR1672212-ERR1681429","Unknown/Missing","Unknown/Missing","Unknown/Missing"
"DD0059","Unknown/Missing","Pass QC","OM","ERR1672153-ERR1672240","Unknown/Missing","Unknown/Missing","Unknown/Missing"
"Poodle21","Poodle","Pass QC","UCL","SAMN03436594","Unknown/Missing","Poodle","Poodle"
"B00E01K-L","Poodle","Pass QC","OM","SRR17139262","Unknown/Missing","Poodle","Poodle"
"DD0225","Unknown/Missing","Pass QC","UC","ERR10506129-ERR10506141-ERR10506153-ERR10506165","Unknown/Missing","Unknown/Missing","Unknown/Missing"
"DD0357","Unknown/Missing","Pass QC","UC","ERR10506194-ERR10506224-ERR10506254","Unknown/Missing","Unknown/Missing","Unknown/Missing"
"DD0235","Unknown/Missing","Pass QC","UC","ERR10506131-ERR10506143-ERR10506155-ERR10506167","Unknown/Missing","Unknown/Missing","Unknown/Missing"
"CMT-354","Yorkshire Terrier","Pass QC","MT","SRR7780861","Unknown/Missing","Shih Tzu","Shih Tzu"
"DD0343","Unknown/Missing","Pass QC","UC","ERR10506180-ERR10506210-ERR10506240","Unknown/Missing","Unknown/Missing","Unknown/Missing"
"DD0006-1","Unknown/Missing","Pass QC","OM","ERR1681465-ERR1681510","Unknown/Missing","Unknown/Missing","Unknown/Missing"
"DD0006","Unknown/Missing","Pass QC","OM","ERR1681465-ERR1681510","Unknown/Missing","Unknown/Missing","Unknown/Missing"
"DD0369","Unknown/Missing","Pass QC","UC","ERR10506197-ERR10506227-ERR10506257","Unknown/Missing","Unknown/Missing","Unknown/Missing"
"CCB050031","Unknown/Missing","Pass QC","UCL","SAMN03436728","Unknown/Missing","Unknown/Missing","Unknown/Missing"
"CCB050031_URen","Labrador Retriever","Pass QC","OM","SRR17139306","Unknown/Missing","Unknown/Missing","Unknown/Missing"
"DD0083","Unknown/Missing","Pass QC","OM","ERR1672194-ERR1672281","Unknown/Missing","Unknown/Missing","Unknown/Missing"
"DD0070","Unknown/Missing","Pass QC","OM","ERR1672175-ERR1672262","Unknown/Missing","Unknown/Missing","Unknown/Missing"
"DD0085","Unknown/Missing","Pass QC","OM","ERR1672196-ERR1672283","Unknown/Missing","Unknown/Missing","Unknown/Missing"
"DD0375","Unknown/Missing","Pass QC","UC","ERR10505657-ERR10505693-ERR10505729-ERR10505765","Unknown/Missing","Unknown/Missing","Unknown/Missing"
"DD0396","Unknown/Missing","Pass QC","UC","ERR10505680-ERR10505716-ERR10505752-ERR10505788","Unknown/Missing","Unknown/Missing","Unknown/Missing"
"DD0292","Unknown/Missing","Pass QC","UC","ERR10505594-ERR10505608-ERR10505622-ERR10505636","Unknown/Missing","Unknown/Missing","Unknown/Missing"
"DD0245","Unknown/Missing","Pass QC","UC","ERR10505664-ERR10505700-ERR10505736-ERR10505772","Unknown/Missing","Maltese","Maltese"
"DD0042","Unknown/Missing","Pass QC","OM","ERR1681474-ERR1681519","Unknown/Missing","Unknown/Missing","Unknown/Missing"
"DD0042-1","Unknown/Missing","Pass QC","OM","ERR1681474-ERR1681519","Unknown/Missing","Unknown/Missing","Unknown/Missing"
"DD0042-2","Unknown/Missing","Pass QC","OM","ERR1681474-ERR1681519","Unknown/Missing","Unknown/Missing","Unknown/Missing"
"DD0372","Unknown/Missing","Pass QC","UC","ERR10505650-ERR10505686-ERR10505722-ERR10505758","Unknown/Missing","Unknown/Missing","Unknown/Missing"
"DD0240","Unknown/Missing","Pass QC","UC","ERR10505658-ERR10505694-ERR10505730-ERR10505766","Unknown/Missing","Unknown/Missing","Unknown/Missing"
"DD0258","Unknown/Missing","Pass QC","UC","ERR10506007-ERR10506037-ERR10506067-ERR10506097","Unknown/Missing","Golden Retriever","Golden Retriever"
"DD0246","Unknown/Missing","Pass QC","UC","ERR10505666-ERR10505702-ERR10505738-ERR10505774","Unknown/Missing","Unknown/Missing","Unknown/Missing"
"DD0278","Unknown/Missing","Pass QC","UC","ERR10506024-ERR10506054-ERR10506084-ERR10506114","Unknown/Missing","Unknown/Missing","Unknown/Missing"
"DD0393","Unknown/Missing","Pass QC","UC","ERR10505676-ERR10505712-ERR10505748-ERR10505784","Unknown/Missing","Schnauzer","Schnauzer"
"CMT-183","Unknown/Missing","Pass QC","MT","SRR7781044","Unknown/Missing","Unknown/Missing","Unknown/Missing"
"CCB050195","Unknown/Missing","Pass QC","UCL","SAMN03436480","Unknown/Missing","Unknown/Missing","Unknown/Missing"
"DD0347","Unknown/Missing","Pass QC","UC","ERR10506183-ERR10506213-ERR10506243","Unknown/Missing","Unknown/Missing","Unknown/Missing"
"DD0063","Unknown/Missing","Pass QC","OM","ERR1672161-ERR1672248","Unknown/Missing","Unknown/Missing","Unknown/Missing"
"DD0236","Unknown/Missing","Pass QC","UC","ERR10506132-ERR10506144-ERR10506156-ERR10506168","Unknown/Missing","Unknown/Missing","Unknown/Missing"
"CMT-150","Unknown/Missing","Pass QC","MT","SRR7780834","Unknown/Missing","Unknown/Missing","Unknown/Missing"
"HS3","Unknown/Missing","Pass QC","HS","DRR345020","Unknown/Missing","Unknown/Missing","Unknown/Missing"
"HS5","Unknown/Missing","Pass QC","HS","DRR345024","Unknown/Missing","Unknown/Missing","Unknown/Missing"
"DD0093","Unknown/Missing","Pass QC","OM","ERR1681453-ERR1681498","Unknown/Missing","Unknown/Missing","Unknown/Missing"
"DD0320","Unknown/Missing","Pass QC","UC","ERR10505604-ERR10505618-ERR10505632-ERR10505646","Unknown/Missing","Unknown/Missing","Unknown/Missing"
"DD0097","Unknown/Missing","Pass QC","OM","ERR1672210-ERR1681427","Unknown/Missing","Unknown/Missing","Unknown/Missing"
"i_63FE","Boxer","Pass QC","GLM","SRR10351783","Boxer","Boxer","Boxer"
"i_81E2","Boxer","Pass QC","GLM","SRR10351763","Boxer","Boxer","Boxer"
"i_607E","Boxer","Pass QC","GLM","SRR10351788","Boxer","Boxer","Boxer"
"DD0089","Unknown/Missing","Pass QC","OM","ERR1672202-ERR1672289","Boxer","Boxer","Boxer"
"SopDix","Boxer","Pass QC","TCL","SAMN03436460","Boxer","Boxer","Boxer"
"i_22C7","Boxer","Pass QC","GLM","SRR10351568","Boxer","Boxer","Boxer"
"CCB060034","Boxer","Pass QC","TCL","SAMN03436890","Boxer","Boxer","Boxer"
"NygRoy","Boxer","Pass QC","TCL","SAMN03436692","Boxer","Boxer","Boxer"
"RoxRho","Boxer","Pass QC","TCL","SAMN03436661","Boxer","Boxer","Boxer"
"i_E952","Boxer","Pass QC","GLM","SRR10351701","Boxer","Boxer","Boxer"
"i_E271","Boxer","Pass QC","GLM","SRR10351707","Boxer","Boxer","Boxer"
"CCB040265","Boxer","Pass QC","TCL","SAMN03436542","Boxer","Boxer","Boxer"
"i_BF76","Boxer","Pass QC","GLM","SRR10351726","Boxer","Boxer","Boxer"
"CCB040007","Unknown/Missing","Pass QC","UCL","SAMN03436565","Boxer","Boxer","Boxer"
"CCB050194","Unknown/Missing","Pass QC","UCL","SAMN03436865","Boxer","Boxer","Boxer"
"CCB020030","Boxer","Pass QC","TCL","SAMN03436531","Boxer","Boxer","Boxer"
"CCB030166","Boxer","Pass QC","TCL","SAMN03436525","Boxer","Boxer","Boxer"
"CCB060027","Boxer","Pass QC","TCL","SAMN03436518","Boxer","Boxer","Boxer"
"i_1165","Boxer","Pass QC","GLM","SRR10351577","Boxer","Boxer","Boxer"
"CCB080023","Unknown/Missing","Pass QC","UCL","SAMN03436939","Boxer","Boxer","Boxer"
"i_03A6","Boxer","Pass QC","GLM","SRR10351810","Boxer","Boxer","Boxer"
"i_3688","Boxer","Pass QC","GLM","SRR10351558","Boxer","Boxer","Boxer"
"CCB040184","Unknown/Missing","Pass QC","UCL","SAMN03436665","Boxer","Boxer","Boxer"
"i_05CA","Boxer","Pass QC","GLM","SRR10351583","Boxer","Boxer","Boxer"
"CCB050204","Unknown/Missing","Pass QC","UCL","SAMN03436602","Boxer","Boxer","Boxer"
"CCB010174","Unknown/Missing","Pass QC","UCL","SAMN03436719","Boxer","Boxer","Boxer"
"i_92AC","Boxer","Pass QC","GLM","SRR10351755","Boxer","Boxer","Boxer"
"CCB060032","Boxer","Pass QC","TCL","SAMN03436543","Boxer","Boxer","Boxer"
"i_6638","Boxer","Pass QC","GLM","SRR10351777","Boxer","Boxer","Boxer"
"SopCas","Boxer","Pass QC","TCL","SAMN03436511","Boxer","Boxer","Boxer"
"CCB050063","Unknown/Missing","Pass QC","UCL","SAMN03436713","Boxer","Boxer","Boxer"
"SteHel","Boxer","Pass QC","TCL","SAMN03436807","Boxer","Boxer","Boxer"
"CasLea","Boxer","Pass QC","TCL","SAMN03436847","Boxer","Boxer","Boxer"
"i_E2CD","Boxer","Pass QC","GLM","SRR10351705","Boxer","Boxer","Boxer"
"CCB030212","Boxer","Pass QC","TCL","SAMN03436852","Boxer","Boxer","Boxer"
"i_D026","Boxer","Pass QC","GLM","SRR10351718","Boxer","Boxer","Boxer"
"i_4BAC","Boxer","Pass QC","GLM","SRR10351796","Boxer","Boxer","Boxer"
"MurVoe","Boxer","Pass QC","TCL","SAMN03436832","Boxer","Boxer","Boxer"
"CCB030292","Boxer","Pass QC","TCL","SAMN03436607","Boxer","Boxer","Boxer"
"i_D756","Boxer","Pass QC","GLM","SRR10351714","Boxer","Boxer","Boxer"
"CCB010028","Boxer","Pass QC","TCL","SAMN03436471","Boxer","Boxer","Boxer"
"CCB070131","Cocker Spaniel","Pass QC","BCL","SAMN03436280","Cocker Spaniel","Cocker Spaniel","Cocker Spaniel"
"CCB070289","Cocker Spaniel","Pass QC","BCL","SAMN03436931","Cocker Spaniel","Cocker Spaniel","Cocker Spaniel"
"CCB010054","Cocker Spaniel","Pass QC","BCL","SAMN03436773","Cocker Spaniel","Cocker Spaniel","Cocker Spaniel"
"CCB030293","Unknown/Missing","Pass QC","UCL","SAMN03436784","Cocker Spaniel","Cocker Spaniel","Cocker Spaniel"
"CCB040180","Cocker Spaniel","Pass QC","BCL","SAMN03436455","Cocker Spaniel","Cocker Spaniel","Cocker Spaniel"
"CCB010099","Cocker Spaniel","Pass QC","BCL","SAMN03436732","Cocker Spaniel","Cocker Spaniel","Cocker Spaniel"
"DD0054","Unknown/Missing","Pass QC","OM","ERR1681446-ERR1681491","Cocker Spaniel","Cocker Spaniel","Cocker Spaniel"
"DD0047","Unknown/Missing","Pass QC","OM","ERR1672133-ERR1672220","Cocker Spaniel","Cocker Spaniel","Cocker Spaniel"
"CCB060086","Unknown/Missing","Pass QC","UCL","SAMN03436517","Cocker Spaniel","Cocker Spaniel","Cocker Spaniel"
"CCB070124","Cocker Spaniel","Pass QC","BCL","SAMN03436538","Cocker Spaniel","Cocker Spaniel","Cocker Spaniel"
"CCB070086","Cocker Spaniel","Pass QC","BCL","SAMN03436536","Cocker Spaniel","Cocker Spaniel","Cocker Spaniel"
"CCB060088","Unknown/Missing","Pass QC","UCL","SAMN03436230","Cocker Spaniel","Cocker Spaniel","Cocker Spaniel"
"CMT-630","Cocker Spaniel","Pass QC","MT","SRR7780869","Cocker Spaniel","Cocker Spaniel","Cocker Spaniel"
"CMT-459","Cocker Spaniel","Pass QC","MT","SRR7781003","Cocker Spaniel","Cocker Spaniel","Cocker Spaniel"
"CMT-100","Cocker Spaniel","Pass QC","MT","SRR7780976","Cocker Spaniel","Cocker Spaniel","Cocker Spaniel"
"DD0242","Unknown/Missing","Pass QC","UC","ERR10505660-ERR10505696-ERR10505732-ERR10505768","Cocker Spaniel","Cocker Spaniel","Cocker Spaniel"
"CCB020062","Unknown/Missing","Pass QC","UCL","SAMN03436812","Cocker Spaniel","Cocker Spaniel","Cocker Spaniel"
"CMT-586","Cocker Spaniel","Pass QC","MT","SRR7780965","Cocker Spaniel","Cocker Spaniel","Cocker Spaniel"
"CMT-737","Cocker Spaniel","Pass QC","MT","SRR7780898","Cocker Spaniel","Cocker Spaniel","Cocker Spaniel"
"DD0007","Unknown/Missing","Pass QC","OM","ERR2396468-ERR2496954","Cocker Spaniel","Cocker Spaniel","Cocker Spaniel"
"DD0050","Unknown/Missing","Pass QC","OM","ERR1672137-ERR1672224","Cocker Spaniel","Cocker Spaniel","Cocker Spaniel"
"CCB030193","Cocker Spaniel","Pass QC","BCL","SAMN03436273","Cocker Spaniel","Cocker Spaniel","Cocker Spaniel"
"CMT-283","Cocker Spaniel","Pass QC","MT","SRR7780814","Cocker Spaniel","Cocker Spaniel","Cocker Spaniel"
"CMT-471","Cocker Spaniel","Pass QC","MT","SRR7781009","Cocker Spaniel","Cocker Spaniel","Cocker Spaniel"
"DD0073","Unknown/Missing","Pass QC","OM","ERR1672179-ERR1672266","Cocker Spaniel","Unknown/Missing","Cocker Spaniel"
"CMT-436","Cocker Spaniel","Pass QC","MT","SRR7780794","Cocker Spaniel","Cocker Spaniel","Cocker Spaniel"
"CMT-78","Cocker Spaniel","Pass QC","MT","SRR7780876","Cocker Spaniel","Cocker Spaniel","Cocker Spaniel"
"CCB060135","Cocker Spaniel","Pass QC","BCL","SAMN03436476","Cocker Spaniel","Cocker Spaniel","Cocker Spaniel"
"CMT-603","Unknown/Missing","Pass QC","MT","SRR7780970","Cocker Spaniel","Unknown/Missing","Cocker Spaniel"
"4117","Cocker Spaniel","Pass QC","BCL","SRR13571659","Cocker Spaniel","Other","Cocker Spaniel"
